label, NpcLabel, BidItemLabel, BidRank, BidItemNum, DesiredFreeCategory, DesiredItemCategory, DesiredItemLabel, OnlyOnce, Save, SortIndex
BID_001, TRADE_NPC_W07, SOZAI_SPIRIT_STONE, -1, 1, _NOT_SPECIFIED_, EquipItem, _NOT_SPECIFIED_, False, False, 1001
BID_002, TRADE_NPC_W07, SOZAI_SPIRIT_STONE, -1, 1, _NOT_SPECIFIED_, Material, _NOT_SPECIFIED_, False, False, 1002
BID_003, TRADE_NPC_W07, SOZAI_SPIRIT_STONE, 999, 1, _NOT_SPECIFIED_, Material, _NOT_SPECIFIED_, False, False, 1003
BID_004, TRADE_NPC_W07, SOZAI_SPIRIT_STONE, 2, 2, _NOT_SPECIFIED_, Material, _NOT_SPECIFIED_, False, False, 1004
BID_005, TRADE_NPC_W07, SOZAI_SPIRIT_STONE, 3, 3, _NOT_SPECIFIED_, Material, _NOT_SPECIFIED_, False, False, 1005
BID_006, TRADE_NPC_W07, SOZAI_SPIRIT_STONE, 4, 6, _NOT_SPECIFIED_, Material, _NOT_SPECIFIED_, False, False, 1006
BID_007, TRADE_NPC_W07, SOZAI_SPIRIT_STONE, 5, 10, _NOT_SPECIFIED_, Material, _NOT_SPECIFIED_, False, False, 1007
BID_008, TRADE_NPC_W07, SOZAI_SPIRIT_STONE, 6, 30, _NOT_SPECIFIED_, Material, _NOT_SPECIFIED_, False, False, 1008
BID_009, TRADE_NPC_W17, SOZAI_SPIRIT_STONE, 1, 3, _NOT_SPECIFIED_, EquipItem, _NOT_SPECIFIED_, False, False, 1009
BID_010, TRADE_NPC_W17, SOZAI_SPIRIT_STONE, 2, 5, _NOT_SPECIFIED_, EquipItem, _NOT_SPECIFIED_, False, False, 1010
BID_011, TRADE_NPC_W17, SOZAI_SPIRIT_STONE, 3, 10, _NOT_SPECIFIED_, EquipItem, _NOT_SPECIFIED_, False, False, 1011
BID_012, TRADE_NPC_W17, SOZAI_SPIRIT_STONE, 4, 20, _NOT_SPECIFIED_, EquipItem, _NOT_SPECIFIED_, False, False, 1012
BID_013, TRADE_NPC_W17, SOZAI_SPIRIT_STONE, 5, 30, _NOT_SPECIFIED_, EquipItem, _NOT_SPECIFIED_, False, False, 1013
BID_014, TRADE_NPC_W17, SOZAI_SPIRIT_STONE, 6, 50, _NOT_SPECIFIED_, EquipItem, _NOT_SPECIFIED_, False, False, 1014
BID_015, TRADE_NPC_W07, SOZAI_FE_MOKU, 2, 1, FE, _NOT_SPECIFIED_, _NOT_SPECIFIED_, False, False, 1015
BID_016, TRADE_NPC_W07, SOZAI_FE_KA, 2, 1, FE, _NOT_SPECIFIED_, _NOT_SPECIFIED_, False, False, 1016
BID_017, TRADE_NPC_W07, SOZAI_FE_DO, 2, 1, FE, _NOT_SPECIFIED_, _NOT_SPECIFIED_, False, False, 1017
BID_018, TRADE_NPC_W02, SOZAI_FE_KIN, 2, 1, FE, _NOT_SPECIFIED_, _NOT_SPECIFIED_, False, False, 1018
BID_019, TRADE_NPC_W07, SOZAI_FE_SUI, 2, 1, FE, _NOT_SPECIFIED_, _NOT_SPECIFIED_, False, False, 1019
BID_020, TRADE_NPC_W07, SOZAI_FE_MOKU, 3, 3, FE, _NOT_SPECIFIED_, _NOT_SPECIFIED_, False, False, 1020
BID_021, TRADE_NPC_W07, SOZAI_FE_KA, 3, 3, FE, _NOT_SPECIFIED_, _NOT_SPECIFIED_, False, False, 1021
BID_022, TRADE_NPC_W07, SOZAI_FE_DO, 3, 3, FE, _NOT_SPECIFIED_, _NOT_SPECIFIED_, False, False, 1022
BID_023, TRADE_NPC_W02, SOZAI_FE_KIN, 3, 3, FE, _NOT_SPECIFIED_, _NOT_SPECIFIED_, False, False, 1023
BID_024, TRADE_NPC_W07, SOZAI_FE_SUI, 3, 3, FE, _NOT_SPECIFIED_, _NOT_SPECIFIED_, False, False, 1024
BID_025, TRADE_NPC_W07, SOZAI_FE_MOKU, 4, 10, FE, _NOT_SPECIFIED_, _NOT_SPECIFIED_, False, False, 1025
BID_026, TRADE_NPC_W07, SOZAI_FE_KA, 4, 10, FE, _NOT_SPECIFIED_, _NOT_SPECIFIED_, False, False, 1026
BID_027, TRADE_NPC_W07, SOZAI_FE_DO, 4, 10, FE, _NOT_SPECIFIED_, _NOT_SPECIFIED_, False, False, 1027
BID_028, TRADE_NPC_W02, SOZAI_FE_KIN, 4, 10, FE, _NOT_SPECIFIED_, _NOT_SPECIFIED_, False, False, 1028
BID_029, TRADE_NPC_W07, SOZAI_FE_SUI, 4, 10, FE, _NOT_SPECIFIED_, _NOT_SPECIFIED_, False, False, 1029
BID_030, TRADE_NPC_W07, SOZAI_FE_MOKU, 4, 13, FE, _NOT_SPECIFIED_, _NOT_SPECIFIED_, False, False, 1030
BID_031, TRADE_NPC_W07, SOZAI_FE_KA, 4, 13, FE, _NOT_SPECIFIED_, _NOT_SPECIFIED_, False, False, 1031
BID_032, TRADE_NPC_W07, SOZAI_FE_DO, 4, 13, FE, _NOT_SPECIFIED_, _NOT_SPECIFIED_, False, False, 1032
BID_033, TRADE_NPC_W02, SOZAI_FE_KIN, 4, 13, FE, _NOT_SPECIFIED_, _NOT_SPECIFIED_, False, False, 1033
BID_034, TRADE_NPC_W07, SOZAI_FE_SUI, 4, 13, FE, _NOT_SPECIFIED_, _NOT_SPECIFIED_, False, False, 1034
BID_035, TRADE_NPC_W07, SOZAI_FE_MOKU, 4, 15, _NOT_SPECIFIED_, _NOT_SPECIFIED_, SOZAI_FE_KA, False, False, 1035
BID_036, TRADE_NPC_W07, SOZAI_FE_DO, 4, 15, _NOT_SPECIFIED_, _NOT_SPECIFIED_, SOZAI_FE_KA, False, False, 1036
BID_037, TRADE_NPC_W02, SOZAI_FE_KIN, 4, 15, _NOT_SPECIFIED_, _NOT_SPECIFIED_, SOZAI_FE_KA, False, False, 1037
BID_038, TRADE_NPC_W07, SOZAI_FE_SUI, 4, 15, _NOT_SPECIFIED_, _NOT_SPECIFIED_, SOZAI_FE_KA, False, False, 1038
BID_039, TRADE_NPC_W07, SOZAI_FE_MOKU, 5, 50, FE, _NOT_SPECIFIED_, _NOT_SPECIFIED_, False, False, 1039
BID_040, TRADE_NPC_W07, SOZAI_FE_KA, 5, 50, FE, _NOT_SPECIFIED_, _NOT_SPECIFIED_, False, False, 1040
BID_041, TRADE_NPC_W07, SOZAI_FE_DO, 5, 50, FE, _NOT_SPECIFIED_, _NOT_SPECIFIED_, False, False, 1041
BID_042, TRADE_NPC_W02, SOZAI_FE_KIN, 5, 50, FE, _NOT_SPECIFIED_, _NOT_SPECIFIED_, False, False, 1042
BID_043, TRADE_NPC_W07, SOZAI_FE_SUI, 5, 50, FE, _NOT_SPECIFIED_, _NOT_SPECIFIED_, False, False, 1043
BID_044, TRADE_NPC_W07, SOZAI_FE_MOKU, 6, 200, FE, _NOT_SPECIFIED_, _NOT_SPECIFIED_, False, False, 1044
BID_045, TRADE_NPC_W07, SOZAI_FE_KA, 6, 200, FE, _NOT_SPECIFIED_, _NOT_SPECIFIED_, False, False, 1045
BID_046, TRADE_NPC_W07, SOZAI_FE_DO, 6, 200, FE, _NOT_SPECIFIED_, _NOT_SPECIFIED_, False, False, 1046
BID_047, TRADE_NPC_W02, SOZAI_FE_KIN, 6, 200, FE, _NOT_SPECIFIED_, _NOT_SPECIFIED_, False, False, 1047
BID_048, TRADE_NPC_W07, SOZAI_FE_SUI, 6, 200, FE, _NOT_SPECIFIED_, _NOT_SPECIFIED_, False, False, 1048
BID_049, TRADE_NPC_W17, SOZAI_IRON_ORE, 4, 1, _NOT_SPECIFIED_, EquipItem, _NOT_SPECIFIED_, False, False, 1049
BID_050, TRADE_NPC_W17, SOZAI_MAGIC_STONE, 6, 1, _NOT_SPECIFIED_, EquipItem, _NOT_SPECIFIED_, False, False, 1050
BID_051, TRADE_NPC_W17, SOZAI_OBSIDIAN, 8, 1, _NOT_SPECIFIED_, EquipItem, _NOT_SPECIFIED_, False, False, 1051
BID_052, TRADE_NPC_W02, SOZAI_NATIVE_SILVER, 5, 1, _NOT_SPECIFIED_, EquipItem, _NOT_SPECIFIED_, False, False, 1052
BID_053, TRADE_NPC_W17, SOZAI_METEORITE, 999, 1, _NOT_SPECIFIED_, EquipItem, _NOT_SPECIFIED_, False, False, 1053
BID_054, TRADE_NPC_W17, SOZAI_SUPERALLOY, 999, 1, _NOT_SPECIFIED_, EquipItem, _NOT_SPECIFIED_, False, False, 1054
BID_055, TRADE_NPC_W17, SOZAI_IRON_ORE, 4, 1, _NOT_SPECIFIED_, Material, _NOT_SPECIFIED_, False, False, 1055
BID_056, TRADE_NPC_W17, SOZAI_MAGIC_STONE, 6, 1, _NOT_SPECIFIED_, Material, _NOT_SPECIFIED_, False, False, 1056
BID_057, TRADE_NPC_W17, SOZAI_OBSIDIAN, 8, 1, _NOT_SPECIFIED_, Material, _NOT_SPECIFIED_, False, False, 1057
BID_058, TRADE_NPC_W02, SOZAI_NATIVE_SILVER, 5, 1, _NOT_SPECIFIED_, Material, _NOT_SPECIFIED_, False, False, 1058
BID_059, TRADE_NPC_W13, SOZAI_METEORITE, 999, 1, _NOT_SPECIFIED_, Material, _NOT_SPECIFIED_, False, False, 1059
BID_060, TRADE_NPC_W10, SOZAI_SUPERALLOY, 999, 1, _NOT_SPECIFIED_, Material, _NOT_SPECIFIED_, False, False, 1060
BID_061, TRADE_NPC_W19, SOZAI_FUR, 2, 1, _NOT_SPECIFIED_, Material, _NOT_SPECIFIED_, False, False, 1061
BID_062, TRADE_NPC_W19, SOZAI_INSECT_SHELL, 2, 1, _NOT_SPECIFIED_, Material, _NOT_SPECIFIED_, False, False, 1062
BID_063, TRADE_NPC_W08, SOZAI_BEAST_BONE, 2, 1, _NOT_SPECIFIED_, Material, _NOT_SPECIFIED_, False, False, 1063
BID_064, TRADE_NPC_W13, SOZAI_BEAST_FANG, 2, 1, _NOT_SPECIFIED_, Material, _NOT_SPECIFIED_, False, False, 1064
BID_065, TRADE_NPC_W15, SOZAI_BEAST_CLAW, 2, 1, _NOT_SPECIFIED_, Material, _NOT_SPECIFIED_, False, False, 1065
BID_066, TRADE_NPC_W11, SOZAI_FIBER, 2, 1, _NOT_SPECIFIED_, Material, _NOT_SPECIFIED_, False, False, 1066
BID_067, TRADE_NPC_W11, SOZAI_SCRUB, 2, 1, _NOT_SPECIFIED_, Material, _NOT_SPECIFIED_, False, False, 1067
BID_068, TRADE_NPC_W19, SOZAI_SNAKESKIN, 2, 1, _NOT_SPECIFIED_, Material, _NOT_SPECIFIED_, False, False, 1068
BID_069, TRADE_NPC_W04, SOZAI_FEATHER, 2, 1, _NOT_SPECIFIED_, Material, _NOT_SPECIFIED_, False, False, 1069
BID_070, TRADE_NPC_W04, SOZAI_ALURA, 2, 1, _NOT_SPECIFIED_, Material, _NOT_SPECIFIED_, False, False, 1070
BID_071, TRADE_NPC_W08, SOZAI_SCREAM_ROOT, 2, 1, _NOT_SPECIFIED_, Material, _NOT_SPECIFIED_, False, False, 1071
BID_072, TRADE_NPC_W19, SOZAI_FUR, 3, 3, _NOT_SPECIFIED_, Material, _NOT_SPECIFIED_, False, False, 1072
BID_073, TRADE_NPC_W19, SOZAI_INSECT_SHELL, 3, 3, _NOT_SPECIFIED_, Material, _NOT_SPECIFIED_, False, False, 1073
BID_074, TRADE_NPC_W08, SOZAI_BEAST_BONE, 3, 3, _NOT_SPECIFIED_, Material, _NOT_SPECIFIED_, False, False, 1074
BID_075, TRADE_NPC_W13, SOZAI_BEAST_FANG, 3, 3, _NOT_SPECIFIED_, Material, _NOT_SPECIFIED_, False, False, 1075
BID_076, TRADE_NPC_W15, SOZAI_BEAST_CLAW, 3, 3, _NOT_SPECIFIED_, Material, _NOT_SPECIFIED_, False, False, 1076
BID_077, TRADE_NPC_W11, SOZAI_FIBER, 3, 3, _NOT_SPECIFIED_, Material, _NOT_SPECIFIED_, False, False, 1077
BID_078, TRADE_NPC_W11, SOZAI_SCRUB, 3, 3, _NOT_SPECIFIED_, Material, _NOT_SPECIFIED_, False, False, 1078
BID_079, TRADE_NPC_W19, SOZAI_SNAKESKIN, 3, 2, _NOT_SPECIFIED_, Material, _NOT_SPECIFIED_, False, False, 1079
BID_080, TRADE_NPC_W04, SOZAI_FEATHER, 3, 2, _NOT_SPECIFIED_, Material, _NOT_SPECIFIED_, False, False, 1080
BID_081, TRADE_NPC_W04, SOZAI_ALURA, 3, 2, _NOT_SPECIFIED_, Material, _NOT_SPECIFIED_, False, False, 1081
BID_082, TRADE_NPC_W08, SOZAI_SCREAM_ROOT, 3, 2, _NOT_SPECIFIED_, Material, _NOT_SPECIFIED_, False, False, 1082
BID_083, TRADE_NPC_W19, SOZAI_FUR, 4, 3, _NOT_SPECIFIED_, Material, _NOT_SPECIFIED_, False, False, 1083
BID_084, TRADE_NPC_W19, SOZAI_INSECT_SHELL, 4, 10, _NOT_SPECIFIED_, Material, _NOT_SPECIFIED_, False, False, 1084
BID_085, TRADE_NPC_W08, SOZAI_BEAST_BONE, 4, 10, _NOT_SPECIFIED_, Material, _NOT_SPECIFIED_, False, False, 1085
BID_086, TRADE_NPC_W13, SOZAI_BEAST_FANG, 4, 10, _NOT_SPECIFIED_, Material, _NOT_SPECIFIED_, False, False, 1086
BID_087, TRADE_NPC_W15, SOZAI_BEAST_CLAW, 4, 10, _NOT_SPECIFIED_, Material, _NOT_SPECIFIED_, False, False, 1087
BID_088, TRADE_NPC_W11, SOZAI_FIBER, 4, 10, _NOT_SPECIFIED_, Material, _NOT_SPECIFIED_, False, False, 1088
BID_089, TRADE_NPC_W11, SOZAI_SCRUB, 4, 10, _NOT_SPECIFIED_, Material, _NOT_SPECIFIED_, False, False, 1089
BID_090, TRADE_NPC_W19, SOZAI_SNAKESKIN, 4, 8, _NOT_SPECIFIED_, Material, _NOT_SPECIFIED_, False, False, 1090
BID_091, TRADE_NPC_W04, SOZAI_FEATHER, 4, 8, _NOT_SPECIFIED_, Material, _NOT_SPECIFIED_, False, False, 1091
BID_092, TRADE_NPC_W04, SOZAI_ALURA, 4, 8, _NOT_SPECIFIED_, Material, _NOT_SPECIFIED_, False, False, 1092
BID_093, TRADE_NPC_W08, SOZAI_SCREAM_ROOT, 4, 8, _NOT_SPECIFIED_, Material, _NOT_SPECIFIED_, False, False, 1093
BID_094, TRADE_NPC_W06, SOZAI_GELATIN, 3, 1, _NOT_SPECIFIED_, Material, _NOT_SPECIFIED_, False, False, 1094
BID_095, TRADE_NPC_W11, SOZAI_LIGULATE_FLOWER, 3, 1, _NOT_SPECIFIED_, Material, _NOT_SPECIFIED_, False, False, 1095
BID_096, TRADE_NPC_W06, SOZAI_GELATIN, 4, 2, _NOT_SPECIFIED_, Material, _NOT_SPECIFIED_, False, False, 1096
BID_097, TRADE_NPC_W11, SOZAI_LIGULATE_FLOWER, 4, 2, _NOT_SPECIFIED_, Material, _NOT_SPECIFIED_, False, False, 1097
BID_098, TRADE_NPC_W11, SOZAI_HINOKI, 4, 1, _NOT_SPECIFIED_, Material, _NOT_SPECIFIED_, False, False, 1098
BID_099, TRADE_NPC_W11, SOZAI_COCONUT, 4, 1, _NOT_SPECIFIED_, Material, _NOT_SPECIFIED_, False, False, 1099
BID_100, TRADE_NPC_W11, SOZAI_HINOKI, 5, 2, _NOT_SPECIFIED_, Material, _NOT_SPECIFIED_, False, False, 1100
BID_101, TRADE_NPC_W11, SOZAI_COCONUT, 5, 2, _NOT_SPECIFIED_, Material, _NOT_SPECIFIED_, False, False, 1101
BID_102, TRADE_NPC_W19, SOZAI_MAGICAL_BEAST_FUR, 5, 1, _NOT_SPECIFIED_, Material, _NOT_SPECIFIED_, False, False, 1102
BID_103, TRADE_NPC_W08, SOZAI_MAGICAL_BEAST_BONE, 5, 1, _NOT_SPECIFIED_, Material, _NOT_SPECIFIED_, False, False, 1103
BID_104, TRADE_NPC_W13, SOZAI_MAGICAL_BEAST_FANG, 5, 1, _NOT_SPECIFIED_, Material, _NOT_SPECIFIED_, False, False, 1104
BID_105, TRADE_NPC_W15, SOZAI_MAGICAL_BEAST_CLAW, 5, 1, _NOT_SPECIFIED_, Material, _NOT_SPECIFIED_, False, False, 1105
BID_106, TRADE_NPC_W02, SOZAI_MAGICAL_BEAST_FUR, 5, 1, _NOT_SPECIFIED_, EquipItem, _NOT_SPECIFIED_, False, False, 1106
BID_107, TRADE_NPC_W04, SOZAI_MAGICAL_BEAST_BONE, 5, 1, _NOT_SPECIFIED_, EquipItem, _NOT_SPECIFIED_, False, False, 1107
BID_108, TRADE_NPC_W13, SOZAI_MAGICAL_BEAST_FANG, 5, 1, _NOT_SPECIFIED_, EquipItem, _NOT_SPECIFIED_, False, False, 1108
BID_109, TRADE_NPC_W15, SOZAI_MAGICAL_BEAST_CLAW, 5, 1, _NOT_SPECIFIED_, EquipItem, _NOT_SPECIFIED_, False, False, 1109
BID_110, TRADE_NPC_W11, SOZAI_OAK, 6, 1, _NOT_SPECIFIED_, Material, _NOT_SPECIFIED_, False, False, 1110
BID_111, TRADE_NPC_W11, SOZAI_OAK, 7, 2, _NOT_SPECIFIED_, Material, _NOT_SPECIFIED_, False, False, 1111
BID_112, TRADE_NPC_W11, SOZAI_DISK_FLOWER, 7, 1, _NOT_SPECIFIED_, Material, _NOT_SPECIFIED_, False, False, 1112
BID_113, TRADE_NPC_W19, SOZAI_BIG_BEAST_FUR, 8, 1, _NOT_SPECIFIED_, Material, _NOT_SPECIFIED_, False, False, 1113
BID_114, TRADE_NPC_W08, SOZAI_BIG_BEAST_BONE, 8, 1, _NOT_SPECIFIED_, Material, _NOT_SPECIFIED_, False, False, 1114
BID_115, TRADE_NPC_W13, SOZAI_BIG_BEAST_FANG, 8, 1, _NOT_SPECIFIED_, Material, _NOT_SPECIFIED_, False, False, 1115
BID_116, TRADE_NPC_W15, SOZAI_BIG_BEAST_CLAW, 8, 1, _NOT_SPECIFIED_, Material, _NOT_SPECIFIED_, False, False, 1116
BID_117, TRADE_NPC_W19, SOZAI_BIG_BEAST_FUR, 9, 2, _NOT_SPECIFIED_, Material, _NOT_SPECIFIED_, False, False, 1117
BID_118, TRADE_NPC_W08, SOZAI_BIG_BEAST_BONE, 9, 2, _NOT_SPECIFIED_, Material, _NOT_SPECIFIED_, False, False, 1118
BID_119, TRADE_NPC_W13, SOZAI_BIG_BEAST_FANG, 9, 2, _NOT_SPECIFIED_, Material, _NOT_SPECIFIED_, False, False, 1119
BID_120, TRADE_NPC_W15, SOZAI_BIG_BEAST_CLAW, 9, 2, _NOT_SPECIFIED_, Material, _NOT_SPECIFIED_, False, False, 1120
BID_121, TRADE_NPC_W12, WLLSW01_A, 3, 1, _NOT_SPECIFIED_, EquipItem, _NOT_SPECIFIED_, False, False, 1121
BID_122, TRADE_NPC_W12, WLLSW01_B, 4, 1, _NOT_SPECIFIED_, EquipItem, _NOT_SPECIFIED_, False, False, 1122
BID_123, TRADE_NPC_W12, WLLSW04_A, 5, 1, _NOT_SPECIFIED_, EquipItem, _NOT_SPECIFIED_, False, False, 1123
BID_124, TRADE_NPC_W12, WLLSW04_B, 6, 1, _NOT_SPECIFIED_, EquipItem, _NOT_SPECIFIED_, False, False, 1124
BID_125, TRADE_NPC_W12, WLLSW04_C, 7, 1, _NOT_SPECIFIED_, EquipItem, _NOT_SPECIFIED_, False, False, 1125
BID_126, TRADE_NPC_W12, WLLSW04_D, 8, 1, _NOT_SPECIFIED_, EquipItem, _NOT_SPECIFIED_, False, False, 1126
BID_127, TRADE_NPC_W12, WLRAP01_A, 3, 1, _NOT_SPECIFIED_, EquipItem, _NOT_SPECIFIED_, False, False, 1127
BID_128, TRADE_NPC_W12, WLRAP01_B, 4, 1, _NOT_SPECIFIED_, EquipItem, _NOT_SPECIFIED_, False, False, 1128
BID_129, TRADE_NPC_W12, WLRAP02_A, 5, 1, _NOT_SPECIFIED_, EquipItem, _NOT_SPECIFIED_, False, False, 1129
BID_130, TRADE_NPC_W12, WLRAP02_B, 6, 1, _NOT_SPECIFIED_, EquipItem, _NOT_SPECIFIED_, False, False, 1130
BID_131, TRADE_NPC_W12, WLRAP02_C, 7, 1, _NOT_SPECIFIED_, EquipItem, _NOT_SPECIFIED_, False, False, 1131
BID_132, TRADE_NPC_W12, WLRAP02_D, 8, 1, _NOT_SPECIFIED_, EquipItem, _NOT_SPECIFIED_, False, False, 1132
BID_133, TRADE_NPC_W12, WLDAG01_A, 3, 1, _NOT_SPECIFIED_, EquipItem, _NOT_SPECIFIED_, False, False, 1133
BID_134, TRADE_NPC_W12, WLDAG01_B, 4, 1, _NOT_SPECIFIED_, EquipItem, _NOT_SPECIFIED_, False, False, 1134
BID_135, TRADE_NPC_W10, WLDAG03_A, 5, 1, _NOT_SPECIFIED_, EquipItem, _NOT_SPECIFIED_, False, False, 1135
BID_136, TRADE_NPC_W10, WLDAG03_B, 6, 1, _NOT_SPECIFIED_, EquipItem, _NOT_SPECIFIED_, False, False, 1136
BID_137, TRADE_NPC_W10, WLDAG03_C, 7, 1, _NOT_SPECIFIED_, EquipItem, _NOT_SPECIFIED_, False, False, 1137
BID_138, TRADE_NPC_W10, WLDAG03_D, 8, 1, _NOT_SPECIFIED_, EquipItem, _NOT_SPECIFIED_, False, False, 1138
BID_139, TRADE_NPC_W08, WLAXE_OLD_01, 999, 1, _NOT_SPECIFIED_, Material, _NOT_SPECIFIED_, False, False, 1139
BID_140, TRADE_NPC_W12, WLAXE01_A, 3, 1, _NOT_SPECIFIED_, EquipItem, _NOT_SPECIFIED_, False, False, 1140
BID_141, TRADE_NPC_W12, WLAXE01_B, 4, 1, _NOT_SPECIFIED_, EquipItem, _NOT_SPECIFIED_, False, False, 1141
BID_142, TRADE_NPC_W12, WLAXE06_A, 5, 1, _NOT_SPECIFIED_, EquipItem, _NOT_SPECIFIED_, False, False, 1142
BID_143, TRADE_NPC_W12, WLAXE06_B, 6, 1, _NOT_SPECIFIED_, EquipItem, _NOT_SPECIFIED_, False, False, 1143
BID_144, TRADE_NPC_W12, WLAXE06_C, 7, 1, _NOT_SPECIFIED_, EquipItem, _NOT_SPECIFIED_, False, False, 1144
BID_145, TRADE_NPC_W12, WLAXE06_D, 8, 1, _NOT_SPECIFIED_, EquipItem, _NOT_SPECIFIED_, False, False, 1145
BID_146, TRADE_NPC_W08, WHGSW_OLD_01, 999, 1, _NOT_SPECIFIED_, Material, _NOT_SPECIFIED_, False, False, 1146
BID_147, TRADE_NPC_W12, WHGSW01_A, 3, 1, _NOT_SPECIFIED_, EquipItem, _NOT_SPECIFIED_, False, False, 1147
BID_148, TRADE_NPC_W12, WHGSW01_B, 4, 1, _NOT_SPECIFIED_, EquipItem, _NOT_SPECIFIED_, False, False, 1148
BID_149, TRADE_NPC_W12, WHGSW04_A, 5, 1, _NOT_SPECIFIED_, EquipItem, _NOT_SPECIFIED_, False, False, 1149
BID_150, TRADE_NPC_W12, WHGSW04_B, 6, 1, _NOT_SPECIFIED_, EquipItem, _NOT_SPECIFIED_, False, False, 1150
BID_151, TRADE_NPC_W12, WHGSW04_C, 7, 1, _NOT_SPECIFIED_, EquipItem, _NOT_SPECIFIED_, False, False, 1151
BID_152, TRADE_NPC_W12, WHGSW04_D, 8, 1, _NOT_SPECIFIED_, EquipItem, _NOT_SPECIFIED_, False, False, 1152
BID_153, TRADE_NPC_W01, WHSSW01_A, 3, 1, _NOT_SPECIFIED_, EquipItem, _NOT_SPECIFIED_, False, False, 1153
BID_154, TRADE_NPC_W01, WHSSW01_B, 4, 1, _NOT_SPECIFIED_, EquipItem, _NOT_SPECIFIED_, False, False, 1154
BID_155, TRADE_NPC_W01, WHSSW03_A, 5, 1, _NOT_SPECIFIED_, EquipItem, _NOT_SPECIFIED_, False, False, 1155
BID_156, TRADE_NPC_W01, WHSSW03_B, 6, 1, _NOT_SPECIFIED_, EquipItem, _NOT_SPECIFIED_, False, False, 1156
BID_157, TRADE_NPC_W01, WHSSW03_C, 7, 1, _NOT_SPECIFIED_, EquipItem, _NOT_SPECIFIED_, False, False, 1157
BID_158, TRADE_NPC_W01, WHSSW03_D, 8, 1, _NOT_SPECIFIED_, EquipItem, _NOT_SPECIFIED_, False, False, 1158
BID_159, TRADE_NPC_W01, WHPSW01_A, 3, 1, _NOT_SPECIFIED_, EquipItem, _NOT_SPECIFIED_, False, False, 1159
BID_160, TRADE_NPC_W01, WHPSW01_B, 4, 1, _NOT_SPECIFIED_, EquipItem, _NOT_SPECIFIED_, False, False, 1160
BID_161, TRADE_NPC_W01, WHPSW02_A, 5, 1, _NOT_SPECIFIED_, EquipItem, _NOT_SPECIFIED_, False, False, 1161
BID_162, TRADE_NPC_W01, WHPSW02_B, 6, 1, _NOT_SPECIFIED_, EquipItem, _NOT_SPECIFIED_, False, False, 1162
BID_163, TRADE_NPC_W01, WHPSW02_C, 7, 1, _NOT_SPECIFIED_, EquipItem, _NOT_SPECIFIED_, False, False, 1163
BID_164, TRADE_NPC_W01, WHPSW02_D, 8, 1, _NOT_SPECIFIED_, EquipItem, _NOT_SPECIFIED_, False, False, 1164
BID_165, TRADE_NPC_W15, GLONE01_A, 3, 1, _NOT_SPECIFIED_, EquipItem, _NOT_SPECIFIED_, False, False, 1165
BID_166, TRADE_NPC_W15, GLONE01_B, 4, 1, _NOT_SPECIFIED_, EquipItem, _NOT_SPECIFIED_, False, False, 1166
BID_167, TRADE_NPC_W15, GLONE04_A, 3, 1, _NOT_SPECIFIED_, EquipItem, _NOT_SPECIFIED_, False, False, 1167
BID_168, TRADE_NPC_W15, GLONE04_B, 4, 1, _NOT_SPECIFIED_, EquipItem, _NOT_SPECIFIED_, False, False, 1168
BID_169, TRADE_NPC_W15, GLONE05_A, 5, 1, _NOT_SPECIFIED_, EquipItem, _NOT_SPECIFIED_, False, False, 1169
BID_170, TRADE_NPC_W15, GLONE05_B, 6, 1, _NOT_SPECIFIED_, EquipItem, _NOT_SPECIFIED_, False, False, 1170
BID_171, TRADE_NPC_W15, GLONE05_C, 7, 1, _NOT_SPECIFIED_, EquipItem, _NOT_SPECIFIED_, False, False, 1171
BID_172, TRADE_NPC_W15, GLONE05_D, 8, 1, _NOT_SPECIFIED_, EquipItem, _NOT_SPECIFIED_, False, False, 1172
BID_173, TRADE_NPC_W15, GHMAC01_A, 3, 1, _NOT_SPECIFIED_, EquipItem, _NOT_SPECIFIED_, False, False, 1173
BID_174, TRADE_NPC_W15, GHMAC01_B, 4, 1, _NOT_SPECIFIED_, EquipItem, _NOT_SPECIFIED_, False, False, 1174
BID_175, TRADE_NPC_W15, GHMAC02_A, 5, 1, _NOT_SPECIFIED_, EquipItem, _NOT_SPECIFIED_, False, False, 1175
BID_176, TRADE_NPC_W15, GHMAC02_B, 6, 1, _NOT_SPECIFIED_, EquipItem, _NOT_SPECIFIED_, False, False, 1176
BID_177, TRADE_NPC_W15, GHMAC02_C, 7, 1, _NOT_SPECIFIED_, EquipItem, _NOT_SPECIFIED_, False, False, 1177
BID_178, TRADE_NPC_W15, GHMAC02_D, 8, 1, _NOT_SPECIFIED_, EquipItem, _NOT_SPECIFIED_, False, False, 1178
BID_179, TRADE_NPC_W10, MANA01_A, 2, 1, _NOT_SPECIFIED_, EquipItem, _NOT_SPECIFIED_, False, False, 1179
BID_180, TRADE_NPC_W10, MANA02_A, 3, 1, _NOT_SPECIFIED_, EquipItem, _NOT_SPECIFIED_, False, False, 1180
BID_181, TRADE_NPC_W12, MANA06_A, 5, 1, _NOT_SPECIFIED_, EquipItem, _NOT_SPECIFIED_, False, False, 1181
BID_182, TRADE_NPC_W12, MANA07_A, 6, 1, _NOT_SPECIFIED_, EquipItem, _NOT_SPECIFIED_, False, False, 1182
BID_183, TRADE_NPC_W12, MANA08_A, 7, 1, _NOT_SPECIFIED_, EquipItem, _NOT_SPECIFIED_, False, False, 1183
BID_184, TRADE_NPC_W12, MANA09_A, 8, 1, _NOT_SPECIFIED_, EquipItem, _NOT_SPECIFIED_, False, False, 1184
BID_185, TRADE_NPC_W13, MANA_BONE01, 4, 1, _NOT_SPECIFIED_, EquipItem, _NOT_SPECIFIED_, False, False, 1185
BID_186, TRADE_NPC_W13, MANA_BONE02, 6, 1, _NOT_SPECIFIED_, EquipItem, _NOT_SPECIFIED_, False, False, 1186
BID_187, TRADE_NPC_W13, MANA_BONE03, 8, 1, _NOT_SPECIFIED_, EquipItem, _NOT_SPECIFIED_, False, False, 1187
BID_188, TRADE_NPC_W08, MANA_BEAST01, 4, 1, _NOT_SPECIFIED_, EquipItem, _NOT_SPECIFIED_, False, False, 1188
BID_189, TRADE_NPC_W08, MANA_BEAST02, 6, 1, _NOT_SPECIFIED_, EquipItem, _NOT_SPECIFIED_, False, False, 1189
BID_190, TRADE_NPC_W08, MANA_BEAST03, 8, 1, _NOT_SPECIFIED_, EquipItem, _NOT_SPECIFIED_, False, False, 1190
BID_191, TRADE_NPC_W08, MANA_SNAKE01, 4, 1, _NOT_SPECIFIED_, EquipItem, _NOT_SPECIFIED_, False, False, 1191
BID_192, TRADE_NPC_W08, MANA_SNAKE02, 6, 1, _NOT_SPECIFIED_, EquipItem, _NOT_SPECIFIED_, False, False, 1192
BID_193, TRADE_NPC_W12, MANA11_A, 3, 1, _NOT_SPECIFIED_, EquipItem, _NOT_SPECIFIED_, False, False, 1193
BID_194, TRADE_NPC_W12, MANA12_A, 4, 1, _NOT_SPECIFIED_, EquipItem, _NOT_SPECIFIED_, False, False, 1194
BID_195, TRADE_NPC_W15, MANA13_A, 5, 1, _NOT_SPECIFIED_, EquipItem, _NOT_SPECIFIED_, False, False, 1195
BID_196, TRADE_NPC_W15, MANA14_A, 6, 1, _NOT_SPECIFIED_, EquipItem, _NOT_SPECIFIED_, False, False, 1196
BID_197, TRADE_NPC_W15, MANA15_A, 7, 1, _NOT_SPECIFIED_, EquipItem, _NOT_SPECIFIED_, False, False, 1197
BID_198, TRADE_NPC_W15, MAFA01_A, 4, 1, _NOT_SPECIFIED_, EquipItem, _NOT_SPECIFIED_, False, False, 1198
BID_199, TRADE_NPC_W15, MAFA02_A, 5, 1, _NOT_SPECIFIED_, EquipItem, _NOT_SPECIFIED_, False, False, 1199
BID_200, TRADE_NPC_W15, MAFA03_A, 6, 1, _NOT_SPECIFIED_, EquipItem, _NOT_SPECIFIED_, False, False, 1200
BID_201, TRADE_NPC_W15, MAFA04_A, 7, 1, _NOT_SPECIFIED_, EquipItem, _NOT_SPECIFIED_, False, False, 1201
BID_202, TRADE_NPC_W02, MARO00_A, 2, 1, _NOT_SPECIFIED_, EquipItem, _NOT_SPECIFIED_, False, False, 1202
BID_203, TRADE_NPC_W02, MARO01_A, 3, 1, _NOT_SPECIFIED_, EquipItem, _NOT_SPECIFIED_, False, False, 1203
BID_204, TRADE_NPC_W02, MARO02_A, 4, 1, _NOT_SPECIFIED_, EquipItem, _NOT_SPECIFIED_, False, False, 1204
BID_205, TRADE_NPC_W02, MARO03_A, 5, 1, _NOT_SPECIFIED_, EquipItem, _NOT_SPECIFIED_, False, False, 1205
BID_206, TRADE_NPC_W02, MARO04_A, 6, 1, _NOT_SPECIFIED_, EquipItem, _NOT_SPECIFIED_, False, False, 1206
BID_207, TRADE_NPC_W02, MARO05_A, 8, 1, _NOT_SPECIFIED_, EquipItem, _NOT_SPECIFIED_, False, False, 1207
BID_208, TRADE_NPC_W02, MARO09_A, 7, 1, _NOT_SPECIFIED_, EquipItem, _NOT_SPECIFIED_, False, False, 1208
BID_209, TRADE_NPC_W12, SAIN01_A, 3, 1, _NOT_SPECIFIED_, Material, _NOT_SPECIFIED_, False, False, 1209
BID_210, TRADE_NPC_W01, SAIN01_B, 3, 1, _NOT_SPECIFIED_, Material, _NOT_SPECIFIED_, False, False, 1210
BID_211, TRADE_NPC_W10, SAIN02_A, 4, 1, _NOT_SPECIFIED_, Material, _NOT_SPECIFIED_, False, False, 1211
BID_212, TRADE_NPC_W02, SAIN03_A, 5, 1, _NOT_SPECIFIED_, Material, _NOT_SPECIFIED_, False, False, 1212
BID_213, TRADE_NPC_W12, SAIN04_A, 6, 1, _NOT_SPECIFIED_, Material, _NOT_SPECIFIED_, False, False, 1213
BID_214, TRADE_NPC_W01, SAHE01_A, 3, 1, _NOT_SPECIFIED_, Material, _NOT_SPECIFIED_, False, False, 1214
BID_215, TRADE_NPC_W01, SAHE02_A, 4, 1, _NOT_SPECIFIED_, Material, _NOT_SPECIFIED_, False, False, 1215
BID_216, TRADE_NPC_W08, SAHE08_A, 6, 1, _NOT_SPECIFIED_, Material, _NOT_SPECIFIED_, False, False, 1216
BID_217, TRADE_NPC_W08, SAHE11_A, 5, 1, _NOT_SPECIFIED_, Material, _NOT_SPECIFIED_, False, False, 1217
BID_218, TRADE_NPC_W10, SAHE12_A, 5, 1, _NOT_SPECIFIED_, Material, _NOT_SPECIFIED_, False, False, 1218
BID_219, TRADE_NPC_W10, SAHE13_A, 6, 1, _NOT_SPECIFIED_, Material, _NOT_SPECIFIED_, False, False, 1219
BID_220, TRADE_NPC_W10, SAHE14_A, 7, 1, _NOT_SPECIFIED_, Material, _NOT_SPECIFIED_, False, False, 1220
BID_221, TRADE_NPC_W10, SAGL01_A, 3, 1, _NOT_SPECIFIED_, Material, _NOT_SPECIFIED_, False, False, 1221
BID_222, TRADE_NPC_W10, SAGL02_A, 4, 1, _NOT_SPECIFIED_, Material, _NOT_SPECIFIED_, False, False, 1222
BID_223, TRADE_NPC_W15, SAGL03_A, 999, 1, _NOT_SPECIFIED_, Material, _NOT_SPECIFIED_, False, False, 1223
BID_224, TRADE_NPC_W10, SAGL04_A, 5, 1, _NOT_SPECIFIED_, Material, _NOT_SPECIFIED_, False, False, 1224
BID_225, TRADE_NPC_W10, SAGL05_A, 6, 1, _NOT_SPECIFIED_, Material, _NOT_SPECIFIED_, False, False, 1225
BID_226, TRADE_NPC_W01, SASH01_A, 3, 1, _NOT_SPECIFIED_, Material, _NOT_SPECIFIED_, False, False, 1226
BID_227, TRADE_NPC_W01, SASH02_A, 4, 1, _NOT_SPECIFIED_, Material, _NOT_SPECIFIED_, False, False, 1227
BID_228, TRADE_NPC_W10, SASH03_A, 5, 1, _NOT_SPECIFIED_, Material, _NOT_SPECIFIED_, False, False, 1228
BID_229, TRADE_NPC_W10, SASH04_A, 6, 1, _NOT_SPECIFIED_, Material, _NOT_SPECIFIED_, False, False, 1229
BID_230, TRADE_NPC_W12, SAIN01_A, 3, 1, _NOT_SPECIFIED_, EquipItem, _NOT_SPECIFIED_, False, False, 1230
BID_231, TRADE_NPC_W01, SAIN01_B, 3, 1, _NOT_SPECIFIED_, EquipItem, _NOT_SPECIFIED_, False, False, 1231
BID_232, TRADE_NPC_W10, SAIN02_A, 4, 1, _NOT_SPECIFIED_, EquipItem, _NOT_SPECIFIED_, False, False, 1232
BID_233, TRADE_NPC_W02, SAIN03_A, 5, 1, _NOT_SPECIFIED_, EquipItem, _NOT_SPECIFIED_, False, False, 1233
BID_234, TRADE_NPC_W10, SAIN04_A, 6, 1, _NOT_SPECIFIED_, EquipItem, _NOT_SPECIFIED_, False, False, 1234
BID_235, TRADE_NPC_W01, SAHE01_A, 3, 1, _NOT_SPECIFIED_, EquipItem, _NOT_SPECIFIED_, False, False, 1235
BID_236, TRADE_NPC_W01, SAHE02_A, 4, 1, _NOT_SPECIFIED_, EquipItem, _NOT_SPECIFIED_, False, False, 1236
BID_237, TRADE_NPC_W08, SAHE08_A, 6, 1, _NOT_SPECIFIED_, EquipItem, _NOT_SPECIFIED_, False, False, 1237
BID_238, TRADE_NPC_W08, SAHE11_A, 5, 1, _NOT_SPECIFIED_, EquipItem, _NOT_SPECIFIED_, False, False, 1238
BID_239, TRADE_NPC_W10, SAHE12_A, 5, 1, _NOT_SPECIFIED_, EquipItem, _NOT_SPECIFIED_, False, False, 1239
BID_240, TRADE_NPC_W10, SAHE13_A, 6, 1, _NOT_SPECIFIED_, EquipItem, _NOT_SPECIFIED_, False, False, 1240
BID_241, TRADE_NPC_W10, SAHE14_A, 7, 1, _NOT_SPECIFIED_, EquipItem, _NOT_SPECIFIED_, False, False, 1241
BID_242, TRADE_NPC_W10, SAGL01_A, 3, 1, _NOT_SPECIFIED_, EquipItem, _NOT_SPECIFIED_, False, False, 1242
BID_243, TRADE_NPC_W10, SAGL02_A, 4, 1, _NOT_SPECIFIED_, EquipItem, _NOT_SPECIFIED_, False, False, 1243
BID_244, TRADE_NPC_W15, SAGL03_A, 999, 1, _NOT_SPECIFIED_, EquipItem, _NOT_SPECIFIED_, False, False, 1244
BID_245, TRADE_NPC_W10, SAGL04_A, 5, 1, _NOT_SPECIFIED_, EquipItem, _NOT_SPECIFIED_, False, False, 1245
BID_246, TRADE_NPC_W10, SAGL05_A, 6, 1, _NOT_SPECIFIED_, EquipItem, _NOT_SPECIFIED_, False, False, 1246
BID_247, TRADE_NPC_W01, SASH01_A, 3, 1, _NOT_SPECIFIED_, EquipItem, _NOT_SPECIFIED_, False, False, 1247
BID_248, TRADE_NPC_W01, SASH02_A, 4, 1, _NOT_SPECIFIED_, EquipItem, _NOT_SPECIFIED_, False, False, 1248
BID_249, TRADE_NPC_W10, SASH03_A, 5, 1, _NOT_SPECIFIED_, EquipItem, _NOT_SPECIFIED_, False, False, 1249
BID_250, TRADE_NPC_W10, SASH04_A, 6, 1, _NOT_SPECIFIED_, EquipItem, _NOT_SPECIFIED_, False, False, 1250
BID_251, TRADE_NPC_W01, SAHE17_A, 2, 1, Glitter, _NOT_SPECIFIED_, _NOT_SPECIFIED_, True, True, 1251
BID_252, TRADE_NPC_W01, SAHE18_A, 3, 1, Glitter, _NOT_SPECIFIED_, _NOT_SPECIFIED_, True, True, 1252
BID_253, TRADE_NPC_W01, SAHE18_B, 4, 1, Glitter, _NOT_SPECIFIED_, _NOT_SPECIFIED_, True, True, 1253
BID_254, TRADE_NPC_W01, SAHE18_C, 999, 1, Glitter, _NOT_SPECIFIED_, _NOT_SPECIFIED_, True, True, 1254
BID_255, TRADE_NPC_W01, SAHE18_D, 999, 1, Glitter, _NOT_SPECIFIED_, _NOT_SPECIFIED_, True, True, 1255
BID_256, TRADE_NPC_W01, SAHE18_E, 999, 1, Glitter, _NOT_SPECIFIED_, _NOT_SPECIFIED_, True, True, 1256
BID_257, TRADE_NPC_W01, SAHE18_F, 5, 1, Glitter, _NOT_SPECIFIED_, _NOT_SPECIFIED_, True, True, 1257
BID_258, TRADE_NPC_W01, SAHE18_G, 6, 1, Glitter, _NOT_SPECIFIED_, _NOT_SPECIFIED_, True, True, 1258
BID_259, TRADE_NPC_W01, SAHE18_H, 999, 1, Glitter, _NOT_SPECIFIED_, _NOT_SPECIFIED_, True, True, 1259
BID_260, TRADE_NPC_W01, SAHE19_A, 999, 1, Glitter, _NOT_SPECIFIED_, _NOT_SPECIFIED_, True, True, 1260
BID_261, TRADE_NPC_W01, SAHE20_A, 7, 1, Glitter, _NOT_SPECIFIED_, _NOT_SPECIFIED_, True, True, 1261
BID_262, TRADE_NPC_W01, SAAC13_A, 3, 1, Glitter, _NOT_SPECIFIED_, _NOT_SPECIFIED_, False, False, 1262
BID_263, TRADE_NPC_W01, WLRAP04_A, 5, 1, Glitter, _NOT_SPECIFIED_, _NOT_SPECIFIED_, False, False, 1263
BID_264, TRADE_NPC_W01, GHFLA01_ZERO, 3, 1, Glitter, _NOT_SPECIFIED_, _NOT_SPECIFIED_, False, False, 1264
BID_265, TRADE_NPC_W01, GLONE04_A, 3, 1, Glitter, _NOT_SPECIFIED_, _NOT_SPECIFIED_, False, False, 1265
BID_266, TRADE_NPC_W01, GLONE04_B, 4, 1, Glitter, _NOT_SPECIFIED_, _NOT_SPECIFIED_, False, False, 1266
BID_267, TRADE_NPC_W01, MARO00_B, 2, 1, Glitter, _NOT_SPECIFIED_, _NOT_SPECIFIED_, True, True, 1267
BID_268, TRADE_NPC_W01, SAAC16_A, 3, 1, Glitter, _NOT_SPECIFIED_, _NOT_SPECIFIED_, False, False, 1268
BID_269, TRADE_NPC_W03, SAAC_DUMBBELL_1, 2, 1, Strong, _NOT_SPECIFIED_, _NOT_SPECIFIED_, True, True, 1269
BID_270, TRADE_NPC_W03, SAAC_DUMBBELL_2, 4, 1, Strong, _NOT_SPECIFIED_, _NOT_SPECIFIED_, True, True, 1270
BID_271, TRADE_NPC_W03, SAAC_DUMBBELL_3, 5, 1, Strong, _NOT_SPECIFIED_, _NOT_SPECIFIED_, True, True, 1271
BID_272, TRADE_NPC_W03, SAAC_DUMBBELL_4, 7, 1, Strong, _NOT_SPECIFIED_, _NOT_SPECIFIED_, True, True, 1272
BID_273, TRADE_NPC_W03, SASH17_A, 5, 1, Strong, _NOT_SPECIFIED_, _NOT_SPECIFIED_, True, True, 1273
BID_274, TRADE_NPC_W03, SASH17_B, 7, 1, Strong, _NOT_SPECIFIED_, _NOT_SPECIFIED_, True, True, 1274
BID_275, TRADE_NPC_W14, SOZAI_MAGIC_STONE, 2, 1, Watch, _NOT_SPECIFIED_, _NOT_SPECIFIED_, False, False, 1275
BID_276, TRADE_NPC_W14, SOZAI_OBSIDIAN, 4, 1, Watch, _NOT_SPECIFIED_, _NOT_SPECIFIED_, False, False, 1276
BID_277, TRADE_NPC_W14, SOZAI_OBSIDIAN, 6, 3, Watch, _NOT_SPECIFIED_, _NOT_SPECIFIED_, False, False, 1277
BID_278, TRADE_NPC_W18, SAAC_GIVEAWAY_1, 2, 1, Womens, _NOT_SPECIFIED_, _NOT_SPECIFIED_, False, False, 1279
BID_279, TRADE_NPC_W18, SAAC_GIVEAWAY_2, 3, 1, Womens, _NOT_SPECIFIED_, _NOT_SPECIFIED_, False, False, 1280
BID_280, TRADE_NPC_W18, SAAC_GIVEAWAY_3, 3, 1, Womens, _NOT_SPECIFIED_, _NOT_SPECIFIED_, False, False, 1281
BID_281, TRADE_NPC_W18, SAAC_GIVEAWAY_4, 4, 1, Womens, _NOT_SPECIFIED_, _NOT_SPECIFIED_, False, False, 1282
BID_282, TRADE_NPC_W18, SAAC_GIVEAWAY_5, 4, 1, Womens, _NOT_SPECIFIED_, _NOT_SPECIFIED_, False, False, 1283
BID_283, TRADE_NPC_W18, SAAC_GIVEAWAY_6, 5, 1, Womens, _NOT_SPECIFIED_, _NOT_SPECIFIED_, False, False, 1284
BID_284, TRADE_NPC_W18, SAAC_GIVEAWAY_7, 5, 1, Womens, _NOT_SPECIFIED_, _NOT_SPECIFIED_, False, False, 1285
BID_285, TRADE_NPC_W18, SAAC_GIVEAWAY_8, 6, 1, Womens, _NOT_SPECIFIED_, _NOT_SPECIFIED_, False, False, 1286
BID_286, TRADE_NPC_W09, SAAC_TICKET_1, 2, 1, Ticket, _NOT_SPECIFIED_, _NOT_SPECIFIED_, False, False, 1287
BID_287, TRADE_NPC_W09, SAAC_TICKET_2, 3, 1, Ticket, _NOT_SPECIFIED_, _NOT_SPECIFIED_, False, False, 1288
BID_288, TRADE_NPC_W09, SAAC_TICKET_3, 4, 1, Ticket, _NOT_SPECIFIED_, _NOT_SPECIFIED_, False, False, 1289
BID_289, TRADE_NPC_W09, SAAC_TICKET_4, 5, 1, Ticket, _NOT_SPECIFIED_, _NOT_SPECIFIED_, False, False, 1290
BID_290, TRADE_NPC_W10, SOZAI_MULLOCK, 3, 5, _NOT_SPECIFIED_, _NOT_SPECIFIED_, SOZAI_IRON_ORE, False, False, 1295
BID_291, TRADE_NPC_W12, SAAC13_A, 3, 1, _NOT_SPECIFIED_, _NOT_SPECIFIED_, SOZAI_IRON_ORE, False, False, 1296
BID_292, TRADE_NPC_W10, SOZAI_MAGICAL_BEAST_BONE, 4, 1, _NOT_SPECIFIED_, _NOT_SPECIFIED_, SOZAI_IRON_ORE, False, False, 1297
BID_293, TRADE_NPC_W10, SOZAI_MAGICAL_BEAST_FANG, 4, 1, _NOT_SPECIFIED_, _NOT_SPECIFIED_, SOZAI_IRON_ORE, False, False, 1298
BID_294, TRADE_NPC_W10, SOZAI_MAGICAL_BEAST_CLAW, 4, 1, _NOT_SPECIFIED_, _NOT_SPECIFIED_, SOZAI_IRON_ORE, False, False, 1299
BID_295, TRADE_NPC_W10, SOZAI_IRON_ORE, 5, 5, _NOT_SPECIFIED_, _NOT_SPECIFIED_, SOZAI_MAGIC_STONE, False, False, 1300
BID_296, TRADE_NPC_W17, SOZAI_IRON_ORE, 4, 2, _NOT_SPECIFIED_, EquipItem, _NOT_SPECIFIED_, False, False, 1301
BID_297, TRADE_NPC_W17, SOZAI_IRON_ORE, 5, 3, _NOT_SPECIFIED_, EquipItem, _NOT_SPECIFIED_, False, False, 1302
BID_298, TRADE_NPC_W17, SOZAI_IRON_ORE, 6, 5, _NOT_SPECIFIED_, EquipItem, _NOT_SPECIFIED_, False, False, 1303
BID_299, TRADE_NPC_W17, SOZAI_IRON_ORE, 7, 10, _NOT_SPECIFIED_, EquipItem, _NOT_SPECIFIED_, False, False, 1304
BID_300, TRADE_NPC_W02, SOZAI_MAGIC_STONE, 5, 2, _NOT_SPECIFIED_, _NOT_SPECIFIED_, SOZAI_IRON_ORE, False, False, 1305
BID_301, TRADE_NPC_W02, SOZAI_MAGICAL_BEAST_FUR, 4, 1, _NOT_SPECIFIED_, _NOT_SPECIFIED_, SOZAI_FUR, False, False, 1306
BID_302, TRADE_NPC_W08, SOZAI_MAGICAL_BEAST_BONE, 4, 1, _NOT_SPECIFIED_, _NOT_SPECIFIED_, SOZAI_BEAST_BONE, False, False, 1310
BID_303, TRADE_NPC_W13, SOZAI_MAGICAL_BEAST_FANG, 4, 1, _NOT_SPECIFIED_, _NOT_SPECIFIED_, SOZAI_BEAST_FANG, False, False, 1314
BID_304, TRADE_NPC_W02, SOZAI_MAGICAL_BEAST_CLAW, 4, 1, _NOT_SPECIFIED_, _NOT_SPECIFIED_, SOZAI_BEAST_CLAW, False, False, 1318
BID_305, TRADE_NPC_W02, SOZAI_BIG_BEAST_FUR, 5, 1, _NOT_SPECIFIED_, _NOT_SPECIFIED_, SOZAI_MAGICAL_BEAST_FUR, False, False, 1322
BID_306, TRADE_NPC_W08, SOZAI_BIG_BEAST_BONE, 5, 1, _NOT_SPECIFIED_, _NOT_SPECIFIED_, SOZAI_MAGICAL_BEAST_BONE, False, False, 1323
BID_307, TRADE_NPC_W13, SOZAI_BIG_BEAST_FANG, 5, 1, _NOT_SPECIFIED_, _NOT_SPECIFIED_, SOZAI_MAGICAL_BEAST_FANG, False, False, 1324
BID_308, TRADE_NPC_W02, SOZAI_BIG_BEAST_CLAW, 5, 1, _NOT_SPECIFIED_, _NOT_SPECIFIED_, SOZAI_MAGICAL_BEAST_CLAW, False, False, 1325
BID_309, TRADE_NPC_W02, SOZAI_BIG_BEAST_FUR, 6, 4, _NOT_SPECIFIED_, _NOT_SPECIFIED_, SOZAI_MAGICAL_BEAST_FUR, False, False, 1326
BID_310, TRADE_NPC_W08, SOZAI_BIG_BEAST_BONE, 6, 4, _NOT_SPECIFIED_, _NOT_SPECIFIED_, SOZAI_MAGICAL_BEAST_BONE, False, False, 1327
BID_311, TRADE_NPC_W13, SOZAI_BIG_BEAST_FANG, 6, 4, _NOT_SPECIFIED_, _NOT_SPECIFIED_, SOZAI_MAGICAL_BEAST_FANG, False, False, 1328
BID_312, TRADE_NPC_W02, SOZAI_BIG_BEAST_CLAW, 6, 4, _NOT_SPECIFIED_, _NOT_SPECIFIED_, SOZAI_MAGICAL_BEAST_CLAW, False, False, 1329
BID_313, TRADE_NPC_W11, SOZAI_SPIRIT_STONE, 2, 10, Pollen, _NOT_SPECIFIED_, _NOT_SPECIFIED_, False, False, 1330
BID_314, TRADE_NPC_W11, SOZAI_LIGULATE_FLOWER, 2, 1, Pollen, _NOT_SPECIFIED_, _NOT_SPECIFIED_, False, False, 1331
BID_315, TRADE_NPC_W11, SOZAI_COCONUT, 2, 1, Pollen, _NOT_SPECIFIED_, _NOT_SPECIFIED_, False, False, 1332
BID_316, TRADE_NPC_W11, SOZAI_DISK_FLOWER, 3, 1, Pollen, _NOT_SPECIFIED_, _NOT_SPECIFIED_, False, False, 1333
BID_317, TRADE_NPC_W11, SAAC13_A, 2, 1, Pollen, _NOT_SPECIFIED_, _NOT_SPECIFIED_, False, False, 1334
BID_318, TRADE_NPC_W11, SAHE02_A, 2, 1, Pollen, _NOT_SPECIFIED_, _NOT_SPECIFIED_, False, False, 1335
BID_319, TRADE_NPC_W11, MANA_BONE02, 3, 1, Pollen, _NOT_SPECIFIED_, _NOT_SPECIFIED_, False, False, 1336
BID_320, TRADE_NPC_W10, SOZAI_MULLOCK, 2, 2, _NOT_SPECIFIED_, EquipItem, _NOT_SPECIFIED_, False, False, 1337
BID_321, TRADE_NPC_W07, SOZAI_FUR, 2, 2, _NOT_SPECIFIED_, EquipItem, _NOT_SPECIFIED_, False, False, 1338
BID_322, TRADE_NPC_W08, SOZAI_INSECT_SHELL, 2, 2, _NOT_SPECIFIED_, EquipItem, _NOT_SPECIFIED_, False, False, 1339
BID_323, TRADE_NPC_W04, SOZAI_BEAST_BONE, 2, 2, _NOT_SPECIFIED_, EquipItem, _NOT_SPECIFIED_, False, False, 1340
BID_324, TRADE_NPC_W13, SOZAI_BEAST_FANG, 2, 2, _NOT_SPECIFIED_, EquipItem, _NOT_SPECIFIED_, False, False, 1341
BID_325, TRADE_NPC_W15, SOZAI_BEAST_CLAW, 2, 2, _NOT_SPECIFIED_, EquipItem, _NOT_SPECIFIED_, False, False, 1342
BID_326, TRADE_NPC_W11, SOZAI_FIBER, 2, 2, _NOT_SPECIFIED_, EquipItem, _NOT_SPECIFIED_, False, False, 1343
BID_327, TRADE_NPC_W11, SOZAI_SCRUB, 2, 2, _NOT_SPECIFIED_, EquipItem, _NOT_SPECIFIED_, False, False, 1344
BID_328, TRADE_NPC_W04, SOZAI_SNAKESKIN, 2, 2, _NOT_SPECIFIED_, EquipItem, _NOT_SPECIFIED_, False, False, 1345
BID_329, TRADE_NPC_W04, SOZAI_FEATHER, 2, 2, _NOT_SPECIFIED_, EquipItem, _NOT_SPECIFIED_, False, False, 1346
BID_330, TRADE_NPC_W04, SOZAI_ALURA, 2, 2, _NOT_SPECIFIED_, EquipItem, _NOT_SPECIFIED_, False, False, 1347
BID_331, TRADE_NPC_W08, SOZAI_SCREAM_ROOT, 2, 2, _NOT_SPECIFIED_, EquipItem, _NOT_SPECIFIED_, False, False, 1348
BID_332, TRADE_NPC_W10, SOZAI_MULLOCK, 3, 3, _NOT_SPECIFIED_, EquipItem, _NOT_SPECIFIED_, False, False, 1349
BID_333, TRADE_NPC_W07, SOZAI_FUR, 3, 3, _NOT_SPECIFIED_, EquipItem, _NOT_SPECIFIED_, False, False, 1350
BID_334, TRADE_NPC_W08, SOZAI_INSECT_SHELL, 3, 3, _NOT_SPECIFIED_, EquipItem, _NOT_SPECIFIED_, False, False, 1351
BID_335, TRADE_NPC_W04, SOZAI_BEAST_BONE, 3, 3, _NOT_SPECIFIED_, EquipItem, _NOT_SPECIFIED_, False, False, 1352
BID_336, TRADE_NPC_W13, SOZAI_BEAST_FANG, 3, 3, _NOT_SPECIFIED_, EquipItem, _NOT_SPECIFIED_, False, False, 1353
BID_337, TRADE_NPC_W15, SOZAI_BEAST_CLAW, 3, 3, _NOT_SPECIFIED_, EquipItem, _NOT_SPECIFIED_, False, False, 1354
BID_338, TRADE_NPC_W11, SOZAI_FIBER, 3, 3, _NOT_SPECIFIED_, EquipItem, _NOT_SPECIFIED_, False, False, 1355
BID_339, TRADE_NPC_W11, SOZAI_SCRUB, 3, 3, _NOT_SPECIFIED_, EquipItem, _NOT_SPECIFIED_, False, False, 1356
BID_340, TRADE_NPC_W04, SOZAI_SNAKESKIN, 3, 3, _NOT_SPECIFIED_, EquipItem, _NOT_SPECIFIED_, False, False, 1357
BID_341, TRADE_NPC_W04, SOZAI_FEATHER, 3, 3, _NOT_SPECIFIED_, EquipItem, _NOT_SPECIFIED_, False, False, 1358
BID_342, TRADE_NPC_W04, SOZAI_ALURA, 3, 3, _NOT_SPECIFIED_, EquipItem, _NOT_SPECIFIED_, False, False, 1359
BID_343, TRADE_NPC_W08, SOZAI_SCREAM_ROOT, 3, 3, _NOT_SPECIFIED_, EquipItem, _NOT_SPECIFIED_, False, False, 1360
BID_344, TRADE_NPC_W10, SOZAI_MULLOCK, 4, 5, _NOT_SPECIFIED_, EquipItem, _NOT_SPECIFIED_, False, False, 1361
BID_345, TRADE_NPC_W07, SOZAI_FUR, 4, 5, _NOT_SPECIFIED_, EquipItem, _NOT_SPECIFIED_, False, False, 1362
BID_346, TRADE_NPC_W08, SOZAI_INSECT_SHELL, 4, 5, _NOT_SPECIFIED_, EquipItem, _NOT_SPECIFIED_, False, False, 1363
BID_347, TRADE_NPC_W04, SOZAI_BEAST_BONE, 4, 5, _NOT_SPECIFIED_, EquipItem, _NOT_SPECIFIED_, False, False, 1364
BID_348, TRADE_NPC_W13, SOZAI_BEAST_FANG, 4, 5, _NOT_SPECIFIED_, EquipItem, _NOT_SPECIFIED_, False, False, 1365
BID_349, TRADE_NPC_W15, SOZAI_BEAST_CLAW, 4, 5, _NOT_SPECIFIED_, EquipItem, _NOT_SPECIFIED_, False, False, 1366
BID_350, TRADE_NPC_W11, SOZAI_FIBER, 4, 5, _NOT_SPECIFIED_, EquipItem, _NOT_SPECIFIED_, False, False, 1367
BID_351, TRADE_NPC_W11, SOZAI_SCRUB, 4, 5, _NOT_SPECIFIED_, EquipItem, _NOT_SPECIFIED_, False, False, 1368
BID_352, TRADE_NPC_W04, SOZAI_SNAKESKIN, 4, 5, _NOT_SPECIFIED_, EquipItem, _NOT_SPECIFIED_, False, False, 1369
BID_353, TRADE_NPC_W04, SOZAI_FEATHER, 4, 5, _NOT_SPECIFIED_, EquipItem, _NOT_SPECIFIED_, False, False, 1370
BID_354, TRADE_NPC_W04, SOZAI_ALURA, 4, 5, _NOT_SPECIFIED_, EquipItem, _NOT_SPECIFIED_, False, False, 1371
BID_355, TRADE_NPC_W08, SOZAI_SCREAM_ROOT, 4, 5, _NOT_SPECIFIED_, EquipItem, _NOT_SPECIFIED_, False, False, 1372
BID_356, TRADE_NPC_W10, SOZAI_METEORITE, 8, 2, _NOT_SPECIFIED_, _NOT_SPECIFIED_, SAAC_WATCH_4, False, False, 1373
BID_357, TRADE_NPC_W17, SOZAI_MAGIC_STONE, 4, 1, RareM, _NOT_SPECIFIED_, _NOT_SPECIFIED_, False, False, 1374
BID_358, TRADE_NPC_W17, SOZAI_MAGIC_STONE, 4, 1, RareM, _NOT_SPECIFIED_, _NOT_SPECIFIED_, False, False, 1375
BID_359, TRADE_NPC_W17, SOZAI_MAGIC_STONE, 4, 1, RareM, _NOT_SPECIFIED_, _NOT_SPECIFIED_, False, False, 1376
BID_360, TRADE_NPC_W17, SOZAI_MAGIC_STONE, 5, 1, RareM, _NOT_SPECIFIED_, _NOT_SPECIFIED_, False, False, 1377
BID_361, TRADE_NPC_W17, SOZAI_MAGIC_STONE, 5, 1, RareM, _NOT_SPECIFIED_, _NOT_SPECIFIED_, False, False, 1378
BID_362, TRADE_NPC_W17, SOZAI_MAGIC_STONE, 6, 2, RareM, _NOT_SPECIFIED_, _NOT_SPECIFIED_, False, False, 1379
BID_363, TRADE_NPC_W17, SOZAI_MAGIC_STONE, 7, 3, RareM, _NOT_SPECIFIED_, _NOT_SPECIFIED_, False, False, 1380
BID_364, TRADE_NPC_W14, SOZAI_SUPERALLOY, 8, 2, _NOT_SPECIFIED_, _NOT_SPECIFIED_, SAAC_WATCH_4, False, False, 1278
BID_365, TRADE_NPC_W02, SOZAI_MAGIC_STONE, 7, 1, RareM, _NOT_SPECIFIED_, _NOT_SPECIFIED_, False, False, 1381
BID_366, TRADE_NPC_W09, SOZAI_ORB, 1, 1, _NOT_SPECIFIED_, _NOT_SPECIFIED_, KEY_ITEM_C01_LAST_TICKET, False, False, 1382
BID_367, TRADE_NPC_W15, SOZAI_BEAST_CLAW, 1, 1, _NOT_SPECIFIED_, _NOT_SPECIFIED_, KEY_ITEM_C01_YARIKOMI_TICKET_1, False, False, 1383
BID_368, TRADE_NPC_W15, SOZAI_BEAST_CLAW, 1, 1, _NOT_SPECIFIED_, _NOT_SPECIFIED_, KEY_ITEM_C01_YARIKOMI_TICKET_2, False, False, 1384
BID_369, TRADE_NPC_W15, SOZAI_BEAST_CLAW, 1, 1, _NOT_SPECIFIED_, _NOT_SPECIFIED_, KEY_ITEM_C01_YARIKOMI_TICKET_3, False, False, 1385
BID_370, TRADE_NPC_W15, SOZAI_BEAST_CLAW, 1, 1, _NOT_SPECIFIED_, _NOT_SPECIFIED_, KEY_ITEM_C01_YARIKOMI_TICKET_4, False, False, 1386
BID_371, TRADE_NPC_W15, SOZAI_BEAST_CLAW, 1, 1, _NOT_SPECIFIED_, _NOT_SPECIFIED_, KEY_ITEM_C01_YARIKOMI_TICKET_5, False, False, 1387
BID_372, TRADE_NPC_W15, SOZAI_BEAST_CLAW, 1, 1, _NOT_SPECIFIED_, _NOT_SPECIFIED_, KEY_ITEM_C01_YARIKOMI_TICKET_6, False, False, 1388
BID_373, TRADE_NPC_W15, SOZAI_BEAST_CLAW, 1, 1, _NOT_SPECIFIED_, _NOT_SPECIFIED_, KEY_ITEM_C01_YARIKOMI_TICKET_7, False, False, 1389
BID_374, TRADE_NPC_W15, SOZAI_BEAST_CLAW, 1, 1, _NOT_SPECIFIED_, _NOT_SPECIFIED_, KEY_ITEM_C01_YARIKOMI_TICKET_8, False, False, 1390
BID_375, TRADE_NPC_W02, SOZAI_MAGICAL_BEAST_FUR, 5, 2, _NOT_SPECIFIED_, EquipItem, _NOT_SPECIFIED_, False, False, 1308
BID_376, TRADE_NPC_W04, SOZAI_MAGICAL_BEAST_BONE, 5, 2, _NOT_SPECIFIED_, EquipItem, _NOT_SPECIFIED_, False, False, 1312
BID_377, TRADE_NPC_W13, SOZAI_MAGICAL_BEAST_FANG, 5, 2, _NOT_SPECIFIED_, EquipItem, _NOT_SPECIFIED_, False, False, 1316
BID_378, TRADE_NPC_W15, SOZAI_MAGICAL_BEAST_CLAW, 5, 2, _NOT_SPECIFIED_, EquipItem, _NOT_SPECIFIED_, False, False, 1320
BID_379, TRADE_NPC_W19, SOZAI_MAGICAL_BEAST_FUR, 6, 3, _NOT_SPECIFIED_, Material, _NOT_SPECIFIED_, False, False, 1307
BID_380, TRADE_NPC_W08, SOZAI_MAGICAL_BEAST_BONE, 6, 3, _NOT_SPECIFIED_, Material, _NOT_SPECIFIED_, False, False, 1311
BID_381, TRADE_NPC_W13, SOZAI_MAGICAL_BEAST_FANG, 6, 3, _NOT_SPECIFIED_, Material, _NOT_SPECIFIED_, False, False, 1315
BID_382, TRADE_NPC_W15, SOZAI_MAGICAL_BEAST_CLAW, 6, 3, _NOT_SPECIFIED_, Material, _NOT_SPECIFIED_, False, False, 1319
BID_383, TRADE_NPC_W02, SOZAI_MAGICAL_BEAST_FUR, 6, 3, _NOT_SPECIFIED_, EquipItem, _NOT_SPECIFIED_, False, False, 1309
BID_384, TRADE_NPC_W04, SOZAI_MAGICAL_BEAST_BONE, 6, 3, _NOT_SPECIFIED_, EquipItem, _NOT_SPECIFIED_, False, False, 1313
BID_385, TRADE_NPC_W13, SOZAI_MAGICAL_BEAST_FANG, 6, 3, _NOT_SPECIFIED_, EquipItem, _NOT_SPECIFIED_, False, False, 1317
BID_386, TRADE_NPC_W15, SOZAI_MAGICAL_BEAST_CLAW, 6, 3, _NOT_SPECIFIED_, EquipItem, _NOT_SPECIFIED_, False, False, 1321
BID_387, TRADE_NPC_W01, SAAC_ABILITY_UP_1, 4, 1, Dumbbell, _NOT_SPECIFIED_, _NOT_SPECIFIED_, False, False, 1291
BID_388, TRADE_NPC_W01, SAAC_ABILITY_UP_2, 5, 1, Dumbbell, _NOT_SPECIFIED_, _NOT_SPECIFIED_, False, False, 1292
BID_389, TRADE_NPC_W01, SAAC_ABILITY_UP_3, 6, 1, Dumbbell, _NOT_SPECIFIED_, _NOT_SPECIFIED_, False, False, 1293
BID_390, TRADE_NPC_W01, SAAC_MASTR_CROWN_1, 8, 1, _NOT_SPECIFIED_, EquipItem, _NOT_SPECIFIED_, True, True, 1294
BID_391, TRADE_NPC_W12, WHGSW11_A, 4, 1, _NOT_SPECIFIED_, _NOT_SPECIFIED_, WHGSW10_A, False, False, 1156
BID_392, TRADE_NPC_W12, WHGSW11_B, 6, 1, _NOT_SPECIFIED_, _NOT_SPECIFIED_, WHGSW10_B, False, False, 1157
BID_393, TRADE_NPC_W12, ITEM_002, 8, 1, _NOT_SPECIFIED_, _NOT_SPECIFIED_, ITEM_001, False, False, 1158
BID_394, TRADE_NPC_W09, SOZAI_SPIRIT_STONE, 999, 1, _NOT_SPECIFIED_, _NOT_SPECIFIED_, _NOT_SPECIFIED_, False, False, 1394
BID_395, TRADE_NPC_W07, SOZAI_SPIRIT_STONE, 999, 1, _NOT_SPECIFIED_, _NOT_SPECIFIED_, _NOT_SPECIFIED_, False, False, 1395
BID_396, TRADE_NPC_W07, SOZAI_SPIRIT_STONE, 999, 1, _NOT_SPECIFIED_, _NOT_SPECIFIED_, _NOT_SPECIFIED_, False, False, 1396
BID_397, TRADE_NPC_W07, SOZAI_SPIRIT_STONE, 999, 1, _NOT_SPECIFIED_, _NOT_SPECIFIED_, _NOT_SPECIFIED_, False, False, 1397
BID_398, TRADE_NPC_W07, SOZAI_SPIRIT_STONE, 999, 1, _NOT_SPECIFIED_, _NOT_SPECIFIED_, _NOT_SPECIFIED_, False, False, 1398
BID_399, TRADE_NPC_W07, SOZAI_SPIRIT_STONE, 999, 1, _NOT_SPECIFIED_, _NOT_SPECIFIED_, _NOT_SPECIFIED_, False, False, 1399
BID_400, TRADE_NPC_W07, SOZAI_SPIRIT_STONE, 999, 1, _NOT_SPECIFIED_, _NOT_SPECIFIED_, _NOT_SPECIFIED_, False, False, 1400
BID_401, TRADE_NPC_W07, SOZAI_SPIRIT_STONE, 999, 1, _NOT_SPECIFIED_, _NOT_SPECIFIED_, _NOT_SPECIFIED_, False, False, 1401
BID_402, TRADE_NPC_W07, SOZAI_SPIRIT_STONE, 999, 1, _NOT_SPECIFIED_, _NOT_SPECIFIED_, _NOT_SPECIFIED_, False, False, 1402
BID_403, TRADE_NPC_W07, SOZAI_SPIRIT_STONE, 999, 1, _NOT_SPECIFIED_, Material, _NOT_SPECIFIED_, False, False, 1403
BID_404, TRADE_NPC_W07, SOZAI_SPIRIT_STONE, 999, 1, _NOT_SPECIFIED_, Material, _NOT_SPECIFIED_, False, False, 1404
BID_405, TRADE_NPC_W07, SOZAI_SPIRIT_STONE, 999, 1, _NOT_SPECIFIED_, Material, _NOT_SPECIFIED_, False, False, 1405
BID_406, TRADE_NPC_W07, SOZAI_SPIRIT_STONE, 999, 1, _NOT_SPECIFIED_, Material, _NOT_SPECIFIED_, False, False, 1406
BID_407, TRADE_NPC_W07, SOZAI_SPIRIT_STONE, 999, 1, _NOT_SPECIFIED_, Material, _NOT_SPECIFIED_, False, False, 1407
BID_408, TRADE_NPC_W07, SOZAI_SPIRIT_STONE, 999, 1, _NOT_SPECIFIED_, Material, _NOT_SPECIFIED_, False, False, 1408
BID_409, TRADE_NPC_W07, SOZAI_SPIRIT_STONE, 999, 1, _NOT_SPECIFIED_, Material, _NOT_SPECIFIED_, False, False, 1409
BID_410, TRADE_NPC_W07, SOZAI_SPIRIT_STONE, 999, 1, _NOT_SPECIFIED_, Material, _NOT_SPECIFIED_, False, False, 1410
BID_411, TRADE_NPC_W07, SOZAI_SPIRIT_STONE, 999, 1, _NOT_SPECIFIED_, Material, _NOT_SPECIFIED_, False, False, 1411
BID_412, TRADE_NPC_W07, SOZAI_SPIRIT_STONE, 999, 1, _NOT_SPECIFIED_, Material, _NOT_SPECIFIED_, False, False, 1412
BID_413, TRADE_NPC_W07, SOZAI_SPIRIT_STONE, 999, 1, _NOT_SPECIFIED_, Material, _NOT_SPECIFIED_, False, False, 1413
BID_414, TRADE_NPC_W07, SOZAI_SPIRIT_STONE, 999, 1, _NOT_SPECIFIED_, Material, _NOT_SPECIFIED_, False, False, 1414
BID_415, TRADE_NPC_W07, SOZAI_SPIRIT_STONE, 999, 1, _NOT_SPECIFIED_, Material, _NOT_SPECIFIED_, False, False, 1415
BID_416, TRADE_NPC_W07, SOZAI_SPIRIT_STONE, 999, 1, _NOT_SPECIFIED_, Material, _NOT_SPECIFIED_, False, False, 1416
BID_417, TRADE_NPC_W07, SOZAI_SPIRIT_STONE, 999, 1, _NOT_SPECIFIED_, Material, _NOT_SPECIFIED_, False, False, 1417
BID_418, TRADE_NPC_W07, SOZAI_SPIRIT_STONE, 999, 1, _NOT_SPECIFIED_, Material, _NOT_SPECIFIED_, False, False, 1418
BID_419, TRADE_NPC_W07, SOZAI_SPIRIT_STONE, 999, 1, _NOT_SPECIFIED_, Material, _NOT_SPECIFIED_, False, False, 1419
BID_420, TRADE_NPC_W07, SOZAI_SPIRIT_STONE, 999, 1, _NOT_SPECIFIED_, Material, _NOT_SPECIFIED_, False, False, 1420
BID_421, TRADE_NPC_W07, SOZAI_SPIRIT_STONE, 999, 1, _NOT_SPECIFIED_, Material, _NOT_SPECIFIED_, False, False, 1421
BID_422, TRADE_NPC_W07, SOZAI_SPIRIT_STONE, 999, 1, _NOT_SPECIFIED_, Material, _NOT_SPECIFIED_, False, False, 1422
BID_423, TRADE_NPC_W07, SOZAI_SPIRIT_STONE, 999, 1, _NOT_SPECIFIED_, Material, _NOT_SPECIFIED_, False, False, 1423
