label, Value, ItemCategory, FreeCategory, FreeCategory2, ExhibitProhibited
SOZAI_SPIRIT_STONE, 1, Material, _NOT_SPECIFIED_, _NOT_SPECIFIED_, False
SOZAI_FE_MOKU, 2, Material, FE, _NOT_SPECIFIED_, False
SOZAI_FE_KA, 2, Material, FE, _NOT_SPECIFIED_, False
SOZAI_FE_DO, 2, Material, FE, _NOT_SPECIFIED_, False
SOZAI_FE_KIN, 2, Material, FE, _NOT_SPECIFIED_, False
SOZAI_FE_SUI, 2, Material, FE, _NOT_SPECIFIED_, False
SOZAI_CRYSTAL_MOKU, 6, Material, Crystal, _NOT_SPECIFIED_, False
SOZAI_CRYSTAL_KA, 6, Material, Crystal, _NOT_SPECIFIED_, False
SOZAI_CRYSTAL_DO, 6, Material, Crystal, _NOT_SPECIFIED_, False
SOZAI_CRYSTAL_KIN, 6, Material, Crystal, _NOT_SPECIFIED_, False
SOZAI_CRYSTAL_SUI, 6, Material, Crystal, _NOT_SPECIFIED_, False
SOZAI_MULLOCK, 2, Material, Stone, _NOT_SPECIFIED_, False
SOZAI_IRON_ORE, 3, Material, Stone, _NOT_SPECIFIED_, False
SOZAI_MAGIC_STONE, 5, Material, Stone, _NOT_SPECIFIED_, False
SOZAI_OBSIDIAN, 7, Material, Stone, _NOT_SPECIFIED_, False
SOZAI_NATIVE_SILVER, 4, Material, Stone, Glitter, False
SOZAI_METEORITE, 8, Material, Stone, _NOT_SPECIFIED_, False
SOZAI_SUPERALLOY, 8, Material, Stone, _NOT_SPECIFIED_, False
SOZAI_FUR, 2, Material, _NOT_SPECIFIED_, _NOT_SPECIFIED_, False
SOZAI_MAGICAL_BEAST_FUR, 4, Material, _NOT_SPECIFIED_, _NOT_SPECIFIED_, False
SOZAI_BIG_BEAST_FUR, 7, Material, _NOT_SPECIFIED_, _NOT_SPECIFIED_, False
SOZAI_INSECT_SHELL, 2, Material, _NOT_SPECIFIED_, _NOT_SPECIFIED_, False
SOZAI_BEAST_BONE, 2, Material, _NOT_SPECIFIED_, _NOT_SPECIFIED_, False
SOZAI_MAGICAL_BEAST_BONE, 4, Material, _NOT_SPECIFIED_, _NOT_SPECIFIED_, False
SOZAI_BIG_BEAST_BONE, 7, Material, _NOT_SPECIFIED_, _NOT_SPECIFIED_, False
SOZAI_BEAST_FANG, 2, Material, _NOT_SPECIFIED_, _NOT_SPECIFIED_, False
SOZAI_MAGICAL_BEAST_FANG, 4, Material, _NOT_SPECIFIED_, _NOT_SPECIFIED_, False
SOZAI_BIG_BEAST_FANG, 7, Material, _NOT_SPECIFIED_, _NOT_SPECIFIED_, False
SOZAI_BEAST_CLAW, 2, Material, _NOT_SPECIFIED_, _NOT_SPECIFIED_, False
SOZAI_MAGICAL_BEAST_CLAW, 4, Material, _NOT_SPECIFIED_, _NOT_SPECIFIED_, False
SOZAI_BIG_BEAST_CLAW, 7, Material, _NOT_SPECIFIED_, _NOT_SPECIFIED_, False
SOZAI_FIBER, 2, Material, _NOT_SPECIFIED_, _NOT_SPECIFIED_, False
SOZAI_SCRUB, 2, Material, _NOT_SPECIFIED_, _NOT_SPECIFIED_, False
SOZAI_HINOKI, 4, Material, _NOT_SPECIFIED_, _NOT_SPECIFIED_, False
SOZAI_OAK, 6, Material, _NOT_SPECIFIED_, _NOT_SPECIFIED_, False
SOZAI_COCONUT, 4, Material, _NOT_SPECIFIED_, _NOT_SPECIFIED_, False
SOZAI_GELATIN, 3, Material, _NOT_SPECIFIED_, _NOT_SPECIFIED_, False
SOZAI_LIGULATE_FLOWER, 3, Material, _NOT_SPECIFIED_, _NOT_SPECIFIED_, False
SOZAI_DISK_FLOWER, 6, Material, _NOT_SPECIFIED_, _NOT_SPECIFIED_, False
SOZAI_SNAKESKIN, 2, Material, _NOT_SPECIFIED_, _NOT_SPECIFIED_, False
SOZAI_FEATHER, 2, Material, _NOT_SPECIFIED_, _NOT_SPECIFIED_, False
SOZAI_ALURA, 2, Material, _NOT_SPECIFIED_, _NOT_SPECIFIED_, False
SOZAI_SCREAM_ROOT, 2, Material, _NOT_SPECIFIED_, _NOT_SPECIFIED_, False
SOZAI_DEMON_BLOOD, 4, Material, _NOT_SPECIFIED_, _NOT_SPECIFIED_, False
SOZAI_ORB, 4, Material, _NOT_SPECIFIED_, Glitter, False
SOZAI_SQUID_FIN, 6, Material, _NOT_SPECIFIED_, _NOT_SPECIFIED_, False
SOZAI_DRAGON_SCALE, 6, Material, _NOT_SPECIFIED_, _NOT_SPECIFIED_, False
SOZAI_001, 2, Material, Pollen, _NOT_SPECIFIED_, False
SOZAI_002, 3, Material, Pollen, _NOT_SPECIFIED_, False
SOZAI_003, 3, Material, Pollen, _NOT_SPECIFIED_, False
SOZAI_004, 3, Material, Pollen, _NOT_SPECIFIED_, False
WLLSW_OLD_01, 3, EquipItem, Weapon, _NOT_SPECIFIED_, False
WLLSW_OLD_02, 4, EquipItem, Weapon, _NOT_SPECIFIED_, False
WLLSW01_A, 3, EquipItem, Weapon, _NOT_SPECIFIED_, False
WLLSW01_B, 4, EquipItem, Weapon, _NOT_SPECIFIED_, False
WLLSW01_C, 5, EquipItem, Weapon, RareM, False
WLLSW01_D, 7, EquipItem, Weapon, RareM, False
WLLSW01_L, 5, EquipItem, Weapon, RareM, False
WLLSW01_PURSUIT_A, 5, EquipItem, Weapon, RareM, False
WLLSW01_PURSUIT_B, 7, EquipItem, Weapon, RareM, False
WLLSW01_PURSUIT_C, 9, EquipItem, Weapon, RareM, False
WLLSW02_A, 5, EquipItem, Weapon, _NOT_SPECIFIED_, False
WLLSW02_B, 6, EquipItem, Weapon, _NOT_SPECIFIED_, False
WLLSW02_C, 7, EquipItem, Weapon, _NOT_SPECIFIED_, False
WLLSW02_D, 8, EquipItem, Weapon, _NOT_SPECIFIED_, False
WLLSW03_A, 5, EquipItem, Weapon, _NOT_SPECIFIED_, False
WLLSW03_B, 6, EquipItem, Weapon, _NOT_SPECIFIED_, False
WLLSW03_C, 7, EquipItem, Weapon, _NOT_SPECIFIED_, False
WLLSW03_D, 8, EquipItem, Weapon, _NOT_SPECIFIED_, False
WLLSW04_A, 5, EquipItem, Weapon, _NOT_SPECIFIED_, False
WLLSW04_B, 6, EquipItem, Weapon, _NOT_SPECIFIED_, False
WLLSW04_C, 7, EquipItem, Weapon, _NOT_SPECIFIED_, False
WLLSW04_D, 8, EquipItem, Weapon, _NOT_SPECIFIED_, False
WLLSW05_A, 5, EquipItem, Weapon, _NOT_SPECIFIED_, False
WLLSW05_B, 6, EquipItem, Weapon, _NOT_SPECIFIED_, False
WLLSW05_C, 7, EquipItem, Weapon, _NOT_SPECIFIED_, False
WLLSW05_D, 8, EquipItem, Weapon, _NOT_SPECIFIED_, False
WLLSW06_A, 7, EquipItem, Weapon, RareM, False
WLLSW07_A, 4, EquipItem, Weapon, RareM, False
WLLSW07_B, 7, EquipItem, Weapon, RareM, False
WLLSW07_C, 9, EquipItem, Weapon, RareM, False
WLLSW08_A, 9, EquipItem, Weapon, RareM, False
WLLSW09_A, 5, EquipItem, Weapon, RareM, False
WLLSW09_B, 6, EquipItem, Weapon, RareM, False
WLLSW09_C, 8, EquipItem, Weapon, RareM, False
WLLSW09_D, 9, EquipItem, Weapon, RareM, False
WLLSW10_A, 8, EquipItem, Weapon, RareM, False
WLLSW11_A, 9, EquipItem, Weapon, RareM, False
WLRAP01_A, 3, EquipItem, Weapon, _NOT_SPECIFIED_, False
WLRAP01_B, 4, EquipItem, Weapon, _NOT_SPECIFIED_, False
WLRAP01_C, 5, EquipItem, Weapon, RareM, False
WLRAP01_GUARD_A, 5, EquipItem, Weapon, RareM, False
WLRAP01_GUARD_B, 6, EquipItem, Weapon, RareM, False
WLRAP02_A, 5, EquipItem, Weapon, _NOT_SPECIFIED_, False
WLRAP02_B, 6, EquipItem, Weapon, _NOT_SPECIFIED_, False
WLRAP02_C, 7, EquipItem, Weapon, _NOT_SPECIFIED_, False
WLRAP02_D, 8, EquipItem, Weapon, _NOT_SPECIFIED_, False
WLRAP03_A, 5, EquipItem, Weapon, _NOT_SPECIFIED_, False
WLRAP03_B, 6, EquipItem, Weapon, _NOT_SPECIFIED_, False
WLRAP03_C, 7, EquipItem, Weapon, _NOT_SPECIFIED_, False
WLRAP03_D, 8, EquipItem, Weapon, _NOT_SPECIFIED_, False
WLRAP04_A, 5, EquipItem, Weapon, _NOT_SPECIFIED_, False
WLRAP04_B, 6, EquipItem, Weapon, _NOT_SPECIFIED_, False
WLRAP04_C, 7, EquipItem, Weapon, _NOT_SPECIFIED_, False
WLRAP04_D, 8, EquipItem, Weapon, _NOT_SPECIFIED_, False
WLRAP05_A, 5, EquipItem, Weapon, _NOT_SPECIFIED_, False
WLRAP05_B, 6, EquipItem, Weapon, _NOT_SPECIFIED_, False
WLRAP05_C, 7, EquipItem, Weapon, _NOT_SPECIFIED_, False
WLRAP05_D, 8, EquipItem, Weapon, _NOT_SPECIFIED_, False
WLRAP06_A, 5, EquipItem, Weapon, RareM, False
WLRAP06_B, 7, EquipItem, Weapon, RareM, False
WLRAP06_C, 9, EquipItem, Weapon, RareM, False
WLRAP07_A, 8, EquipItem, Weapon, RareM, False
WLRAP07_B, 9, EquipItem, Weapon, RareM, False
WLRAP08_A, 5, EquipItem, Weapon, RareM, False
WLRAP08_B, 7, EquipItem, Weapon, RareM, False
WLRAP08_C, 9, EquipItem, Weapon, RareM, False
WLRAP09_A, 9, EquipItem, Weapon, RareM, False
WLRAP10_A, 7, EquipItem, Weapon, RareM, False
WLRAP10_B, 9, EquipItem, Weapon, RareM, False
WLRAP11_A, 5, EquipItem, Weapon, RareM, False
WLRAP11_B, 7, EquipItem, Weapon, RareM, False
WLRAP11_C, 9, EquipItem, Weapon, RareM, False
WLDAG01_A, 3, EquipItem, Weapon, _NOT_SPECIFIED_, False
WLDAG01_B, 4, EquipItem, Weapon, _NOT_SPECIFIED_, False
WLDAG01_C, 5, EquipItem, Weapon, RareM, False
WLDAG02_A, 4, EquipItem, Weapon, Strong, False
WLDAG02_B, 6, EquipItem, Weapon, Strong, False
WLDAG02_C, 8, EquipItem, Weapon, Strong, False
WLDAG03_A, 5, EquipItem, Weapon, _NOT_SPECIFIED_, False
WLDAG03_B, 6, EquipItem, Weapon, _NOT_SPECIFIED_, False
WLDAG03_C, 7, EquipItem, Weapon, _NOT_SPECIFIED_, False
WLDAG03_D, 8, EquipItem, Weapon, _NOT_SPECIFIED_, False
WLDAG04_A, 5, EquipItem, Weapon, _NOT_SPECIFIED_, False
WLDAG04_B, 6, EquipItem, Weapon, _NOT_SPECIFIED_, False
WLDAG04_C, 7, EquipItem, Weapon, _NOT_SPECIFIED_, False
WLDAG04_D, 8, EquipItem, Weapon, _NOT_SPECIFIED_, False
WLDAG05_A, 4, EquipItem, Weapon, _NOT_SPECIFIED_, False
WLDAG05_B, 6, EquipItem, Weapon, _NOT_SPECIFIED_, False
WLDAG05_C, 8, EquipItem, Weapon, _NOT_SPECIFIED_, False
WLDAG06_A, 5, EquipItem, Weapon, _NOT_SPECIFIED_, False
WLDAG06_B, 6, EquipItem, Weapon, _NOT_SPECIFIED_, False
WLDAG06_C, 7, EquipItem, Weapon, _NOT_SPECIFIED_, False
WLDAG06_D, 8, EquipItem, Weapon, _NOT_SPECIFIED_, False
WLDAG07_A, 5, EquipItem, Weapon, RareM, False
WLDAG07_B, 7, EquipItem, Weapon, RareM, False
WLDAG07_C, 9, EquipItem, Weapon, RareM, False
WLDAG08_A, 5, EquipItem, Weapon, _NOT_SPECIFIED_, False
WLDAG08_B, 6, EquipItem, Weapon, _NOT_SPECIFIED_, False
WLDAG08_C, 7, EquipItem, Weapon, _NOT_SPECIFIED_, False
WLDAG08_D, 8, EquipItem, Weapon, _NOT_SPECIFIED_, False
WLDAG09_A, 5, EquipItem, Weapon, _NOT_SPECIFIED_, False
WLDAG09_B, 6, EquipItem, Weapon, _NOT_SPECIFIED_, False
WLDAG09_C, 8, EquipItem, Weapon, _NOT_SPECIFIED_, False
WLDAG09_D, 9, EquipItem, Weapon, RareM, False
WLDAG10_A, 5, EquipItem, Weapon, RareM, False
WLDAG10_B, 7, EquipItem, Weapon, RareM, False
WLDAG10_C, 9, EquipItem, Weapon, RareM, False
WLDAG11_A, 9, EquipItem, Weapon, RareM, False
WLDAG11_B, 4, EquipItem, Weapon, RareM, False
WLDAG11_C, 5, EquipItem, Weapon, RareM, False
WLDAG11_D, 7, EquipItem, Weapon, RareM, False
WLAXE_OLD_01, 2, EquipItem, Weapon, _NOT_SPECIFIED_, False
WLAXE01_A, 3, EquipItem, Weapon, _NOT_SPECIFIED_, False
WLAXE01_B, 4, EquipItem, Weapon, _NOT_SPECIFIED_, False
WLAXE01_C, 5, EquipItem, Weapon, RareM, False
WLAXE02_A, 5, EquipItem, Weapon, _NOT_SPECIFIED_, False
WLAXE02_B, 6, EquipItem, Weapon, _NOT_SPECIFIED_, False
WLAXE02_C, 7, EquipItem, Weapon, _NOT_SPECIFIED_, False
WLAXE02_D, 8, EquipItem, Weapon, _NOT_SPECIFIED_, False
WLAXE03_A, 5, EquipItem, Weapon, _NOT_SPECIFIED_, False
WLAXE03_B, 6, EquipItem, Weapon, _NOT_SPECIFIED_, False
WLAXE03_C, 7, EquipItem, Weapon, _NOT_SPECIFIED_, False
WLAXE03_D, 8, EquipItem, Weapon, _NOT_SPECIFIED_, False
WLAXE04_A, 6, EquipItem, Weapon, Strong, False
WLAXE04_B, 8, EquipItem, Weapon, Strong, False
WLAXE04_C, 9, EquipItem, Weapon, Strong, False
WLAXE05_A, 5, EquipItem, Weapon, RareM, False
WLAXE05_B, 7, EquipItem, Weapon, RareM, False
WLAXE05_C, 9, EquipItem, Weapon, RareM, False
WLAXE06_A, 5, EquipItem, Weapon, _NOT_SPECIFIED_, False
WLAXE06_B, 6, EquipItem, Weapon, _NOT_SPECIFIED_, False
WLAXE06_C, 7, EquipItem, Weapon, _NOT_SPECIFIED_, False
WLAXE06_D, 8, EquipItem, Weapon, _NOT_SPECIFIED_, False
WLAXE07_A, 5, EquipItem, Weapon, _NOT_SPECIFIED_, False
WLAXE07_B, 6, EquipItem, Weapon, _NOT_SPECIFIED_, False
WLAXE07_C, 7, EquipItem, Weapon, _NOT_SPECIFIED_, False
WLAXE07_D, 8, EquipItem, Weapon, _NOT_SPECIFIED_, False
WLAXE08_A, 6, EquipItem, Weapon, RareM, False
WLAXE08_B, 9, EquipItem, Weapon, RareM, False
WLAXE09_A, 7, EquipItem, Weapon, RareM, False
WLAXE09_B, 9, EquipItem, Weapon, RareM, False
WLAXE10_A, 5, EquipItem, Weapon, RareM, False
WLAXE10_B, 8, EquipItem, Weapon, RareM, False
WLAXE11_A, 6, EquipItem, Weapon, RareM, False
WLAXE11_B, 8, EquipItem, Weapon, RareM, False
WLAXE11_C, 9, EquipItem, Weapon, RareM, False
WHGSW_OLD_01, 2, EquipItem, Weapon, _NOT_SPECIFIED_, False
WHGSW01_A, 3, EquipItem, Weapon, _NOT_SPECIFIED_, False
WHGSW01_B, 4, EquipItem, Weapon, _NOT_SPECIFIED_, False
WHGSW01_C, 5, EquipItem, Weapon, RareM, False
WHGSW01_D, 5, EquipItem, Weapon, _NOT_SPECIFIED_, False
WHGSW01_GUARD_A, 4, EquipItem, Weapon, Strong, False
WHGSW01_GUARD_B, 6, EquipItem, Weapon, Strong, False
WHGSW01_GUARD_C, 8, EquipItem, Weapon, Strong, False
WHGSW02_A, 5, EquipItem, Weapon, _NOT_SPECIFIED_, False
WHGSW02_B, 6, EquipItem, Weapon, _NOT_SPECIFIED_, False
WHGSW02_C, 7, EquipItem, Weapon, _NOT_SPECIFIED_, False
WHGSW02_D, 8, EquipItem, Weapon, _NOT_SPECIFIED_, False
WHGSW03_A, 5, EquipItem, Weapon, _NOT_SPECIFIED_, False
WHGSW03_B, 6, EquipItem, Weapon, _NOT_SPECIFIED_, False
WHGSW03_C, 7, EquipItem, Weapon, _NOT_SPECIFIED_, False
WHGSW03_D, 8, EquipItem, Weapon, _NOT_SPECIFIED_, False
WHGSW04_A, 5, EquipItem, Weapon, _NOT_SPECIFIED_, False
WHGSW04_B, 6, EquipItem, Weapon, _NOT_SPECIFIED_, False
WHGSW04_C, 7, EquipItem, Weapon, _NOT_SPECIFIED_, False
WHGSW04_D, 8, EquipItem, Weapon, _NOT_SPECIFIED_, False
WHGSW05_A, 5, EquipItem, Weapon, _NOT_SPECIFIED_, False
WHGSW05_B, 6, EquipItem, Weapon, _NOT_SPECIFIED_, False
WHGSW05_C, 7, EquipItem, Weapon, _NOT_SPECIFIED_, False
WHGSW05_D, 8, EquipItem, Weapon, _NOT_SPECIFIED_, False
WHGSW06_A, 6, EquipItem, Weapon, RareM, False
WHGSW06_B, 9, EquipItem, Weapon, RareM, False
WHGSW07_A, 5, EquipItem, Weapon, RareM, False
WHGSW08_A, 7, EquipItem, Weapon, RareM, False
WHGSW08_B, 9, EquipItem, Weapon, RareM, False
WHGSW09_A, 5, EquipItem, Weapon, RareM, False
WHGSW09_B, 6, EquipItem, Weapon, RareM, False
WHGSW09_C, 8, EquipItem, Weapon, RareM, False
WHGSW09_D, 9, EquipItem, Weapon, RareM, False
WHGSW10_A, 5, EquipItem, Weapon, RareM, False
WHGSW10_B, 7, EquipItem, Weapon, RareM, False
WHGSW11_A, 5, EquipItem, Weapon, RareM, False
WHGSW11_B, 7, EquipItem, Weapon, RareM, False
WHGSW_EXCALIBUR_01, 5, EquipItem, Weapon, _NOT_SPECIFIED_, False
WHGSW_EXCALIBUR_02, 6, EquipItem, Weapon, _NOT_SPECIFIED_, False
WHGSW_EXCALIBUR_03, 7, EquipItem, Weapon, RareM, False
WHGSW_EXCALIBUR_04, 8, EquipItem, Weapon, RareM, False
WHSSW_OLD_01, 2, EquipItem, Weapon, _NOT_SPECIFIED_, False
WHSSW01_A, 3, EquipItem, Weapon, _NOT_SPECIFIED_, False
WHSSW01_B, 4, EquipItem, Weapon, _NOT_SPECIFIED_, False
WHSSW01_C, 5, EquipItem, Weapon, _NOT_SPECIFIED_, False
WHSSW02_A, 5, EquipItem, Weapon, _NOT_SPECIFIED_, False
WHSSW02_B, 6, EquipItem, Weapon, _NOT_SPECIFIED_, False
WHSSW02_C, 7, EquipItem, Weapon, _NOT_SPECIFIED_, False
WHSSW02_D, 8, EquipItem, Weapon, _NOT_SPECIFIED_, False
WHSSW03_A, 5, EquipItem, Weapon, _NOT_SPECIFIED_, False
WHSSW03_B, 6, EquipItem, Weapon, _NOT_SPECIFIED_, False
WHSSW03_C, 7, EquipItem, Weapon, _NOT_SPECIFIED_, False
WHSSW03_D, 8, EquipItem, Weapon, _NOT_SPECIFIED_, False
WHSSW04_A, 5, EquipItem, Weapon, RareM, False
WHSSW04_B, 7, EquipItem, Weapon, RareM, False
WHSSW04_C, 9, EquipItem, Weapon, RareM, False
WHSSW05_A, 5, EquipItem, Weapon, _NOT_SPECIFIED_, False
WHSSW05_B, 6, EquipItem, Weapon, _NOT_SPECIFIED_, False
WHSSW05_C, 7, EquipItem, Weapon, _NOT_SPECIFIED_, False
WHSSW05_D, 8, EquipItem, Weapon, _NOT_SPECIFIED_, False
WHSSW06_A, 6, EquipItem, Weapon, RareM, False
WHSSW06_B, 8, EquipItem, Weapon, RareM, False
WHSSW07_A, 4, EquipItem, Weapon, RareM, False
WHSSW07_B, 6, EquipItem, Weapon, RareM, False
WHSSW07_C, 8, EquipItem, Weapon, RareM, False
WHSSW08_A, 5, EquipItem, Weapon, _NOT_SPECIFIED_, False
WHSSW08_B, 6, EquipItem, Weapon, _NOT_SPECIFIED_, False
WHSSW08_C, 7, EquipItem, Weapon, _NOT_SPECIFIED_, False
WHSSW08_D, 8, EquipItem, Weapon, _NOT_SPECIFIED_, False
WHSSW09_A, 7, EquipItem, Weapon, RareM, False
WHSSW09_B, 9, EquipItem, Weapon, RareM, False
WHSSW10_A, 4, EquipItem, Weapon, RareM, False
WHSSW10_B, 6, EquipItem, Weapon, RareM, False
WHSSW10_C, 8, EquipItem, Weapon, RareM, False
WHSSW11_A, 6, EquipItem, Weapon, RareM, False
WHSSW11_B, 9, EquipItem, Weapon, RareM, False
WHSSW_HIDEYOSHI, 4, EquipItem, Weapon, RareM, False
WHSSW_IEYASU, 6, EquipItem, Weapon, RareM, False
WHSSW_NOBUNAGA, 8, EquipItem, Weapon, RareM, False
WHPSW01_A, 3, EquipItem, Weapon, _NOT_SPECIFIED_, False
WHPSW01_B, 4, EquipItem, Weapon, _NOT_SPECIFIED_, False
WHPSW01_C, 5, EquipItem, Weapon, Strong, False
WHPSW02_A, 5, EquipItem, Weapon, _NOT_SPECIFIED_, False
WHPSW02_B, 6, EquipItem, Weapon, _NOT_SPECIFIED_, False
WHPSW02_C, 7, EquipItem, Weapon, _NOT_SPECIFIED_, False
WHPSW02_D, 8, EquipItem, Weapon, _NOT_SPECIFIED_, False
WHPSW03_A, 5, EquipItem, Weapon, _NOT_SPECIFIED_, False
WHPSW03_B, 6, EquipItem, Weapon, _NOT_SPECIFIED_, False
WHPSW03_C, 7, EquipItem, Weapon, _NOT_SPECIFIED_, False
WHPSW03_D, 8, EquipItem, Weapon, _NOT_SPECIFIED_, False
WHPSW04_A, 5, EquipItem, Weapon, _NOT_SPECIFIED_, False
WHPSW04_B, 6, EquipItem, Weapon, _NOT_SPECIFIED_, False
WHPSW04_C, 7, EquipItem, Weapon, _NOT_SPECIFIED_, False
WHPSW04_D, 8, EquipItem, Weapon, _NOT_SPECIFIED_, False
WHPSW05_A, 5, EquipItem, Weapon, _NOT_SPECIFIED_, False
WHPSW05_B, 6, EquipItem, Weapon, _NOT_SPECIFIED_, False
WHPSW05_C, 7, EquipItem, Weapon, _NOT_SPECIFIED_, False
WHPSW05_D, 8, EquipItem, Weapon, _NOT_SPECIFIED_, False
WHPSW06_A, 6, EquipItem, Weapon, Strong, False
WHPSW06_B, 8, EquipItem, Weapon, Strong, False
WHPSW07_A, 7, EquipItem, Weapon, RareM, False
WHPSW07_B, 9, EquipItem, Weapon, RareM, False
WHPSW08_A, 4, EquipItem, Weapon, RareM, False
WHPSW08_B, 6, EquipItem, Weapon, RareM, False
WHPSW08_C, 8, EquipItem, Weapon, RareM, False
WHPSW09_A, 5, EquipItem, Weapon, RareM, False
WHPSW09_B, 6, EquipItem, Weapon, RareM, False
WHPSW09_C, 8, EquipItem, Weapon, RareM, False
WHPSW09_D, 9, EquipItem, Weapon, RareM, False
WHPSW10_A, 6, EquipItem, Weapon, RareM, False
WHPSW10_B, 8, EquipItem, Weapon, RareM, False
WHPSW11_A, 5, EquipItem, Weapon, RareM, False
WHPSW11_B, 7, EquipItem, Weapon, RareM, False
WHPSW11_C, 9, EquipItem, Weapon, RareM, False
GLONE_OLD_01, 2, EquipItem, Weapon, _NOT_SPECIFIED_, False
GLONE_OLD_02, 2, EquipItem, Weapon, _NOT_SPECIFIED_, False
GLONE01_A, 3, EquipItem, Weapon, _NOT_SPECIFIED_, False
GLONE01_B, 4, EquipItem, Weapon, _NOT_SPECIFIED_, False
GLONE01_C, 5, EquipItem, Weapon, _NOT_SPECIFIED_, False
GLONE01_D, 6, EquipItem, Weapon, _NOT_SPECIFIED_, False
GLONE01_E, 7, EquipItem, Weapon, _NOT_SPECIFIED_, False
GLONE01_F, 8, EquipItem, Weapon, _NOT_SPECIFIED_, False
GLONE02_A, 5, EquipItem, Weapon, RareM, False
GLONE02_B, 6, EquipItem, Weapon, RareM, False
GLONE02_C, 7, EquipItem, Weapon, RareM, False
GLONE02_D, 8, EquipItem, Weapon, RareM, False
GLONE03_A, 7, EquipItem, Weapon, RareM, False
GLONE03_B, 9, EquipItem, Weapon, RareM, False
GLONE04_A, 3, EquipItem, Weapon, _NOT_SPECIFIED_, False
GLONE04_B, 4, EquipItem, Weapon, _NOT_SPECIFIED_, False
GLONE04_C, 6, EquipItem, Weapon, _NOT_SPECIFIED_, False
GLONE04_D, 7, EquipItem, Weapon, _NOT_SPECIFIED_, False
GLONE05_A, 5, EquipItem, Weapon, _NOT_SPECIFIED_, False
GLONE05_B, 6, EquipItem, Weapon, _NOT_SPECIFIED_, False
GLONE05_C, 7, EquipItem, Weapon, _NOT_SPECIFIED_, False
GLONE05_D, 8, EquipItem, Weapon, _NOT_SPECIFIED_, False
GLONE06_A, 6, EquipItem, Weapon, RareM, False
GLONE06_B, 9, EquipItem, Weapon, RareM, False
GLONE07_A, 5, EquipItem, Weapon, _NOT_SPECIFIED_, False
GLONE07_B, 6, EquipItem, Weapon, _NOT_SPECIFIED_, False
GLONE07_C, 7, EquipItem, Weapon, _NOT_SPECIFIED_, False
GLONE07_D, 8, EquipItem, Weapon, _NOT_SPECIFIED_, False
GLONE08_A, 5, EquipItem, Weapon, RareM, False
GLONE08_B, 6, EquipItem, Weapon, RareM, False
GLONE08_C, 8, EquipItem, Weapon, RareM, False
GLONE09_A, 6, EquipItem, Weapon, RareM, False
GLONE09_B, 8, EquipItem, Weapon, RareM, False
GLONE09_C, 9, EquipItem, Weapon, RareM, False
GLONE10_A, 5, EquipItem, Weapon, _NOT_SPECIFIED_, False
GLONE10_B, 6, EquipItem, Weapon, _NOT_SPECIFIED_, False
GLONE10_C, 7, EquipItem, Weapon, _NOT_SPECIFIED_, False
GLONE10_D, 8, EquipItem, Weapon, _NOT_SPECIFIED_, False
GLONE11_A, 4, EquipItem, Weapon, RareM, False
GLONE11_B, 6, EquipItem, Weapon, RareM, False
GLONE11_C, 8, EquipItem, Weapon, RareM, False
GLONE12_A, 9, EquipItem, Weapon, RareM, False
GLONE13_A, 5, EquipItem, Weapon, _NOT_SPECIFIED_, False
GLONE13_B, 6, EquipItem, Weapon, _NOT_SPECIFIED_, False
GLONE13_C, 7, EquipItem, Weapon, _NOT_SPECIFIED_, False
GLONE13_D, 8, EquipItem, Weapon, _NOT_SPECIFIED_, False
GLONE14_A, 5, EquipItem, Weapon, RareM, False
GLONE14_B, 7, EquipItem, Weapon, RareM, False
GLONE15_A, 9, EquipItem, Weapon, RareM, False
GLONE16_A, 5, EquipItem, Weapon, RareM, False
GLONE17_A, 7, EquipItem, Weapon, RareM, False
GLONE18_A, 9, EquipItem, Weapon, RareM, False
GHMAC_OLD_01, 2, EquipItem, Weapon, _NOT_SPECIFIED_, False
GHMAC_OLD_02, 4, EquipItem, Weapon, _NOT_SPECIFIED_, False
GHMAC_OLD_03, 6, EquipItem, Weapon, _NOT_SPECIFIED_, False
GHMAC_OLD_04, 8, EquipItem, Weapon, _NOT_SPECIFIED_, False
GHMAC01_A, 3, EquipItem, Weapon, _NOT_SPECIFIED_, False
GHMAC01_B, 4, EquipItem, Weapon, _NOT_SPECIFIED_, False
GHMAC01_C, 4, EquipItem, Weapon, _NOT_SPECIFIED_, False
GHMAC01_D, 6, EquipItem, Weapon, _NOT_SPECIFIED_, False
GHMAC01_E, 8, EquipItem, Weapon, _NOT_SPECIFIED_, False
GHMAC02_A, 5, EquipItem, Weapon, _NOT_SPECIFIED_, False
GHMAC02_B, 6, EquipItem, Weapon, _NOT_SPECIFIED_, False
GHMAC02_C, 7, EquipItem, Weapon, _NOT_SPECIFIED_, False
GHMAC02_D, 8, EquipItem, Weapon, _NOT_SPECIFIED_, False
GHMAC02_E, 9, EquipItem, Weapon, _NOT_SPECIFIED_, False
GHMAC02_2_A, 9, EquipItem, Weapon, _NOT_SPECIFIED_, False
GHFLA01_ZERO, 3, EquipItem, Weapon, _NOT_SPECIFIED_, False
GHFLA01_A, 5, EquipItem, Weapon, _NOT_SPECIFIED_, False
GHFLA01_B, 6, EquipItem, Weapon, _NOT_SPECIFIED_, False
GHFLA01_C, 7, EquipItem, Weapon, _NOT_SPECIFIED_, False
GHFLA01_D, 8, EquipItem, Weapon, _NOT_SPECIFIED_, False
GHFLA01_2_A, 9, EquipItem, Weapon, RareM, False
GHFLA02_A, 4, EquipItem, Weapon, RareM, False
GHFLA02_B, 6, EquipItem, Weapon, RareM, False
GHFLA02_C, 8, EquipItem, Weapon, RareM, False
GHFLA02_D, 9, EquipItem, Weapon, RareM, False
GHELE01_A, 5, EquipItem, Weapon, _NOT_SPECIFIED_, False
GHELE01_B, 6, EquipItem, Weapon, _NOT_SPECIFIED_, False
GHELE01_C, 7, EquipItem, Weapon, _NOT_SPECIFIED_, False
GHELE01_D, 8, EquipItem, Weapon, _NOT_SPECIFIED_, False
GHELE01_2_A, 9, EquipItem, Weapon, RareM, False
GHELE02_A, 4, EquipItem, Weapon, RareM, False
GHELE02_B, 6, EquipItem, Weapon, RareM, False
GHELE02_C, 8, EquipItem, Weapon, RareM, False
GHELE02_D, 9, EquipItem, Weapon, RareM, False
GHBOM01_A, 5, EquipItem, Weapon, _NOT_SPECIFIED_, False
GHBOM01_B, 6, EquipItem, Weapon, _NOT_SPECIFIED_, False
GHBOM01_C, 7, EquipItem, Weapon, _NOT_SPECIFIED_, False
GHBOM01_D, 8, EquipItem, Weapon, _NOT_SPECIFIED_, False
GHBOM01_2_A, 9, EquipItem, Weapon, RareM, False
GHBOM02_A, 4, EquipItem, Weapon, RareM, False
GHBOM02_B, 6, EquipItem, Weapon, RareM, False
GHBOM02_C, 8, EquipItem, Weapon, RareM, False
GHBOM02_D, 9, EquipItem, Weapon, RareM, False
GHCHE01_A, 5, EquipItem, Weapon, _NOT_SPECIFIED_, False
GHCHE01_B, 6, EquipItem, Weapon, _NOT_SPECIFIED_, False
GHCHE01_C, 7, EquipItem, Weapon, _NOT_SPECIFIED_, False
GHCHE01_D, 8, EquipItem, Weapon, _NOT_SPECIFIED_, False
GHCHE01_2_A, 9, EquipItem, Weapon, RareM, False
GHCHE02_A, 4, EquipItem, Weapon, RareM, False
GHCHE02_B, 6, EquipItem, Weapon, RareM, False
GHCHE02_C, 8, EquipItem, Weapon, RareM, False
GHCHE02_D, 9, EquipItem, Weapon, RareM, False
BLADGEAR_SWORD00, 3, EquipItem, Weapon, _NOT_SPECIFIED_, True
BLADGEAR_SWORD01, 4, EquipItem, Weapon, _NOT_SPECIFIED_, True
BLADGEAR_GUN00, 3, EquipItem, Weapon, _NOT_SPECIFIED_, True
BLADGEAR_GUN01, 4, EquipItem, Weapon, _NOT_SPECIFIED_, True
WLLSW_DW, 5, EquipItem, Weapon, _NOT_SPECIFIED_, False
GLONE_DW, 5, EquipItem, Weapon, _NOT_SPECIFIED_, False
MAMCR01_DW, 1, EquipItem, _NOT_SPECIFIED_, _NOT_SPECIFIED_, True
MAMCR02_DW, 1, EquipItem, _NOT_SPECIFIED_, _NOT_SPECIFIED_, True
MAMCR03_DW, 1, EquipItem, _NOT_SPECIFIED_, _NOT_SPECIFIED_, True
MAMCR04_DW, 1, EquipItem, _NOT_SPECIFIED_, _NOT_SPECIFIED_, True
MAMCR05_DW, 1, EquipItem, _NOT_SPECIFIED_, _NOT_SPECIFIED_, True
MAMCR06_DW, 1, EquipItem, _NOT_SPECIFIED_, _NOT_SPECIFIED_, True
MAMCR07_DW, 1, EquipItem, _NOT_SPECIFIED_, _NOT_SPECIFIED_, True
MAMCR08_DW, 1, EquipItem, _NOT_SPECIFIED_, _NOT_SPECIFIED_, True
MAMCR09_DW, 1, EquipItem, _NOT_SPECIFIED_, _NOT_SPECIFIED_, True
MAMCR10_DW, 1, EquipItem, _NOT_SPECIFIED_, _NOT_SPECIFIED_, True
MAMCR11_DW, 1, EquipItem, _NOT_SPECIFIED_, _NOT_SPECIFIED_, True
MAMCR12_DW, 1, EquipItem, _NOT_SPECIFIED_, _NOT_SPECIFIED_, True
MAMCR13_DW, 1, EquipItem, _NOT_SPECIFIED_, _NOT_SPECIFIED_, True
MAMCR14_DW, 1, EquipItem, _NOT_SPECIFIED_, _NOT_SPECIFIED_, True
MAMCR15_DW, 1, EquipItem, _NOT_SPECIFIED_, _NOT_SPECIFIED_, True
MAMCR16_DW, 1, EquipItem, _NOT_SPECIFIED_, _NOT_SPECIFIED_, True
MAMCR17_DW, 1, EquipItem, _NOT_SPECIFIED_, _NOT_SPECIFIED_, True
MAMCR18_DW, 1, EquipItem, _NOT_SPECIFIED_, _NOT_SPECIFIED_, True
WLLSW01_MW, 5, EquipItem, Weapon, _NOT_SPECIFIED_, False
WHGSW01_MW, 5, EquipItem, Weapon, _NOT_SPECIFIED_, False
GLONE01_MW, 5, EquipItem, Weapon, _NOT_SPECIFIED_, False
GHMAC01_MW, 5, EquipItem, Weapon, _NOT_SPECIFIED_, False
MACL01_A, 2, EquipItem, Armor, _NOT_SPECIFIED_, False
MACL02_A, 2, EquipItem, Armor, _NOT_SPECIFIED_, False
MACL03_A, 2, EquipItem, Armor, _NOT_SPECIFIED_, False
MACL04_A, 5, EquipItem, Armor, _NOT_SPECIFIED_, False
MANA01_A, 2, EquipItem, Armor, _NOT_SPECIFIED_, False
MANA02_A, 3, EquipItem, Armor, _NOT_SPECIFIED_, False
MANA03_A, 5, EquipItem, Armor, _NOT_SPECIFIED_, False
MANA04_A, 6, EquipItem, Armor, _NOT_SPECIFIED_, False
MANA05_A, 6, EquipItem, Armor, _NOT_SPECIFIED_, False
MANA05_B, 8, EquipItem, Armor, _NOT_SPECIFIED_, False
MANA05_C, 9, EquipItem, Armor, _NOT_SPECIFIED_, False
MANA06_A, 5, EquipItem, Armor, _NOT_SPECIFIED_, False
MANA07_A, 6, EquipItem, Armor, _NOT_SPECIFIED_, False
MANA08_A, 7, EquipItem, Armor, _NOT_SPECIFIED_, False
MANA09_A, 8, EquipItem, Armor, _NOT_SPECIFIED_, False
MANA09_B, 9, EquipItem, Armor, _NOT_SPECIFIED_, False
MANA10_A, 8, EquipItem, Armor, _NOT_SPECIFIED_, False
MANA10_B, 9, EquipItem, Armor, _NOT_SPECIFIED_, False
MANA_BONE01, 4, EquipItem, Armor, _NOT_SPECIFIED_, False
MANA_BONE02, 6, EquipItem, Armor, _NOT_SPECIFIED_, False
MANA_BONE03, 8, EquipItem, Armor, _NOT_SPECIFIED_, False
MANA_BONE04, 9, EquipItem, Armor, _NOT_SPECIFIED_, False
MANA_BEAST01, 4, EquipItem, Armor, _NOT_SPECIFIED_, False
MANA_BEAST02, 6, EquipItem, Armor, _NOT_SPECIFIED_, False
MANA_BEAST03, 8, EquipItem, Armor, _NOT_SPECIFIED_, False
MANA_BEAST04, 9, EquipItem, Armor, _NOT_SPECIFIED_, False
MANA_SNAKE01, 4, EquipItem, Armor, _NOT_SPECIFIED_, False
MANA_SNAKE02, 5, EquipItem, Armor, _NOT_SPECIFIED_, False
MANA_SNAKE03, 7, EquipItem, Armor, _NOT_SPECIFIED_, False
MANA_SNAKE04, 9, EquipItem, Armor, _NOT_SPECIFIED_, False
MANA11_A, 3, EquipItem, Armor, _NOT_SPECIFIED_, False
MANA12_A, 4, EquipItem, Armor, _NOT_SPECIFIED_, False
MANA13_A, 5, EquipItem, Armor, _NOT_SPECIFIED_, False
MANA14_A, 6, EquipItem, Armor, _NOT_SPECIFIED_, False
MANA15_A, 7, EquipItem, Armor, _NOT_SPECIFIED_, False
MANA15_B, 8, EquipItem, Armor, _NOT_SPECIFIED_, False
MANA16_A, 9, EquipItem, Armor, _NOT_SPECIFIED_, False
MAFA01_A, 4, EquipItem, Armor, Strong, False
MAFA02_A, 5, EquipItem, Armor, Strong, False
MAFA03_A, 6, EquipItem, Armor, Strong, False
MAFA04_A, 7, EquipItem, Armor, Strong, False
MAFA05_A, 8, EquipItem, Armor, Strong, False
MAFA06_A, 9, EquipItem, Armor, Strong, False
MAFA07_A, 9, EquipItem, Armor, Strong, False
MAFA08_A, 7, EquipItem, Armor, _NOT_SPECIFIED_, False
MAFA09_A, 8, EquipItem, Armor, _NOT_SPECIFIED_, False
MARO00_A, 2, EquipItem, Armor, _NOT_SPECIFIED_, False
MARO00_B, 2, EquipItem, Armor, _NOT_SPECIFIED_, False
MARO01_A, 3, EquipItem, Armor, _NOT_SPECIFIED_, False
MARO02_A, 4, EquipItem, Armor, _NOT_SPECIFIED_, False
MARO03_A, 5, EquipItem, Armor, _NOT_SPECIFIED_, False
MARO04_A, 6, EquipItem, Armor, _NOT_SPECIFIED_, False
MARO05_A, 8, EquipItem, Armor, _NOT_SPECIFIED_, False
MARO05_B, 9, EquipItem, Armor, _NOT_SPECIFIED_, False
MARO06_A, 5, EquipItem, Armor, _NOT_SPECIFIED_, False
MARO06_B, 8, EquipItem, Armor, _NOT_SPECIFIED_, False
MARO07_A, 5, EquipItem, Armor, _NOT_SPECIFIED_, False
MARO07_B, 8, EquipItem, Armor, _NOT_SPECIFIED_, False
MARO08_A, 5, EquipItem, Armor, _NOT_SPECIFIED_, False
MARO08_B, 8, EquipItem, Armor, _NOT_SPECIFIED_, False
MARO09_A, 7, EquipItem, Armor, _NOT_SPECIFIED_, False
MARO10_A, 5, EquipItem, Armor, _NOT_SPECIFIED_, False
MARO11_A, 7, EquipItem, Armor, Glitter, False
MARO11_B, 8, EquipItem, Armor, Glitter, False
MARO11_C, 9, EquipItem, Armor, Glitter, False
MARO_ALL01, 5, EquipItem, Armor, _NOT_SPECIFIED_, False
MARO_ALL02, 7, EquipItem, Armor, _NOT_SPECIFIED_, False
MARO_ALL03, 9, EquipItem, Armor, Womens, False
MARO12_A, 4, EquipItem, Armor, Womens, False
MARO12_B, 6, EquipItem, Armor, Womens, False
MARO12_C, 8, EquipItem, Armor, Glitter, False
MARO12_D, 9, EquipItem, Armor, Womens, False
MARO13_A, 4, EquipItem, Armor, _NOT_SPECIFIED_, False
MARO14_A, 6, EquipItem, Armor, _NOT_SPECIFIED_, False
MARO15_A, 8, EquipItem, Armor, _NOT_SPECIFIED_, False
MACW01_DM, 2, EquipItem, _NOT_SPECIFIED_, _NOT_SPECIFIED_, True
MACW02_DM, 2, EquipItem, _NOT_SPECIFIED_, _NOT_SPECIFIED_, True
MACW03_DM, 2, EquipItem, _NOT_SPECIFIED_, _NOT_SPECIFIED_, True
MACW04_DM, 2, EquipItem, _NOT_SPECIFIED_, _NOT_SPECIFIED_, True
MACW05_DM, 3, EquipItem, _NOT_SPECIFIED_, _NOT_SPECIFIED_, True
MACW06_DM, 3, EquipItem, _NOT_SPECIFIED_, _NOT_SPECIFIED_, True
MACW07_DM, 3, EquipItem, _NOT_SPECIFIED_, _NOT_SPECIFIED_, True
MACW08_DM, 3, EquipItem, _NOT_SPECIFIED_, _NOT_SPECIFIED_, True
MACW09_DM, 3, EquipItem, _NOT_SPECIFIED_, _NOT_SPECIFIED_, True
SAIN01_A, 2, EquipItem, _NOT_SPECIFIED_, _NOT_SPECIFIED_, False
SAIN01_B, 2, EquipItem, _NOT_SPECIFIED_, Womens, False
SAIN02_A, 2, EquipItem, _NOT_SPECIFIED_, _NOT_SPECIFIED_, False
SAIN03_A, 2, EquipItem, _NOT_SPECIFIED_, _NOT_SPECIFIED_, False
SAIN04_A, 3, EquipItem, _NOT_SPECIFIED_, _NOT_SPECIFIED_, False
SAIN05_A, 3, EquipItem, _NOT_SPECIFIED_, Womens, False
SAIN06_A, 4, EquipItem, _NOT_SPECIFIED_, _NOT_SPECIFIED_, False
SAIN06_B, 4, EquipItem, _NOT_SPECIFIED_, _NOT_SPECIFIED_, False
SAIN07_A, 4, EquipItem, _NOT_SPECIFIED_, Womens, False
SAIN08_A, 3, EquipItem, _NOT_SPECIFIED_, _NOT_SPECIFIED_, False
SAIN09_A, 5, EquipItem, _NOT_SPECIFIED_, _NOT_SPECIFIED_, False
SAIN09_B, 6, EquipItem, _NOT_SPECIFIED_, _NOT_SPECIFIED_, False
SAIN10_A, 3, EquipItem, _NOT_SPECIFIED_, Womens, False
SAIN11_A, 5, EquipItem, _NOT_SPECIFIED_, Womens, False
SAIN12_A, 7, EquipItem, _NOT_SPECIFIED_, Womens, False
SAIN13_A, 4, EquipItem, _NOT_SPECIFIED_, _NOT_SPECIFIED_, False
SAIN13_B, 7, EquipItem, _NOT_SPECIFIED_, _NOT_SPECIFIED_, False
SAIN14_A, 4, EquipItem, _NOT_SPECIFIED_, _NOT_SPECIFIED_, False
SAIN14_B, 7, EquipItem, _NOT_SPECIFIED_, _NOT_SPECIFIED_, False
SAHE01_A, 2, EquipItem, _NOT_SPECIFIED_, _NOT_SPECIFIED_, False
SAHE02_A, 2, EquipItem, _NOT_SPECIFIED_, _NOT_SPECIFIED_, False
SAHE03_A, 2, EquipItem, _NOT_SPECIFIED_, _NOT_SPECIFIED_, False
SAHE04_A, 3, EquipItem, _NOT_SPECIFIED_, _NOT_SPECIFIED_, False
SAHE05_A, 4, EquipItem, _NOT_SPECIFIED_, _NOT_SPECIFIED_, False
SAHE05_B, 5, EquipItem, _NOT_SPECIFIED_, _NOT_SPECIFIED_, False
SAHE06_A, 3, EquipItem, _NOT_SPECIFIED_, _NOT_SPECIFIED_, False
SAHE07_A, 4, EquipItem, _NOT_SPECIFIED_, _NOT_SPECIFIED_, False
SAHE07_B, 5, EquipItem, _NOT_SPECIFIED_, _NOT_SPECIFIED_, False
SAHE08_A, 3, EquipItem, _NOT_SPECIFIED_, _NOT_SPECIFIED_, False
SAHE09_A, 2, EquipItem, _NOT_SPECIFIED_, _NOT_SPECIFIED_, False
SAHE10_A, 3, EquipItem, _NOT_SPECIFIED_, _NOT_SPECIFIED_, False
SAHE10_B, 5, EquipItem, _NOT_SPECIFIED_, _NOT_SPECIFIED_, False
SAHE11_A, 2, EquipItem, _NOT_SPECIFIED_, _NOT_SPECIFIED_, False
SAHE12_A, 2, EquipItem, _NOT_SPECIFIED_, _NOT_SPECIFIED_, False
SAHE13_A, 3, EquipItem, _NOT_SPECIFIED_, _NOT_SPECIFIED_, False
SAHE14_A, 3, EquipItem, _NOT_SPECIFIED_, _NOT_SPECIFIED_, False
SAHE15_A, 4, EquipItem, _NOT_SPECIFIED_, _NOT_SPECIFIED_, False
SAHE15_B, 5, EquipItem, _NOT_SPECIFIED_, _NOT_SPECIFIED_, False
SAHE16_A, 5, EquipItem, _NOT_SPECIFIED_, _NOT_SPECIFIED_, False
SAHE17_A, 2, EquipItem, _NOT_SPECIFIED_, Womens, False
SAHE18_A, 3, EquipItem, _NOT_SPECIFIED_, Womens, False
SAHE18_B, 3, EquipItem, _NOT_SPECIFIED_, Womens, False
SAHE18_C, 3, EquipItem, _NOT_SPECIFIED_, Womens, False
SAHE18_D, 3, EquipItem, _NOT_SPECIFIED_, Womens, False
SAHE18_E, 5, EquipItem, _NOT_SPECIFIED_, Womens, False
SAHE18_F, 5, EquipItem, _NOT_SPECIFIED_, Womens, False
SAHE18_G, 5, EquipItem, _NOT_SPECIFIED_, Womens, False
SAHE18_H, 5, EquipItem, _NOT_SPECIFIED_, Womens, False
SAHE19_A, 4, EquipItem, _NOT_SPECIFIED_, Womens, False
SAHE20_A, 7, EquipItem, _NOT_SPECIFIED_, Womens, False
SAHE21_A, 2, EquipItem, _NOT_SPECIFIED_, Strong, False
SAHE22_A, 2, EquipItem, _NOT_SPECIFIED_, Strong, False
SAHE23_A, 3, EquipItem, _NOT_SPECIFIED_, Strong, False
SAHE24_A, 3, EquipItem, _NOT_SPECIFIED_, Strong, False
SAHE25_A, 4, EquipItem, _NOT_SPECIFIED_, Strong, False
SAHE26_A, 2, EquipItem, _NOT_SPECIFIED_, _NOT_SPECIFIED_, False
SAGL01_A, 2, EquipItem, _NOT_SPECIFIED_, _NOT_SPECIFIED_, False
SAGL02_A, 2, EquipItem, _NOT_SPECIFIED_, _NOT_SPECIFIED_, False
SAGL03_A, 2, EquipItem, _NOT_SPECIFIED_, _NOT_SPECIFIED_, False
SAGL04_A, 2, EquipItem, _NOT_SPECIFIED_, _NOT_SPECIFIED_, False
SAGL05_A, 3, EquipItem, _NOT_SPECIFIED_, _NOT_SPECIFIED_, False
SAGL06_A, 4, EquipItem, _NOT_SPECIFIED_, _NOT_SPECIFIED_, False
SAGL06_B, 5, EquipItem, _NOT_SPECIFIED_, _NOT_SPECIFIED_, False
SAGL07_A, 3, EquipItem, _NOT_SPECIFIED_, Strong, False
SAGL07_B, 4, EquipItem, _NOT_SPECIFIED_, Strong, False
SAGL08_A, 4, EquipItem, _NOT_SPECIFIED_, _NOT_SPECIFIED_, False
SAGL09_A, 3, EquipItem, _NOT_SPECIFIED_, _NOT_SPECIFIED_, False
SAGL10_A, 5, EquipItem, _NOT_SPECIFIED_, _NOT_SPECIFIED_, False
SAGL11_A, 3, EquipItem, _NOT_SPECIFIED_, _NOT_SPECIFIED_, False
SAGL12_A, 2, EquipItem, _NOT_SPECIFIED_, _NOT_SPECIFIED_, False
SAGL13_A, 4, EquipItem, _NOT_SPECIFIED_, _NOT_SPECIFIED_, False
SAGL13_B, 5, EquipItem, _NOT_SPECIFIED_, _NOT_SPECIFIED_, False
SAGL14_A, 2, EquipItem, _NOT_SPECIFIED_, _NOT_SPECIFIED_, False
SAGL15_A, 3, EquipItem, _NOT_SPECIFIED_, _NOT_SPECIFIED_, False
SAGL16_A, 4, EquipItem, _NOT_SPECIFIED_, _NOT_SPECIFIED_, False
SAGL17_A, 2, EquipItem, _NOT_SPECIFIED_, _NOT_SPECIFIED_, False
SAGL18_A, 5, EquipItem, _NOT_SPECIFIED_, Glitter, False
SAGL18_B, 7, EquipItem, _NOT_SPECIFIED_, Glitter, False
SAGL19_A, 3, EquipItem, _NOT_SPECIFIED_, _NOT_SPECIFIED_, False
SAGL20_A, 4, EquipItem, _NOT_SPECIFIED_, Womens, False
SAGL20_B, 5, EquipItem, _NOT_SPECIFIED_, _NOT_SPECIFIED_, False
SAGL21_A, 4, EquipItem, _NOT_SPECIFIED_, _NOT_SPECIFIED_, False
SAGL21_B, 5, EquipItem, _NOT_SPECIFIED_, _NOT_SPECIFIED_, False
SASH00_A, 2, EquipItem, _NOT_SPECIFIED_, _NOT_SPECIFIED_, False
SASH00_B, 2, EquipItem, _NOT_SPECIFIED_, _NOT_SPECIFIED_, False
SASH00_C, 2, EquipItem, _NOT_SPECIFIED_, _NOT_SPECIFIED_, False
SASH00_D, 2, EquipItem, _NOT_SPECIFIED_, Womens, False
SASH01_A, 2, EquipItem, _NOT_SPECIFIED_, _NOT_SPECIFIED_, False
SASH02_A, 2, EquipItem, _NOT_SPECIFIED_, _NOT_SPECIFIED_, False
SASH03_A, 2, EquipItem, _NOT_SPECIFIED_, _NOT_SPECIFIED_, False
SASH04_A, 3, EquipItem, _NOT_SPECIFIED_, _NOT_SPECIFIED_, False
SASH04_B, 3, EquipItem, _NOT_SPECIFIED_, _NOT_SPECIFIED_, False
SASH05_A, 4, EquipItem, _NOT_SPECIFIED_, _NOT_SPECIFIED_, False
SASH05_B, 4, EquipItem, _NOT_SPECIFIED_, _NOT_SPECIFIED_, False
SASH06_A, 5, EquipItem, _NOT_SPECIFIED_, _NOT_SPECIFIED_, False
SASH07_A, 2, EquipItem, _NOT_SPECIFIED_, _NOT_SPECIFIED_, False
SASH08_A, 3, EquipItem, _NOT_SPECIFIED_, _NOT_SPECIFIED_, False
SASH09_A, 4, EquipItem, _NOT_SPECIFIED_, _NOT_SPECIFIED_, False
SASH09_B, 4, EquipItem, _NOT_SPECIFIED_, _NOT_SPECIFIED_, False
SASH09_C, 5, EquipItem, _NOT_SPECIFIED_, _NOT_SPECIFIED_, False
SASH10_A, 4, EquipItem, _NOT_SPECIFIED_, _NOT_SPECIFIED_, False
SASH10_B, 5, EquipItem, _NOT_SPECIFIED_, _NOT_SPECIFIED_, False
SASH11_A, 3, EquipItem, _NOT_SPECIFIED_, _NOT_SPECIFIED_, False
SASH12_A, 4, EquipItem, _NOT_SPECIFIED_, _NOT_SPECIFIED_, False
SASH12_B, 5, EquipItem, _NOT_SPECIFIED_, _NOT_SPECIFIED_, False
SASH13_A, 2, EquipItem, _NOT_SPECIFIED_, Glitter, False
SASH14_A, 3, EquipItem, _NOT_SPECIFIED_, Glitter, False
SASH15_A, 4, EquipItem, _NOT_SPECIFIED_, Glitter, False
SASH16_A, 3, EquipItem, _NOT_SPECIFIED_, _NOT_SPECIFIED_, False
SASH16_B, 3, EquipItem, _NOT_SPECIFIED_, _NOT_SPECIFIED_, False
SASH16_C, 4, EquipItem, _NOT_SPECIFIED_, _NOT_SPECIFIED_, False
SASH17_A, 3, EquipItem, _NOT_SPECIFIED_, _NOT_SPECIFIED_, False
SASH17_A2, 4, EquipItem, _NOT_SPECIFIED_, _NOT_SPECIFIED_, False
SASH17_B, 3, EquipItem, _NOT_SPECIFIED_, _NOT_SPECIFIED_, False
SASH17_B2, 4, EquipItem, _NOT_SPECIFIED_, _NOT_SPECIFIED_, False
SAAC00_A, 1, EquipItem, _NOT_SPECIFIED_, _NOT_SPECIFIED_, False
SAAC01_A, 2, EquipItem, _NOT_SPECIFIED_, _NOT_SPECIFIED_, False
SAAC02_A, 2, EquipItem, _NOT_SPECIFIED_, _NOT_SPECIFIED_, False
SAAC03_A, 2, EquipItem, _NOT_SPECIFIED_, _NOT_SPECIFIED_, False
SAAC04_A, 2, EquipItem, _NOT_SPECIFIED_, _NOT_SPECIFIED_, False
SAAC05_A, 2, EquipItem, _NOT_SPECIFIED_, _NOT_SPECIFIED_, False
SAAC06_A, 2, EquipItem, _NOT_SPECIFIED_, _NOT_SPECIFIED_, False
SAAC07_A, 3, EquipItem, _NOT_SPECIFIED_, _NOT_SPECIFIED_, False
SAAC08_A, 3, EquipItem, _NOT_SPECIFIED_, _NOT_SPECIFIED_, False
SAAC09_A, 3, EquipItem, _NOT_SPECIFIED_, _NOT_SPECIFIED_, False
SAAC10_A, 3, EquipItem, _NOT_SPECIFIED_, _NOT_SPECIFIED_, False
SAAC11_A, 3, EquipItem, _NOT_SPECIFIED_, _NOT_SPECIFIED_, False
SAAC12_A, 3, EquipItem, _NOT_SPECIFIED_, _NOT_SPECIFIED_, False
SAAC13_A, 3, EquipItem, _NOT_SPECIFIED_, _NOT_SPECIFIED_, False
SAAC14_A, 3, EquipItem, _NOT_SPECIFIED_, Glitter, False
SAAC14_B, 4, EquipItem, _NOT_SPECIFIED_, Glitter, False
SAAC15_A, 3, EquipItem, _NOT_SPECIFIED_, _NOT_SPECIFIED_, False
SAAC15_B, 4, EquipItem, _NOT_SPECIFIED_, _NOT_SPECIFIED_, False
SAAC16_A, 3, EquipItem, _NOT_SPECIFIED_, _NOT_SPECIFIED_, False
SAAC16_B, 4, EquipItem, _NOT_SPECIFIED_, _NOT_SPECIFIED_, False
SAAC17_A, 3, EquipItem, _NOT_SPECIFIED_, Glitter, False
SAAC17_B, 4, EquipItem, _NOT_SPECIFIED_, Glitter, False
SAAC18_A, 3, EquipItem, _NOT_SPECIFIED_, _NOT_SPECIFIED_, False
SAAC18_B, 4, EquipItem, _NOT_SPECIFIED_, _NOT_SPECIFIED_, False
SAAC19_A, 3, EquipItem, _NOT_SPECIFIED_, Glitter, False
SAAC19_B, 4, EquipItem, _NOT_SPECIFIED_, Glitter, False
SAAC20_A, 3, EquipItem, _NOT_SPECIFIED_, _NOT_SPECIFIED_, False
SAAC20_B, 4, EquipItem, _NOT_SPECIFIED_, _NOT_SPECIFIED_, False
SAAC21_A, 3, EquipItem, _NOT_SPECIFIED_, _NOT_SPECIFIED_, False
SAAC21_B, 4, EquipItem, _NOT_SPECIFIED_, _NOT_SPECIFIED_, False
SAAC22_A, 3, EquipItem, _NOT_SPECIFIED_, _NOT_SPECIFIED_, False
SAAC22_B, 4, EquipItem, _NOT_SPECIFIED_, _NOT_SPECIFIED_, False
SAAC23_A, 5, EquipItem, _NOT_SPECIFIED_, _NOT_SPECIFIED_, False
SAAC23_B, 8, EquipItem, _NOT_SPECIFIED_, _NOT_SPECIFIED_, False
SAAC24_A, 3, EquipItem, _NOT_SPECIFIED_, _NOT_SPECIFIED_, False
SAAC25_A, 3, EquipItem, _NOT_SPECIFIED_, _NOT_SPECIFIED_, False
SAAC26_A, 3, EquipItem, _NOT_SPECIFIED_, _NOT_SPECIFIED_, False
SAAC27_A, 3, EquipItem, _NOT_SPECIFIED_, _NOT_SPECIFIED_, False
SAAC28_A, 3, EquipItem, _NOT_SPECIFIED_, _NOT_SPECIFIED_, False
SAAC29_A, 3, EquipItem, _NOT_SPECIFIED_, _NOT_SPECIFIED_, False
SAAC30_A, 4, EquipItem, _NOT_SPECIFIED_, _NOT_SPECIFIED_, False
SAAC31_A, 4, EquipItem, _NOT_SPECIFIED_, _NOT_SPECIFIED_, False
SAAC32_A, 4, EquipItem, _NOT_SPECIFIED_, _NOT_SPECIFIED_, False
SAAC33_A, 4, EquipItem, _NOT_SPECIFIED_, _NOT_SPECIFIED_, False
SAAC34_A, 1, EquipItem, _NOT_SPECIFIED_, _NOT_SPECIFIED_, False
SAAC35_A, 3, EquipItem, _NOT_SPECIFIED_, _NOT_SPECIFIED_, False
SAAC35_B, 4, EquipItem, _NOT_SPECIFIED_, _NOT_SPECIFIED_, False
SAAC36_A, 2, EquipItem, _NOT_SPECIFIED_, _NOT_SPECIFIED_, False
SAAC37_A, 2, EquipItem, _NOT_SPECIFIED_, _NOT_SPECIFIED_, False
SAAC37_B, 3, EquipItem, _NOT_SPECIFIED_, _NOT_SPECIFIED_, False
SAAC_RING_FOOL, 6, EquipItem, _NOT_SPECIFIED_, _NOT_SPECIFIED_, False
SAAC_RING_ATK, 6, EquipItem, _NOT_SPECIFIED_, _NOT_SPECIFIED_, False
SAAC_RING_DEF, 6, EquipItem, _NOT_SPECIFIED_, _NOT_SPECIFIED_, False
SAAC_RING_AGL, 6, EquipItem, _NOT_SPECIFIED_, _NOT_SPECIFIED_, False
SAAC_RING_MAG, 6, EquipItem, _NOT_SPECIFIED_, _NOT_SPECIFIED_, False
SAAC_DUMBBELL_1, 2, EquipItem, _NOT_SPECIFIED_, Dumbbell, False
SAAC_DUMBBELL_2, 3, EquipItem, _NOT_SPECIFIED_, Dumbbell, False
SAAC_DUMBBELL_3, 4, EquipItem, _NOT_SPECIFIED_, Dumbbell, False
SAAC_DUMBBELL_4, 5, EquipItem, _NOT_SPECIFIED_, Dumbbell, False
SAAC_WATCH_1, 2, EquipItem, _NOT_SPECIFIED_, Watch, False
SAAC_WATCH_2, 4, EquipItem, _NOT_SPECIFIED_, Watch, False
SAAC_WATCH_3, 6, EquipItem, _NOT_SPECIFIED_, Watch, False
SAAC_WATCH_4, 9, EquipItem, _NOT_SPECIFIED_, Watch, False
SAAC_TICKET_0, 1, EquipItem, _NOT_SPECIFIED_, Ticket, False
SAAC_TICKET_1, 2, EquipItem, _NOT_SPECIFIED_, Ticket, False
SAAC_TICKET_2, 3, EquipItem, _NOT_SPECIFIED_, Ticket, False
SAAC_TICKET_3, 4, EquipItem, _NOT_SPECIFIED_, Ticket, False
SAAC_TICKET_4, 5, EquipItem, _NOT_SPECIFIED_, Ticket, False
SAAC_TICKET_5, 6, EquipItem, _NOT_SPECIFIED_, Ticket, False
SAAC_GIVEAWAY_1, 1, EquipItem, _NOT_SPECIFIED_, _NOT_SPECIFIED_, False
SAAC_GIVEAWAY_2, 2, EquipItem, _NOT_SPECIFIED_, Glitter, False
SAAC_GIVEAWAY_3, 2, EquipItem, _NOT_SPECIFIED_, _NOT_SPECIFIED_, False
SAAC_GIVEAWAY_4, 3, EquipItem, _NOT_SPECIFIED_, _NOT_SPECIFIED_, False
SAAC_GIVEAWAY_5, 3, EquipItem, _NOT_SPECIFIED_, _NOT_SPECIFIED_, False
SAAC_GIVEAWAY_6, 4, EquipItem, _NOT_SPECIFIED_, _NOT_SPECIFIED_, False
SAAC_GIVEAWAY_7, 4, EquipItem, _NOT_SPECIFIED_, _NOT_SPECIFIED_, False
SAAC_GIVEAWAY_8, 5, EquipItem, _NOT_SPECIFIED_, _NOT_SPECIFIED_, False
SAAC_ABILITY_UP_1, 3, EquipItem, _NOT_SPECIFIED_, _NOT_SPECIFIED_, False
SAAC_ABILITY_UP_2, 4, EquipItem, _NOT_SPECIFIED_, _NOT_SPECIFIED_, False
SAAC_ABILITY_UP_3, 5, EquipItem, _NOT_SPECIFIED_, _NOT_SPECIFIED_, False
SAAC_MASTR_CROWN_1, 8, EquipItem, _NOT_SPECIFIED_, _NOT_SPECIFIED_, False
BLADGEAR_MANA00, 3, EquipItem, _NOT_SPECIFIED_, _NOT_SPECIFIED_, True
BLADGEAR_MANA01, 4, EquipItem, _NOT_SPECIFIED_, _NOT_SPECIFIED_, True
BLADGEAR_SAGL00, 3, EquipItem, _NOT_SPECIFIED_, _NOT_SPECIFIED_, True
BLADGEAR_SAGL01, 4, EquipItem, _NOT_SPECIFIED_, _NOT_SPECIFIED_, True
BLADGEAR_SAHE00, 3, EquipItem, _NOT_SPECIFIED_, _NOT_SPECIFIED_, True
BLADGEAR_SAHE01, 4, EquipItem, _NOT_SPECIFIED_, _NOT_SPECIFIED_, True
BLADGEAR_SASH00, 3, EquipItem, _NOT_SPECIFIED_, _NOT_SPECIFIED_, True
BLADGEAR_SASH01, 4, EquipItem, _NOT_SPECIFIED_, _NOT_SPECIFIED_, True
MANA01_DM, 3, EquipItem, _NOT_SPECIFIED_, _NOT_SPECIFIED_, False
MAFA01_DM, 3, EquipItem, _NOT_SPECIFIED_, _NOT_SPECIFIED_, False
MARO01_DM, 3, EquipItem, _NOT_SPECIFIED_, _NOT_SPECIFIED_, False
SAIN01_DS, 3, EquipItem, _NOT_SPECIFIED_, _NOT_SPECIFIED_, False
SAHE01_DS, 3, EquipItem, _NOT_SPECIFIED_, _NOT_SPECIFIED_, False
SAGL01_DS, 3, EquipItem, _NOT_SPECIFIED_, _NOT_SPECIFIED_, False
SASH01_DS, 3, EquipItem, _NOT_SPECIFIED_, _NOT_SPECIFIED_, False
SAAC01_DS, 4, EquipItem, _NOT_SPECIFIED_, _NOT_SPECIFIED_, False
SAAC02_DS, 4, EquipItem, _NOT_SPECIFIED_, _NOT_SPECIFIED_, False
SAAC03_DS, 4, EquipItem, _NOT_SPECIFIED_, _NOT_SPECIFIED_, False
SAAC04_DS, 4, EquipItem, _NOT_SPECIFIED_, _NOT_SPECIFIED_, False
SAAC05_DS, 4, EquipItem, _NOT_SPECIFIED_, _NOT_SPECIFIED_, False
SAAC06_DS, 4, EquipItem, _NOT_SPECIFIED_, _NOT_SPECIFIED_, False
SAAC07_DS, 4, EquipItem, _NOT_SPECIFIED_, _NOT_SPECIFIED_, False
SAAC08_DS, 4, EquipItem, _NOT_SPECIFIED_, _NOT_SPECIFIED_, False
SAAC09_DS, 4, EquipItem, _NOT_SPECIFIED_, _NOT_SPECIFIED_, False
SAAC10_DS, 4, EquipItem, _NOT_SPECIFIED_, _NOT_SPECIFIED_, False
SAAC11_DS, 4, EquipItem, _NOT_SPECIFIED_, _NOT_SPECIFIED_, False
SAAC12_DS, 4, EquipItem, _NOT_SPECIFIED_, _NOT_SPECIFIED_, False
SAAC13_DS, 4, EquipItem, _NOT_SPECIFIED_, _NOT_SPECIFIED_, False
SAAC14_DS, 5, EquipItem, _NOT_SPECIFIED_, _NOT_SPECIFIED_, False
SAAC15_DS, 5, EquipItem, _NOT_SPECIFIED_, _NOT_SPECIFIED_, False
SAAC01_MS, 4, EquipItem, _NOT_SPECIFIED_, _NOT_SPECIFIED_, False
SAAC02_MS, 4, EquipItem, _NOT_SPECIFIED_, _NOT_SPECIFIED_, False
SAAC03_MS, 4, EquipItem, _NOT_SPECIFIED_, _NOT_SPECIFIED_, False
SAAC04_MS, 4, EquipItem, _NOT_SPECIFIED_, _NOT_SPECIFIED_, False
SAAC05_MS, 4, EquipItem, _NOT_SPECIFIED_, _NOT_SPECIFIED_, False
SAAC06_MS, 4, EquipItem, _NOT_SPECIFIED_, _NOT_SPECIFIED_, False
SAAC07_MS, 4, EquipItem, _NOT_SPECIFIED_, _NOT_SPECIFIED_, False
SAAC08_MS, 4, EquipItem, _NOT_SPECIFIED_, _NOT_SPECIFIED_, False
DIVA_SLOT01_RES, 999, _NOT_SPECIFIED_, _NOT_SPECIFIED_, _NOT_SPECIFIED_, False
DIVA_SLOT02_RES, 999, _NOT_SPECIFIED_, _NOT_SPECIFIED_, _NOT_SPECIFIED_, False
DIVA_SLOT03_RES, 999, _NOT_SPECIFIED_, _NOT_SPECIFIED_, _NOT_SPECIFIED_, False
DIVA_SLOT04_RES, 999, _NOT_SPECIFIED_, _NOT_SPECIFIED_, _NOT_SPECIFIED_, False
ITEM_001, 9, EquipItem, Weapon, RareM, False
ITEM_002, 9, EquipItem, Weapon, RareM, False
ITEM_003, 5, EquipItem, Weapon, RareM, True
ITEM_004, 5, EquipItem, Weapon, RareM, True
ITEM_005, 5, EquipItem, Armor, _NOT_SPECIFIED_, True
ITEM_006, 5, EquipItem, _NOT_SPECIFIED_, _NOT_SPECIFIED_, True
ITEM_007, 5, EquipItem, _NOT_SPECIFIED_, _NOT_SPECIFIED_, True
ITEM_008, 5, EquipItem, _NOT_SPECIFIED_, _NOT_SPECIFIED_, True
ITEM_009, 8, EquipItem, _NOT_SPECIFIED_, _NOT_SPECIFIED_, False
ITEM_010, 4, EquipItem, _NOT_SPECIFIED_, _NOT_SPECIFIED_, False
ITEM_011, 4, EquipItem, _NOT_SPECIFIED_, _NOT_SPECIFIED_, False
ITEM_012, 4, EquipItem, _NOT_SPECIFIED_, _NOT_SPECIFIED_, False
ITEM_013, 4, EquipItem, _NOT_SPECIFIED_, _NOT_SPECIFIED_, False
ITEM_014, 4, EquipItem, _NOT_SPECIFIED_, _NOT_SPECIFIED_, False
ITEM_015, 4, EquipItem, _NOT_SPECIFIED_, _NOT_SPECIFIED_, False
KEY_ITEM_C01_LAST_TICKET, 1, KeyItem, Ticket, _NOT_SPECIFIED_, False
KEY_ITEM_C01_YARIKOMI_TICKET_1, 1, KeyItem, Ticket, _NOT_SPECIFIED_, False
KEY_ITEM_C01_YARIKOMI_TICKET_2, 1, KeyItem, Ticket, _NOT_SPECIFIED_, False
KEY_ITEM_C01_YARIKOMI_TICKET_3, 1, KeyItem, Ticket, _NOT_SPECIFIED_, False
KEY_ITEM_C01_YARIKOMI_TICKET_4, 1, KeyItem, Ticket, _NOT_SPECIFIED_, False
KEY_ITEM_C01_YARIKOMI_TICKET_5, 1, KeyItem, Ticket, _NOT_SPECIFIED_, False
KEY_ITEM_C01_YARIKOMI_TICKET_6, 1, KeyItem, Ticket, _NOT_SPECIFIED_, False
KEY_ITEM_C01_YARIKOMI_TICKET_7, 1, KeyItem, Ticket, _NOT_SPECIFIED_, False
KEY_ITEM_C01_YARIKOMI_TICKET_8, 1, KeyItem, Ticket, _NOT_SPECIFIED_, False
