label, GetActorLabel(), Arts, ArtsRoute, AT_Chant, AT_Confusion, AT_Darkness, AT_Death, AT_FIRE, AT_ICE, AT_LIGHTNING, AT_Paralysis, AT_Poison, AT_Rage AT_SLASH, AT_STAB, AT_Stench, AT_Stone AT_STRIKE, AT_Stun, bloodarts, Equip, ExRole, floating, formation, genus, gogyo, growGfirearm, growGsword, growHP, growINT, growLfirearm, growLsword, growMagic, growMartial, growMecha_1, growMecha_2, growMonster, growQUI, growSTR, growTEC, growVIT, growWIL, HP, initisgenus, isgenus, LP, lpRecover, mechabody, PRM_INT, PRM_QUI, PRM_STR, PRM_TEC, PRM_VIT, PRM_WIL, race, Role, SLV_Do, SLV_Gfirearm, SLV_Gsword, SLV_Ka, SLV_Kin, SLV_Lfirearm, SLV_Lsword, SLV_Magic, SLV_Martial, SLV_Mecha_1, SLV_Mecha_2, SLV_Moku, SLV_Monster, SLV_Sui, supportonly, supportRole, uniqueRole, voice, WorldIdea
PC_Tsunanori_Mido, Tsunanori_Mido, OHS_WL000_A01 OHS_WL000_A04 MAR_MA000_A01 _NOT_SPECIFIED_ _NOT_SPECIFIED_ _NOT_SPECIFIED_ _NOT_SPECIFIED_ _NOT_SPECIFIED_, Rapier _NOT_SPECIFIED_ _NOT_SPECIFIED_ _NOT_SPECIFIED_ _NOT_SPECIFIED_, 0, 0, 0, 0, 0, 0, 0, 0, 0, 0 0, 0, 0, 0 0, 0, OHS_WL000_A04_BLD02, WLRAP01_A _NOT_SPECIFIED_ MACL02_A SAHE01_A SASH01_A _NOT_SPECIFIED_ _NOT_SPECIFIED_, UNIQUE_ROLE_Tsunanori _NOT_SPECIFIED_ _NOT_SPECIFIED_ _NOT_SPECIFIED_ _NOT_SPECIFIED_ _NOT_SPECIFIED_, False, BF_001, False, False, 15, 24, 10, 5, 17, 30, 15, 26, 0, 0, 0, 6, 6, 8, 4, 8, 0, False, True, 11, 2, _NOT_SPECIFIED_, 0, 0, 0, 0, 0, 0, Human,  ROLE_021 _NOT_SPECIFIED_ _NOT_SPECIFIED_ _NOT_SPECIFIED_ _NOT_SPECIFIED_, 2, 0, 0, 0, 1, 0, 0, 0, 0, 0, 0, 0, 0, 0, False, SUPPORT_ROLE_Tsunanori, _NOT_SPECIFIED_, PC_Tsunanori_Mido,  _NOT_SPECIFIED_ _NOT_SPECIFIED_ _NOT_SPECIFIED_
PC_Ameya_Aisling, Ameya_Aisling, MAG_MG_D_01_Ki01 MAG_MG_D_02_Ki02 MAG_MG_D_03_Ki03 MAG_MG_D_04_Ki04 MAG_MG_D_05_Ki05 _NOT_SPECIFIED_ _NOT_SPECIFIED_ _NOT_SPECIFIED_, LongSword _NOT_SPECIFIED_ _NOT_SPECIFIED_ _NOT_SPECIFIED_ _NOT_SPECIFIED_, 0, 0, 0, 0, 0, 0, 0, 0, 0, 0 0, 0, 0, 0 0, 0, THS_WH000_B01_BLD02, _NOT_SPECIFIED_ _NOT_SPECIFIED_ MARO00_A SAHE01_A SAGL01_A SASH01_A _NOT_SPECIFIED_, _NOT_SPECIFIED_ _NOT_SPECIFIED_ _NOT_SPECIFIED_ _NOT_SPECIFIED_ _NOT_SPECIFIED_ _NOT_SPECIFIED_, False, BF_015, False, False, 13, 15, 5, -1, 24, 26, 30, 10, 0, 0, 0, 7, 4, 5, 3, 9, 0, False, True, 9, 2, _NOT_SPECIFIED_, 19, 0, 0, 0, 0, 0, Witch_girl,  ROLE_007 _NOT_SPECIFIED_ _NOT_SPECIFIED_ _NOT_SPECIFIED_ _NOT_SPECIFIED_, 1, 0, 0, 1, 1, 0, 0, 0, 0, 0, 0, 0, 0, 2, False, SUPPORT_ROLE_Ameya_Aisling, _NOT_SPECIFIED_, PC_Ameya_Aisling,  _NOT_SPECIFIED_ _NOT_SPECIFIED_ _NOT_SPECIFIED_
PC_Siugnas_Darkking, Siugnas_Darkking, OHS_WL000_B01_BLD01 OHS_WL000_A01 OHS_WLLSW_B01 OHG_GL000_A01 _NOT_SPECIFIED_ _NOT_SPECIFIED_ _NOT_SPECIFIED_ _NOT_SPECIFIED_, LongSword _NOT_SPECIFIED_ _NOT_SPECIFIED_ _NOT_SPECIFIED_ _NOT_SPECIFIED_, 0, 0, 0, 0, 0, 0, 0, 0, 0, 0 0, 0, 0, 0 0, 0, OHS_WL000_B01_BLD01, WLLSW01_A GLONE01_A MACL02_A SAHE26_A SASH01_A SAAC00_A _NOT_SPECIFIED_, _NOT_SPECIFIED_ _NOT_SPECIFIED_ _NOT_SPECIFIED_ _NOT_SPECIFIED_ _NOT_SPECIFIED_ _NOT_SPECIFIED_, False, BF_006, False, False, 17, 15, 1, 5, 30, 28, 22, 20, 0, 0, 0, 5, 9, 7, 1, 7, 0, False, False, 7, 1, _NOT_SPECIFIED_, 0, 0, 0, 0, 0, 0, Vampire,  ROLE_101 _NOT_SPECIFIED_ _NOT_SPECIFIED_ _NOT_SPECIFIED_ _NOT_SPECIFIED_, 0, 0, 0, 1, 0, 0, 0, 0, 0, 0, 0, 2, 0, 0, False, SUPPORT_ROLE_Siugnas_Darkking, _NOT_SPECIFIED_, PC_Siugnas_Darkking,  _NOT_SPECIFIED_ _NOT_SPECIFIED_ _NOT_SPECIFIED_
PC_Formina_Franklyn, Formina_Franklyn, OHG_GL000_A01 OHG_GL000_A02 OHG_GL000_B01 THG_GH000_A01 THG_GHMAC_A01 _NOT_SPECIFIED_ _NOT_SPECIFIED_ _NOT_SPECIFIED_, OneHandedGun _NOT_SPECIFIED_ _NOT_SPECIFIED_ _NOT_SPECIFIED_ _NOT_SPECIFIED_, 0, 0, 0, 0, 0, 0, 0, 0, 0, 0 0, 0, 0, 0 0, 0, THG_GH000_A03_BLD01, GLONE01_A GHMAC01_A MARO00_A SAIN02_A SAAC06_A SASH00_D _NOT_SPECIFIED_, _NOT_SPECIFIED_ _NOT_SPECIFIED_ _NOT_SPECIFIED_ _NOT_SPECIFIED_ _NOT_SPECIFIED_ _NOT_SPECIFIED_, False, BF_012, False, False, 28, 18, 8, 6, 30, 13, 15, 12, 0, 0, 0, 5, 8, 9, 6, 4, 0, False, True, 11, 2, _NOT_SPECIFIED_, 0, 0, 0, 0, 0, 0, Human,  ROLE_067 _NOT_SPECIFIED_ _NOT_SPECIFIED_ _NOT_SPECIFIED_ _NOT_SPECIFIED_, 0, 0, 0, 0, 0, 0, 0, 0, 0, 0, 0, 1, 0, 2, False, SUPPORT_ROLE_Sarab, _NOT_SPECIFIED_, PC_Formina_Franklyn,  _NOT_SPECIFIED_ _NOT_SPECIFIED_ _NOT_SPECIFIED_
PC_Bonnie_Blair, Bonnie_Blair, MAR_MA000_A01 MAR_MA000_A02 MAR_MA000_A08 OHS_WL000_A01 OHS_WL000_A02 _NOT_SPECIFIED_ _NOT_SPECIFIED_ _NOT_SPECIFIED_, KickArts _NOT_SPECIFIED_ _NOT_SPECIFIED_ _NOT_SPECIFIED_ _NOT_SPECIFIED_, 0, 0, 0, 0, 0, 0, 0, 0, 0, 0 0, 0, 0, 0 0, 0, MAR_MA000_B09_BLD01, _NOT_SPECIFIED_ WLDAG01_A MACL02_A SAIN10_A SAAC34_A SASH01_A _NOT_SPECIFIED_, _NOT_SPECIFIED_ _NOT_SPECIFIED_ _NOT_SPECIFIED_ _NOT_SPECIFIED_ _NOT_SPECIFIED_ _NOT_SPECIFIED_, False, BF_018, False, False, 15, 17, 16, 3, 24, 26, 13, 30, 0, 0, 0, 8, 9, 6, 7, 5, 0, False, True, 10, 2, _NOT_SPECIFIED_, 0, 0, 0, 0, 0, 0, Human,  ROLE_067 _NOT_SPECIFIED_ _NOT_SPECIFIED_ _NOT_SPECIFIED_ _NOT_SPECIFIED_, 1, 0, 0, 2, 0, 0, 0, 0, 0, 0, 0, 0, 0, 0, False, SUPPORT_ROLE_Bonnie_Blair, _NOT_SPECIFIED_, PC_Bonnie_Blair,  _NOT_SPECIFIED_ _NOT_SPECIFIED_ _NOT_SPECIFIED_
PC_Diva_No5, Diva_No5, _NOT_SPECIFIED_ _NOT_SPECIFIED_ _NOT_SPECIFIED_ _NOT_SPECIFIED_ _NOT_SPECIFIED_ _NOT_SPECIFIED_ _NOT_SPECIFIED_ _NOT_SPECIFIED_, _NOT_SPECIFIED_ _NOT_SPECIFIED_ _NOT_SPECIFIED_ _NOT_SPECIFIED_ _NOT_SPECIFIED_, 100, 100, 100, 100, 0, 0, 0, 0, 100, 100 0, 0, 100, 100 0, 0, _NOT_SPECIFIED_, WLLSW01_A WLRAP01_A DIVA_SLOT01_RES DIVA_SLOT02_RES DIVA_SLOT03_RES DIVA_SLOT04_RES _NOT_SPECIFIED_, _NOT_SPECIFIED_ _NOT_SPECIFIED_ _NOT_SPECIFIED_ _NOT_SPECIFIED_ _NOT_SPECIFIED_ _NOT_SPECIFIED_, False, BF_023, False, False, 0, 0, -1, -1, 0, 0, 0, 0, 30, 24, 17, -1, -1, -1, -1, -1, 0, False, False, 0, 4, MBody_Diva_No5, 0, 0, 0, 0, 0, 0, Maki,  ROLE_MECHA_BODY_H _NOT_SPECIFIED_ _NOT_SPECIFIED_ _NOT_SPECIFIED_ _NOT_SPECIFIED_, -1, 0, 0, -1, -1, 0, 0, 0, 0, 0, 0, -1, 0, -1, False, SUPPORT_ROLE_Diva_No5_01, _NOT_SPECIFIED_, PC_Diva_No5,  _NOT_SPECIFIED_ _NOT_SPECIFIED_ _NOT_SPECIFIED_
PC_Musashi_Kugutu, Musashi_Kugutu, THS_WH000_A01 THS_WH000_A02 THS_WH000_PROTECT THS_WHGSW_A01 _NOT_SPECIFIED_ _NOT_SPECIFIED_ _NOT_SPECIFIED_ _NOT_SPECIFIED_, GreatSword _NOT_SPECIFIED_ _NOT_SPECIFIED_ _NOT_SPECIFIED_ _NOT_SPECIFIED_, 0, 0, 0, 0, 0, 0, 0, 0, 0, 0 0, 0, 0, 0 0, 0, _NOT_SPECIFIED_, WHGSW01_A _NOT_SPECIFIED_ MACL01_A SAHE01_A SAGL01_A SASH00_A _NOT_SPECIFIED_, _NOT_SPECIFIED_ _NOT_SPECIFIED_ _NOT_SPECIFIED_ SOUL_MUSASHI _NOT_SPECIFIED_ _NOT_SPECIFIED_, False, BF_011, False, False, 13, 30, 13, 5, 15, 26, 10, 17, 0, 0, 0, 4, 7, 5, 5, 6, 0, False, False, 13, 1, _NOT_SPECIFIED_, 0, 0, 0, 0, 0, 0, Puppet,  ROLE_038 _NOT_SPECIFIED_ _NOT_SPECIFIED_ _NOT_SPECIFIED_ _NOT_SPECIFIED_, 0, 0, 0, 0, 0, 0, 0, 0, 0, 0, 0, 1, 0, 2, False, SUPPORT_ROLE_Musashi, _NOT_SPECIFIED_, PC_Musashi_Kugutu,  _NOT_SPECIFIED_ _NOT_SPECIFIED_ _NOT_SPECIFIED_
PC_Sukune_Kugutu, Sukune_Kugutu, MAR_MA000_A01 MAR_MA000_A02 MAR_MA000_A04 MAR_MA000_A06 _NOT_SPECIFIED_ _NOT_SPECIFIED_ _NOT_SPECIFIED_ _NOT_SPECIFIED_, StrikeArts _NOT_SPECIFIED_ _NOT_SPECIFIED_ _NOT_SPECIFIED_ _NOT_SPECIFIED_, 0, 0, 0, 0, 0, 0, 0, 0, 0, 0 0, 0, 0, 0 0, 0, _NOT_SPECIFIED_, _NOT_SPECIFIED_ _NOT_SPECIFIED_ MACL01_A SAHE01_A SAGL01_A SASH00_A _NOT_SPECIFIED_, _NOT_SPECIFIED_ _NOT_SPECIFIED_ _NOT_SPECIFIED_ SOUL_TOKI _NOT_SPECIFIED_ _NOT_SPECIFIED_, False, BF_005, False, False, 15, 15, 15, 5, 13, 17, 17, 30, 0, 0, 0, 6, 5, 5, 6, 5, 0, False, False, 10, 1, _NOT_SPECIFIED_, 0, 0, 0, 0, 0, 0, Puppet,  ROLE_016 _NOT_SPECIFIED_ _NOT_SPECIFIED_ _NOT_SPECIFIED_ _NOT_SPECIFIED_, 0, 0, 0, 1, 0, 0, 0, 0, 0, 0, 0, 2, 0, 0, False, SUPPORT_ROLE_Sukune, _NOT_SPECIFIED_, PC_Sukune_Kugutu,  _NOT_SPECIFIED_ _NOT_SPECIFIED_ _NOT_SPECIFIED_
PC_Komachi_Kugutu, Komachi_Kugutu, OHS_WL000_A01 OHS_WL000_PROTECT OHS_WLDAG_A01 OHS_WLDAG_B01 MAG_MG_B_01_Ka01 _NOT_SPECIFIED_ _NOT_SPECIFIED_ _NOT_SPECIFIED_, Dagger _NOT_SPECIFIED_ _NOT_SPECIFIED_ _NOT_SPECIFIED_ _NOT_SPECIFIED_, 0, 0, 0, 0, 0, 0, 0, 0, 0, 0 0, 0, 0, 0 0, 0, _NOT_SPECIFIED_, WLDAG01_A _NOT_SPECIFIED_ MACL01_A SAHE01_A SAGL01_A SASH00_A _NOT_SPECIFIED_, _NOT_SPECIFIED_ _NOT_SPECIFIED_ _NOT_SPECIFIED_ SOUL_KOMACHI _NOT_SPECIFIED_ _NOT_SPECIFIED_, False, BF_004, False, False, 15, 10, 6, 7, 17, 30, 26, 13, 0, 0, 0, 4, 5, 6, 5, 5, 0, False, False, 9, 1, _NOT_SPECIFIED_, 0, 0, 0, 0, 0, 0, Puppet,  ROLE_050 _NOT_SPECIFIED_ _NOT_SPECIFIED_ _NOT_SPECIFIED_ _NOT_SPECIFIED_, 2, 0, 0, 3, 0, 0, 0, 0, 0, 0, 0, 0, 0, 0, False, SUPPORT_ROLE_Komachi, _NOT_SPECIFIED_, PC_Komachi_Kugutu,  _NOT_SPECIFIED_ _NOT_SPECIFIED_ _NOT_SPECIFIED_
PC_Bou_Kugutu, Bou_Kugutu, OHG_GL000_A01 OHG_GL000_A04 OHG_GL000_A05 OHG_GL000_B01 _NOT_SPECIFIED_ _NOT_SPECIFIED_ _NOT_SPECIFIED_ _NOT_SPECIFIED_, OneHandedGun _NOT_SPECIFIED_ _NOT_SPECIFIED_ _NOT_SPECIFIED_ _NOT_SPECIFIED_, 0, 0, 0, 0, 0, 0, 0, 0, 0, 0 0, 0, 0, 0 0, 0, _NOT_SPECIFIED_, GLONE01_A _NOT_SPECIFIED_ MACL01_A SAHE01_A SAGL01_A SASH00_A _NOT_SPECIFIED_, _NOT_SPECIFIED_ _NOT_SPECIFIED_ _NOT_SPECIFIED_ SOUL_BOU _NOT_SPECIFIED_ _NOT_SPECIFIED_, False, BF_016, False, False, 24, 17, 9, 5, 30, 10, 13, 15, 0, 0, 0, 4, 5, 7, 5, 6, 0, False, False, 10, 1, _NOT_SPECIFIED_, 0, 0, 0, 0, 0, 0, Puppet,  ROLE_045 _NOT_SPECIFIED_ _NOT_SPECIFIED_ _NOT_SPECIFIED_ _NOT_SPECIFIED_, 0, 0, 0, 0, 2, 0, 0, 0, 0, 0, 0, 0, 0, 1, False, SUPPORT_ROLE_Bou, _NOT_SPECIFIED_, PC_Bou_Kugutu,  _NOT_SPECIFIED_ _NOT_SPECIFIED_ _NOT_SPECIFIED_
PC_LoLo, LoLo_Battle, MON_M003_A01a _NOT_SPECIFIED_ _NOT_SPECIFIED_ _NOT_SPECIFIED_ _NOT_SPECIFIED_ _NOT_SPECIFIED_ _NOT_SPECIFIED_ _NOT_SPECIFIED_, _NOT_SPECIFIED_ _NOT_SPECIFIED_ _NOT_SPECIFIED_ _NOT_SPECIFIED_ _NOT_SPECIFIED_, 0, 0, 0, 0, 0, 0, 0, 0, 0, 0 0, 0, 0, 0 0, 0, _NOT_SPECIFIED_, MAMCR01_DW MAMCR02_DW MACW01_DM SAAC01_DS _NOT_SPECIFIED_ _NOT_SPECIFIED_ _NOT_SPECIFIED_, _NOT_SPECIFIED_ _NOT_SPECIFIED_ _NOT_SPECIFIED_ _NOT_SPECIFIED_ _NOT_SPECIFIED_ _NOT_SPECIFIED_, False, BF_007, False, False, 0, 0, 8, 6, 0, 0, 24, 0, 0, 0, 30, 5, 3, 4, 3, 7, 0, False, False, 9, 2, _NOT_SPECIFIED_, 0, 0, 0, 0, 0, 0, Monster,  ROLE_MON_001 _NOT_SPECIFIED_ _NOT_SPECIFIED_ _NOT_SPECIFIED_ _NOT_SPECIFIED_, 0, 0, 0, 2, 1, 0, 0, 0, 0, 0, 0, 3, 0, 0, False, SUPPORT_ROLE_LoLo, _NOT_SPECIFIED_, PC_LoLo,  _NOT_SPECIFIED_ _NOT_SPECIFIED_ _NOT_SPECIFIED_
PC_Shinobu_Kato, Shinobu_Kato, THS_WH000_A01 THS_WH000_A01_EX1 THS_WH000_PROTECT OHS_WL000_A01 OHS_WLRAP_A01 _NOT_SPECIFIED_ _NOT_SPECIFIED_ _NOT_SPECIFIED_, GreatSword _NOT_SPECIFIED_ _NOT_SPECIFIED_ _NOT_SPECIFIED_ _NOT_SPECIFIED_, 0, 0, 0, 0, 0, 0, 0, 0, 0, 0 0, 0, 0, 0 0, 0, THS_WH000_A02_BLD03, WLRAP01_A WHGSW01_A MACL03_A SASH01_A SAAC26_A _NOT_SPECIFIED_ _NOT_SPECIFIED_, _NOT_SPECIFIED_ _NOT_SPECIFIED_ _NOT_SPECIFIED_ _NOT_SPECIFIED_ _NOT_SPECIFIED_ _NOT_SPECIFIED_, False, BF_014, False, False, 15, 30, 12, 1, 17, 24, 0, 18, 0, 0, 0, 7, 7, 8, 6, 8, 0, False, True, 13, 2, _NOT_SPECIFIED_, 0, 0, 0, 0, 0, 0, Human,  ROLE_048 _NOT_SPECIFIED_ _NOT_SPECIFIED_ _NOT_SPECIFIED_ _NOT_SPECIFIED_, -1, 0, 0, -1, -1, 0, 0, 0, 0, 0, 0, -1, 0, -1, False, SUPPORT_ROLE_Shinobu_Kato, _NOT_SPECIFIED_, PC_Shinobu_Kato,  _NOT_SPECIFIED_ _NOT_SPECIFIED_ _NOT_SPECIFIED_
PC_Macha_Copy, Macha_Copy, OHS_WL000_A01 OHS_WL000_A02 THG_GH000_A01 MAG_MG_B_01_Ka01 MAG_MG_B_03_Ka03 _NOT_SPECIFIED_ _NOT_SPECIFIED_ _NOT_SPECIFIED_, Rapier _NOT_SPECIFIED_ _NOT_SPECIFIED_ _NOT_SPECIFIED_ _NOT_SPECIFIED_, 0, 0, 0, 0, 0, 0, 0, 0, 0, 0 0, 0, 0, 0 0, 0, THG_GH000_A02_BLD02, WLRAP01_A GHFLA01_ZERO MARO01_A SAHE17_A SASH01_A _NOT_SPECIFIED_ _NOT_SPECIFIED_, _NOT_SPECIFIED_ _NOT_SPECIFIED_ _NOT_SPECIFIED_ _NOT_SPECIFIED_ _NOT_SPECIFIED_ _NOT_SPECIFIED_, False, BF_025, False, False, 18, 20, 13, 10, 13, 22, 30, 10, 0, 0, 0, 4, 2, 7, 8, 1, 0, False, True, 9, 2, _NOT_SPECIFIED_, 0, 0, 0, 0, 0, 0, Human,  ROLE_015 _NOT_SPECIFIED_ _NOT_SPECIFIED_ _NOT_SPECIFIED_ _NOT_SPECIFIED_, 2, 0, 0, 4, 0, 0, 0, 0, 0, 0, 0, 1, 0, 1, False, SUPPORT_ROLE_Macha_Copy, _NOT_SPECIFIED_, PC_Macha_Copy,  _NOT_SPECIFIED_ _NOT_SPECIFIED_ _NOT_SPECIFIED_
PC_General, General_Einherjar, MAR_MA000_A01 _NOT_SPECIFIED_ _NOT_SPECIFIED_ _NOT_SPECIFIED_ _NOT_SPECIFIED_ _NOT_SPECIFIED_ _NOT_SPECIFIED_ _NOT_SPECIFIED_, _NOT_SPECIFIED_ _NOT_SPECIFIED_ _NOT_SPECIFIED_ _NOT_SPECIFIED_ _NOT_SPECIFIED_, 0, 0, 0, 0, 0, 0, 0, 0, 0, 0 0, 0, 0, 0 0, 0, OHG_GL000_B03_BLD01, _NOT_SPECIFIED_ _NOT_SPECIFIED_ MANA01_A SAHE02_A SASH01_A _NOT_SPECIFIED_ _NOT_SPECIFIED_, _NOT_SPECIFIED_ _NOT_SPECIFIED_ _NOT_SPECIFIED_ _NOT_SPECIFIED_ _NOT_SPECIFIED_ _NOT_SPECIFIED_, False, BF_009, False, False, 31, 29, 4, 11, 35, 35, 33, 35, 0, 0, 0, 5, 3, 12, 1, 13, 0, False, True, 3, 1, _NOT_SPECIFIED_, 0, 0, 0, 0, 0, 0, Human,  ROLE_031 _NOT_SPECIFIED_ _NOT_SPECIFIED_ _NOT_SPECIFIED_ _NOT_SPECIFIED_, 1, 0, 0, 1, 4, 0, 0, 0, 0, 0, 0, 0, 0, 2, True, SUPPORT_ROLE_General, _NOT_SPECIFIED_, PC_General,  _NOT_SPECIFIED_ _NOT_SPECIFIED_ _NOT_SPECIFIED_
PC_Brave, Brave_Einherjar, THS_WH000_A01 THS_WHPSW_A01 THG_GH000_A01 THG_GH000_A02 _NOT_SPECIFIED_ _NOT_SPECIFIED_ _NOT_SPECIFIED_ _NOT_SPECIFIED_, Halberd _NOT_SPECIFIED_ _NOT_SPECIFIED_ _NOT_SPECIFIED_ _NOT_SPECIFIED_, 0, 0, 0, 0, 0, 0, 0, 0, 0, 0 0, 0, 0, 0 0, 0, THG_GH000_A02_BLD01, WHPSW01_A GHMAC01_A MACL01_A SAGL17_A SASH00_B SAAC37_A _NOT_SPECIFIED_, _NOT_SPECIFIED_ _NOT_SPECIFIED_ _NOT_SPECIFIED_ _NOT_SPECIFIED_ _NOT_SPECIFIED_ _NOT_SPECIFIED_, False, BF_021, False, False, 26, 30, 22, 3, 13, 17, 10, 22, 0, 0, 0, 6, 9, 4, 10, 4, 0, False, True, 13, 2, _NOT_SPECIFIED_, 0, 0, 0, 0, 0, 0, Human,  ROLE_046 _NOT_SPECIFIED_ _NOT_SPECIFIED_ _NOT_SPECIFIED_ _NOT_SPECIFIED_, 1, 0, 0, 2, 0, 0, 0, 0, 0, 0, 0, 0, 0, 0, False, SUPPORT_ROLE_Brave, _NOT_SPECIFIED_, PC_Brave,  _NOT_SPECIFIED_ _NOT_SPECIFIED_ _NOT_SPECIFIED_
PC_Philosopher, Philosopher_Einherjar, OHS_WL000_A01 OHS_WLDAG_A01 MAG_MG_E_01_Su01 MAG_MG_A_02_Mo02 _NOT_SPECIFIED_ _NOT_SPECIFIED_ _NOT_SPECIFIED_ _NOT_SPECIFIED_, Dagger _NOT_SPECIFIED_ _NOT_SPECIFIED_ _NOT_SPECIFIED_ _NOT_SPECIFIED_, 0, 0, 0, 0, 0, 0, 0, 0, 0, 0 0, 0, 0, 0 0, 0, OHS_WL000_A04_BLD01, WLDAG01_A _NOT_SPECIFIED_ MARO00_A SAGL01_A SASH01_A SAAC36_A _NOT_SPECIFIED_, _NOT_SPECIFIED_ _NOT_SPECIFIED_ _NOT_SPECIFIED_ _NOT_SPECIFIED_ _NOT_SPECIFIED_ _NOT_SPECIFIED_, False, BF_010, False, False, 20, 13, 6, 8, 24, 28, 22, 15, 0, 0, 0, 4, 6, 8, 4, 7, 0, False, True, 9, 2, _NOT_SPECIFIED_, 0, 0, 0, 0, 0, 0, Human,  ROLE_023 _NOT_SPECIFIED_ _NOT_SPECIFIED_ _NOT_SPECIFIED_ _NOT_SPECIFIED_, 1, 0, 0, 0, 0, 0, 0, 0, 0, 0, 0, 2, 0, 3, False, SUPPORT_ROLE_Philosopher, _NOT_SPECIFIED_, PC_Philosopher,  _NOT_SPECIFIED_ _NOT_SPECIFIED_ _NOT_SPECIFIED_
PC_Killer, Killer_Einherjar, OHS_WL000_A01 OHS_WL000_A04 THS_WH000_A01 THS_WHSSW_A01 _NOT_SPECIFIED_ _NOT_SPECIFIED_ _NOT_SPECIFIED_ _NOT_SPECIFIED_, SmuraiSword _NOT_SPECIFIED_ _NOT_SPECIFIED_ _NOT_SPECIFIED_ _NOT_SPECIFIED_, 0, 0, 0, 0, 0, 0, 0, 0, 0, 0 0, 0, 0, 0 0, 0, THS_WH000_A04_BLD01, WHSSW01_A WLLSW01_A MACL01_A SAHE21_A SASH00_B _NOT_SPECIFIED_ _NOT_SPECIFIED_, _NOT_SPECIFIED_ _NOT_SPECIFIED_ _NOT_SPECIFIED_ _NOT_SPECIFIED_ _NOT_SPECIFIED_ _NOT_SPECIFIED_, False, BF_017, False, False, 10, 30, 12, 4, 15, 26, 13, 22, 0, 0, 0, 6, 8, 7, 7, 5, 0, False, True, 10, 2, _NOT_SPECIFIED_, 0, 0, 0, 0, 0, 0, Human,  ROLE_040 _NOT_SPECIFIED_ _NOT_SPECIFIED_ _NOT_SPECIFIED_ _NOT_SPECIFIED_, 1, 0, 0, 2, 0, 0, 0, 0, 0, 0, 0, 0, 0, 0, False, SUPPORT_ROLE_Killer, _NOT_SPECIFIED_, PC_Killer,  _NOT_SPECIFIED_ _NOT_SPECIFIED_ _NOT_SPECIFIED_
PC_Ilmurran, Ilmurran_Einherjar, OHG_GL000_A01 OHG_GL000_A04 OHS_WL000_A01 OHS_WL000_PROTECT OHS_WLRAP_A01 _NOT_SPECIFIED_ _NOT_SPECIFIED_ _NOT_SPECIFIED_, OneHandedGun _NOT_SPECIFIED_ _NOT_SPECIFIED_ _NOT_SPECIFIED_ _NOT_SPECIFIED_, 0, 0, 0, 0, 0, 0, 0, 0, 0, 0 0, 0, 0, 0 0, 0, OHG_GL000_B05_BLD01, GLONE01_A WLRAP02_A MACL03_A SAAC34_A SASH01_A _NOT_SPECIFIED_ _NOT_SPECIFIED_, _NOT_SPECIFIED_ _NOT_SPECIFIED_ _NOT_SPECIFIED_ _NOT_SPECIFIED_ _NOT_SPECIFIED_ _NOT_SPECIFIED_, False, BF_007, False, False, 22, 13, 16, 6, 30, 24, 20, 10, 0, 0, 0, 8, 7, 7, 7, 7, 0, False, True, 12, 2, _NOT_SPECIFIED_, 0, 0, 0, 0, 0, 0, Human,  ROLE_039 _NOT_SPECIFIED_ _NOT_SPECIFIED_ _NOT_SPECIFIED_ _NOT_SPECIFIED_, 2, 0, 0, 0, 1, 0, 0, 0, 0, 0, 0, 0, 0, 0, False, SUPPORT_ROLE_Ilmurran, _NOT_SPECIFIED_, PC_Ilmurran,  _NOT_SPECIFIED_ _NOT_SPECIFIED_ _NOT_SPECIFIED_
PC_Champion, Champion_Einherjar, MAR_MA000_A01 MAR_MA000_A02 MAR_MA000_A07 MAR_MA000_A04 _NOT_SPECIFIED_ _NOT_SPECIFIED_ _NOT_SPECIFIED_ _NOT_SPECIFIED_, PunchArts _NOT_SPECIFIED_ _NOT_SPECIFIED_ _NOT_SPECIFIED_ _NOT_SPECIFIED_, 0, 0, 0, 0, 0, 0, 0, 0, 0, 0 0, 0, 0, 0 0, 0, MAR_MA000_B01_BLD01, _NOT_SPECIFIED_ _NOT_SPECIFIED_ MANA01_A SAGL01_A SASH01_A _NOT_SPECIFIED_ _NOT_SPECIFIED_, _NOT_SPECIFIED_ _NOT_SPECIFIED_ _NOT_SPECIFIED_ _NOT_SPECIFIED_ _NOT_SPECIFIED_ _NOT_SPECIFIED_, False, BF_008, False, False, 17, 26, 14, 5, 10, 15, 24, 30, 0, 0, 0, 6, 7, 8, 6, 6, 0, False, True, 11, 2, _NOT_SPECIFIED_, 0, 0, 0, 0, 0, 0, Human,  ROLE_002 _NOT_SPECIFIED_ _NOT_SPECIFIED_ _NOT_SPECIFIED_ _NOT_SPECIFIED_, 0, 0, 0, 1, 0, 0, 0, 0, 0, 0, 0, 2, 0, 0, False, SUPPORT_ROLE_Champion, _NOT_SPECIFIED_, PC_Champion,  _NOT_SPECIFIED_ _NOT_SPECIFIED_ _NOT_SPECIFIED_
PC_Beh_Cat, Beh_Cat, MON_M003_A01a _NOT_SPECIFIED_ _NOT_SPECIFIED_ _NOT_SPECIFIED_ _NOT_SPECIFIED_ _NOT_SPECIFIED_ _NOT_SPECIFIED_ _NOT_SPECIFIED_, _NOT_SPECIFIED_ _NOT_SPECIFIED_ _NOT_SPECIFIED_ _NOT_SPECIFIED_ _NOT_SPECIFIED_, 0, 0, 0, 0, 0, 0, 0, 0, 0, 0 0, 0, 0, 0 0, 0, _NOT_SPECIFIED_, MAMCR03_DW MAMCR04_DW MACW02_DM SAAC02_DS _NOT_SPECIFIED_ _NOT_SPECIFIED_ _NOT_SPECIFIED_, _NOT_SPECIFIED_ _NOT_SPECIFIED_ _NOT_SPECIFIED_ _NOT_SPECIFIED_ _NOT_SPECIFIED_ _NOT_SPECIFIED_, False, BF_009, False, False, 0, 0, 8, 2, 0, 0, 13, 0, 0, 0, 28, 4, 2, 4, 3, 3, 0, False, False, 9, 2, _NOT_SPECIFIED_, 0, 0, 0, 0, 0, 0, Monster,  ROLE_MON_002 _NOT_SPECIFIED_ _NOT_SPECIFIED_ _NOT_SPECIFIED_ _NOT_SPECIFIED_, 1, 0, 0, 0, 0, 0, 0, 0, 0, 0, 0, 2, 0, 3, False, SUPPORT_ROLE_Beh_Cat, _NOT_SPECIFIED_, PC_Beh_Cat,  _NOT_SPECIFIED_ _NOT_SPECIFIED_ _NOT_SPECIFIED_
PC_Heh_Cat, Heh_Cat, MON_M003_A01a _NOT_SPECIFIED_ _NOT_SPECIFIED_ _NOT_SPECIFIED_ _NOT_SPECIFIED_ _NOT_SPECIFIED_ _NOT_SPECIFIED_ _NOT_SPECIFIED_, _NOT_SPECIFIED_ _NOT_SPECIFIED_ _NOT_SPECIFIED_ _NOT_SPECIFIED_ _NOT_SPECIFIED_, 0, 0, 0, 0, 0, 0, 0, 0, 0, 0 0, 0, 0, 0 0, 0, _NOT_SPECIFIED_, MAMCR05_DW MAMCR06_DW MACW03_DM SAAC03_DS _NOT_SPECIFIED_ _NOT_SPECIFIED_ _NOT_SPECIFIED_, _NOT_SPECIFIED_ _NOT_SPECIFIED_ _NOT_SPECIFIED_ _NOT_SPECIFIED_ _NOT_SPECIFIED_ _NOT_SPECIFIED_, False, BF_020, False, False, 0, 0, 6, 3, 0, 0, 15, 0, 0, 0, 28, 5, 2, 3, 2, 2, 0, False, False, 9, 2, _NOT_SPECIFIED_, 0, 0, 0, 0, 0, 0, Monster,  ROLE_MON_003 _NOT_SPECIFIED_ _NOT_SPECIFIED_ _NOT_SPECIFIED_ _NOT_SPECIFIED_, 0, 0, 0, 2, 1, 0, 0, 0, 0, 0, 0, 3, 0, 0, False, SUPPORT_ROLE_Heh_Cat, _NOT_SPECIFIED_, PC_Heh_Cat,  _NOT_SPECIFIED_ _NOT_SPECIFIED_ _NOT_SPECIFIED_
PC_Eh_Cat, Eh_Cat, MON_M003_A01a _NOT_SPECIFIED_ _NOT_SPECIFIED_ _NOT_SPECIFIED_ _NOT_SPECIFIED_ _NOT_SPECIFIED_ _NOT_SPECIFIED_ _NOT_SPECIFIED_, _NOT_SPECIFIED_ _NOT_SPECIFIED_ _NOT_SPECIFIED_ _NOT_SPECIFIED_ _NOT_SPECIFIED_, 0, 0, 0, 0, 0, 0, 0, 0, 0, 0 0, 0, 0, 0 0, 0, _NOT_SPECIFIED_, MAMCR07_DW MAMCR08_DW MACW04_DM SAAC04_DS _NOT_SPECIFIED_ _NOT_SPECIFIED_ _NOT_SPECIFIED_, _NOT_SPECIFIED_ _NOT_SPECIFIED_ _NOT_SPECIFIED_ _NOT_SPECIFIED_ _NOT_SPECIFIED_ _NOT_SPECIFIED_, False, BF_003, False, False, 0, 0, 7, 3, 0, 0, 17, 0, 0, 0, 28, 4, 3, 4, 3, 3, 0, False, False, 9, 2, _NOT_SPECIFIED_, 0, 0, 0, 0, 0, 0, Monster,  ROLE_MON_004 _NOT_SPECIFIED_ _NOT_SPECIFIED_ _NOT_SPECIFIED_ _NOT_SPECIFIED_, 3, 0, 0, 0, 2, 0, 0, 0, 0, 0, 0, 1, 0, 0, False, SUPPORT_ROLE_Eh_Cat, _NOT_SPECIFIED_, PC_Eh_Cat,  _NOT_SPECIFIED_ _NOT_SPECIFIED_ _NOT_SPECIFIED_
PC_Constantine, Constantine, THS_WH000_A01 THS_WHPSW_A01 OHG_GL000_A01 OHG_GL000_B01 _NOT_SPECIFIED_ _NOT_SPECIFIED_ _NOT_SPECIFIED_ _NOT_SPECIFIED_, Halberd _NOT_SPECIFIED_ _NOT_SPECIFIED_ _NOT_SPECIFIED_ _NOT_SPECIFIED_, 0, 0, 0, 0, 0, 0, 0, 0, 0, 0 0, 0, 0, 0 0, 0, OHG_GL000_B04_BLD02, WHPSW01_A GLONE01_A MARO00_B SAIN01_A SASH00_C _NOT_SPECIFIED_ _NOT_SPECIFIED_, _NOT_SPECIFIED_ _NOT_SPECIFIED_ _NOT_SPECIFIED_ _NOT_SPECIFIED_ _NOT_SPECIFIED_ _NOT_SPECIFIED_, False, BF_013, False, False, 10, 28, 12, 6, 26, 17, 24, 13, 0, 0, 0, 6, 5, 9, 7, 4, 0, False, True, 10, 2, _NOT_SPECIFIED_, 0, 0, 0, 0, 0, 0, Human,  ROLE_035 _NOT_SPECIFIED_ _NOT_SPECIFIED_ _NOT_SPECIFIED_ _NOT_SPECIFIED_, 0, 0, 0, 1, 3, 0, 0, 0, 0, 0, 0, 0, 0, 2, False, SUPPORT_ROLE_Constantine, _NOT_SPECIFIED_, PC_Constantine,  _NOT_SPECIFIED_ _NOT_SPECIFIED_ _NOT_SPECIFIED_
PC_Imakoo_Werewolf, Imakoo_Werewolf, MON_M001X_A01a _NOT_SPECIFIED_ _NOT_SPECIFIED_ _NOT_SPECIFIED_ _NOT_SPECIFIED_ _NOT_SPECIFIED_ _NOT_SPECIFIED_ _NOT_SPECIFIED_, _NOT_SPECIFIED_ _NOT_SPECIFIED_ _NOT_SPECIFIED_ _NOT_SPECIFIED_ _NOT_SPECIFIED_, 0, 0, 0, 0, 0, 0, 0, 0, 0, 0 0, 0, 0, 0 0, 0, _NOT_SPECIFIED_, MAMCR09_DW MAMCR10_DW MACW05_DM SAAC05_DS SAAC06_DS _NOT_SPECIFIED_ _NOT_SPECIFIED_, _NOT_SPECIFIED_ _NOT_SPECIFIED_ _NOT_SPECIFIED_ _NOT_SPECIFIED_ _NOT_SPECIFIED_ _NOT_SPECIFIED_, False, BF_013, False, False, 0, 0, 20, 2, 0, 0, 10, 0, 0, 0, 30, 5, 7, 7, 8, 4, 0, False, False, 12, 2, _NOT_SPECIFIED_, 0, 0, 0, 0, 0, 0, Monster,  ROLE_MON_005 _NOT_SPECIFIED_ _NOT_SPECIFIED_ _NOT_SPECIFIED_ _NOT_SPECIFIED_, 2, 0, 0, 3, 0, 0, 0, 0, 0, 0, 0, 0, 0, 1, False, SUPPORT_ROLE_Imakoo_Werewolf, _NOT_SPECIFIED_, PC_Imakoo_Werewolf,  _NOT_SPECIFIED_ _NOT_SPECIFIED_ _NOT_SPECIFIED_
PC_Wednesday, Wednesday, OHS_WL000_A01 OHS_WLLSW_B01 OHG_GL000_A01 _NOT_SPECIFIED_ _NOT_SPECIFIED_ _NOT_SPECIFIED_ _NOT_SPECIFIED_ _NOT_SPECIFIED_, LongSword _NOT_SPECIFIED_ _NOT_SPECIFIED_ _NOT_SPECIFIED_ _NOT_SPECIFIED_, 0, 0, 0, 0, 0, 0, 0, 0, 0, 0 0, 0, 0, 0 0, 0, OHG_GL000_B03_BLD01, WLLSW_DW GLONE_DW MAFA01_A SAAC09_DS _NOT_SPECIFIED_ _NOT_SPECIFIED_ _NOT_SPECIFIED_, _NOT_SPECIFIED_ _NOT_SPECIFIED_ _NOT_SPECIFIED_ _NOT_SPECIFIED_ _NOT_SPECIFIED_ _NOT_SPECIFIED_, False, BF_021, False, False, 15, 17, 14, 5, 26, 30, 18, 10, 0, 0, 20, 6, 8, 7, 6, 5, 0, False, True, 13, 2, _NOT_SPECIFIED_, 0, 0, 0, 0, 0, 0, Mag_user,  ROLE_053 _NOT_SPECIFIED_ _NOT_SPECIFIED_ _NOT_SPECIFIED_ _NOT_SPECIFIED_, 2, 0, 0, 0, 1, 0, 0, 0, 0, 0, 0, 0, 0, 0, False, SUPPORT_ROLE_Wednesday, _NOT_SPECIFIED_, PC_Wednesday,  _NOT_SPECIFIED_ _NOT_SPECIFIED_ _NOT_SPECIFIED_
PC_Blath, Blath, OHS_WL000_A01 OHS_WLAXE_A01 MAR_MA000_A01 SL_RB_C_02_IHA11 _NOT_SPECIFIED_ _NOT_SPECIFIED_ _NOT_SPECIFIED_ _NOT_SPECIFIED_, _NOT_SPECIFIED_ _NOT_SPECIFIED_ _NOT_SPECIFIED_ _NOT_SPECIFIED_ _NOT_SPECIFIED_, 0, 0, 0, 0, 0, 0, 0, 0, 0, 0 0, 0, 0, 0 0, 0, MAR_MA000_B01_BLD01, WLAXE01_A _NOT_SPECIFIED_ MARO00_A SAHE09_A SAAC06_A _NOT_SPECIFIED_ _NOT_SPECIFIED_, SL_ROLE_1_002 _NOT_SPECIFIED_ _NOT_SPECIFIED_ _NOT_SPECIFIED_ _NOT_SPECIFIED_ _NOT_SPECIFIED_, False, BF_017, False, False, 24, 24, 15, 6, 24, 24, 24, 24, 0, 0, 0, 7, 6, 5, 6, 8, 0, False, True, 4, 1, _NOT_SPECIFIED_, 0, 0, 0, 0, 0, 0, Short_lived_human,  ROLE_043 _NOT_SPECIFIED_ _NOT_SPECIFIED_ _NOT_SPECIFIED_ _NOT_SPECIFIED_, 0, 0, 0, 2, 1, 0, 0, 0, 0, 0, 0, 3, 0, 0, False, SUPPORT_ROLE_Blath, _NOT_SPECIFIED_, PC_Blath,  _NOT_SPECIFIED_ _NOT_SPECIFIED_ _NOT_SPECIFIED_
PC_Boudica, Boudica, OHS_WL000_A01 OHS_WLDAG_B01 THS_WH000_A01 THS_WHSSW_B01 _NOT_SPECIFIED_ _NOT_SPECIFIED_ _NOT_SPECIFIED_ _NOT_SPECIFIED_, SmuraiSword _NOT_SPECIFIED_ _NOT_SPECIFIED_ _NOT_SPECIFIED_ _NOT_SPECIFIED_, 0, 0, 0, 0, 0, 0, 0, 0, 0, 0 0, 0, 0, 0 0, 0, THS_WH000_A04_BLD02, WHSSW01_A WLDAG01_A MANA11_A SAGL01_A SASH03_A _NOT_SPECIFIED_ _NOT_SPECIFIED_, _NOT_SPECIFIED_ _NOT_SPECIFIED_ _NOT_SPECIFIED_ _NOT_SPECIFIED_ _NOT_SPECIFIED_ _NOT_SPECIFIED_, False, BF_028, False, False, 24, 30, 16, 6, 20, 26, 10, 13, 0, 0, 0, 6, 7, 7, 7, 5, 0, False, True, 11, 2, _NOT_SPECIFIED_, 0, 0, 0, 0, 0, 0, Human,  ROLE_028 _NOT_SPECIFIED_ _NOT_SPECIFIED_ _NOT_SPECIFIED_ _NOT_SPECIFIED_, 0, 0, 0, 0, 0, 0, 0, 0, 0, 0, 0, 1, 0, 2, False, SUPPORT_ROLE_Boudica, _NOT_SPECIFIED_, PC_Boudica,  _NOT_SPECIFIED_ _NOT_SPECIFIED_ _NOT_SPECIFIED_
PC_Lita_Caryx, Lita_Caryx, THS_WH000_A01 OHS_WL000_A01 OHS_WL000_A02 MAG_MG_A_01_Mo01 _NOT_SPECIFIED_ _NOT_SPECIFIED_ _NOT_SPECIFIED_ _NOT_SPECIFIED_, Halberd _NOT_SPECIFIED_ _NOT_SPECIFIED_ _NOT_SPECIFIED_ _NOT_SPECIFIED_, 0, 0, 0, 0, 0, 0, 0, 0, 0, 0 0, 0, 0, 0 0, 0, THS_WH000_A04_BLD01, WHPSW01_A WLLSW01_A MARO01_A SAHE01_A SAGL01_A SASH01_A _NOT_SPECIFIED_, _NOT_SPECIFIED_ _NOT_SPECIFIED_ _NOT_SPECIFIED_ _NOT_SPECIFIED_ _NOT_SPECIFIED_ _NOT_SPECIFIED_, False, BF_022, False, False, 13, 22, 27, 11, 15, 24, 35, 17, 0, 0, 0, 5, 6, 4, 4, 8, 0, False, True, 10, 2, _NOT_SPECIFIED_, 0, 0, 0, 0, 0, 0, Human,  ROLE_017 _NOT_SPECIFIED_ _NOT_SPECIFIED_ _NOT_SPECIFIED_ _NOT_SPECIFIED_, 0, 0, 0, 2, 1, 0, 0, 0, 0, 0, 0, 4, 0, 1, False, SUPPORT_ROLE_Lita_Caryx, _NOT_SPECIFIED_, PC_Lita_Caryx,  _NOT_SPECIFIED_ _NOT_SPECIFIED_ _NOT_SPECIFIED_
PC_YellowWitchWillma, YellowWitchWillma, OHG_GL000_A01 OHG_GL000_A02 THS_WH000_A01 MAG_MG_C_01_Do01 MAG_MG_C_02_Do02 _NOT_SPECIFIED_ _NOT_SPECIFIED_ _NOT_SPECIFIED_, OneHandedGun _NOT_SPECIFIED_ _NOT_SPECIFIED_ _NOT_SPECIFIED_ _NOT_SPECIFIED_, 0, 0, 0, 0, 0, 0, 0, 0, 0, 0 0, 0, 0, 0 0, 0, THS_WH000_A04_BLD02, GLONE01_A WHGSW01_A MARO03_A SAIN03_A SASH01_A SAAC18_A _NOT_SPECIFIED_, _NOT_SPECIFIED_ _NOT_SPECIFIED_ _NOT_SPECIFIED_ _NOT_SPECIFIED_ _NOT_SPECIFIED_ _NOT_SPECIFIED_, False, BF_024, False, False, 17, 24, 28, 12, 13, 22, 35, 26, 0, 0, 0, 4, 6, 7, 5, 6, 0, False, True, 12, 2, _NOT_SPECIFIED_, 0, 0, 0, 0, 0, 0, Human,  ROLE_019 _NOT_SPECIFIED_ _NOT_SPECIFIED_ _NOT_SPECIFIED_ _NOT_SPECIFIED_, 4, 0, 0, 1, 2, 0, 0, 0, 0, 0, 0, 1, 0, 0, False, SUPPORT_ROLE_YellowWitchWillma, _NOT_SPECIFIED_, PC_YellowWitchWillma,  _NOT_SPECIFIED_ _NOT_SPECIFIED_ _NOT_SPECIFIED_
PC_YellowWitchWillma_Golem, YellowWitchWillma_Golem, OHG_GL000_A01 OHG_GL000_A02 THS_WH000_A01 MAG_MG_C_01_Do01 MAG_MG_C_02_Do02 _NOT_SPECIFIED_ _NOT_SPECIFIED_ _NOT_SPECIFIED_, OneHandedGun _NOT_SPECIFIED_ _NOT_SPECIFIED_ _NOT_SPECIFIED_ _NOT_SPECIFIED_, 0, 0, 0, 0, 0, 0, 0, 0, 0, 0 0, 0, 0, 0 0, 0, THS_WH000_A04_BLD02, GLONE01_A WHGSW01_A MARO03_A SAIN03_A SASH01_A SAAC18_A _NOT_SPECIFIED_, _NOT_SPECIFIED_ _NOT_SPECIFIED_ _NOT_SPECIFIED_ _NOT_SPECIFIED_ _NOT_SPECIFIED_ _NOT_SPECIFIED_, False, BF_024, False, False, 17, 24, 44, 8, 13, 22, 35, 26, 0, 0, 0, 2, 8, 3, 8, 7, 0, False, True, 16, 3, _NOT_SPECIFIED_, 0, 0, 0, 0, 0, 0, Human,  ROLE_019 _NOT_SPECIFIED_ _NOT_SPECIFIED_ _NOT_SPECIFIED_ _NOT_SPECIFIED_, 4, 0, 0, 1, 2, 0, 0, 0, 0, 0, 0, 1, 0, 0, False, SUPPORT_ROLE_YellowWitchWillma_Golem, _NOT_SPECIFIED_, PC_YellowWitchWillma_Golem,  _NOT_SPECIFIED_ _NOT_SPECIFIED_ _NOT_SPECIFIED_
PC_SquireAssasin, SquireAssasin, OHS_WL000_A01 OHS_WL000_PROTECT OHS_WLDAG_B02 OHG_GL000_A01 OHG_GL000_A02 _NOT_SPECIFIED_ _NOT_SPECIFIED_ _NOT_SPECIFIED_, Dagger _NOT_SPECIFIED_ _NOT_SPECIFIED_ _NOT_SPECIFIED_ _NOT_SPECIFIED_, 0, 0, 0, 0, 0, 0, 0, 0, 0, 0 0, 0, 0, 0 0, 0, OHG_GL000_B04_BLD01, WLDAG01_A GLONE01_A MANA11_A SAHE12_A SAGL02_A SASH03_A _NOT_SPECIFIED_, _NOT_SPECIFIED_ _NOT_SPECIFIED_ _NOT_SPECIFIED_ _NOT_SPECIFIED_ _NOT_SPECIFIED_ _NOT_SPECIFIED_, False, BF_027, False, False, 10, 13, 34, 2, 20, 33, 0, 24, 0, 0, 0, 10, 4, 5, 4, 6, 0, False, True, 10, 2, _NOT_SPECIFIED_, 0, 0, 0, 0, 0, 0, Human,  ROLE_018 _NOT_SPECIFIED_ _NOT_SPECIFIED_ _NOT_SPECIFIED_ _NOT_SPECIFIED_, -1, 0, 0, -1, -1, 0, 0, 0, 0, 0, 0, -1, 0, -1, False, SUPPORT_ROLE_SquireAssasin, _NOT_SPECIFIED_, PC_SquireAssasin,  _NOT_SPECIFIED_ _NOT_SPECIFIED_ _NOT_SPECIFIED_
PC_Dolores, Dolores, OHS_WL000_A01 OHS_WL000_A02 OHS_WLAXE_B01 OHG_GL000_A01 OHG_GL000_B01 _NOT_SPECIFIED_ _NOT_SPECIFIED_ _NOT_SPECIFIED_, Axe _NOT_SPECIFIED_ _NOT_SPECIFIED_ _NOT_SPECIFIED_ _NOT_SPECIFIED_, 0, 0, 0, 0, 0, 0, 0, 0, 0, 0 0, 0, 0, 0 0, 0, OHG_GL000_B04_BLD02, WLAXE01_A GLONE04_A MANA01_A SAGL01_A SASH01_A _NOT_SPECIFIED_ _NOT_SPECIFIED_, _NOT_SPECIFIED_ _NOT_SPECIFIED_ _NOT_SPECIFIED_ _NOT_SPECIFIED_ _NOT_SPECIFIED_ _NOT_SPECIFIED_, False, BF_026, False, False, 26, 17, 36, 4, 22, 35, 15, 10, 0, 0, 0, 10, 8, 6, 7, 5, 0, False, True, 11, 2, _NOT_SPECIFIED_, 0, 0, 0, 0, 0, 0, Human,  ROLE_026 _NOT_SPECIFIED_ _NOT_SPECIFIED_ _NOT_SPECIFIED_ _NOT_SPECIFIED_, 1, 0, 0, 2, 0, 0, 0, 0, 0, 0, 0, 0, 0, 0, False, SUPPORT_ROLE_Dolores, _NOT_SPECIFIED_, PC_Dolores,  _NOT_SPECIFIED_ _NOT_SPECIFIED_ _NOT_SPECIFIED_
PC_Ivar, Ivar, OHS_WL000_A01 OHS_WL000_A04 THG_GH000_A01 THG_GHMAC_A01 _NOT_SPECIFIED_ _NOT_SPECIFIED_ _NOT_SPECIFIED_ _NOT_SPECIFIED_, LongSword _NOT_SPECIFIED_ _NOT_SPECIFIED_ _NOT_SPECIFIED_ _NOT_SPECIFIED_, 0, 0, 0, 0, 0, 0, 0, 0, 0, 0 0, 0, 0, 0 0, 0, THG_GH000_A03_BLD01, WLLSW01_A GHMAC01_A MACL01_A SASH01_A SAAC13_A SAAC04_A _NOT_SPECIFIED_, _NOT_SPECIFIED_ _NOT_SPECIFIED_ _NOT_SPECIFIED_ _NOT_SPECIFIED_ _NOT_SPECIFIED_ _NOT_SPECIFIED_, False, BF_008, False, False, 33, 15, 34, 7, 17, 26, 10, 24, 0, 0, 0, 5, 8, 6, 10, 6, 0, False, True, 14, 2, _NOT_SPECIFIED_, 0, 0, 0, 0, 0, 0, Human,  ROLE_029 _NOT_SPECIFIED_ _NOT_SPECIFIED_ _NOT_SPECIFIED_ _NOT_SPECIFIED_, 0, 0, 0, 0, 0, 0, 0, 0, 0, 0, 0, 1, 0, 2, False, SUPPORT_ROLE_Ivar, _NOT_SPECIFIED_, PC_Ivar,  _NOT_SPECIFIED_ _NOT_SPECIFIED_ _NOT_SPECIFIED_
PC_Azure, Azure, OHS_WL000_A01 OHS_WL000_A02 OHS_WLLSW_B01 OHS_WLDAG_A01 _NOT_SPECIFIED_ _NOT_SPECIFIED_ _NOT_SPECIFIED_ _NOT_SPECIFIED_, Dagger _NOT_SPECIFIED_ _NOT_SPECIFIED_ _NOT_SPECIFIED_ _NOT_SPECIFIED_, 0, 0, 0, 0, 0, 0, 0, 0, 0, 0 0, 0, 0, 0 0, 0, OHS_WL000_B01_BLD02, WLDAG04_A WLLSW01_A MACL04_A SASH01_A SAAC19_A SAAC09_A _NOT_SPECIFIED_, _NOT_SPECIFIED_ _NOT_SPECIFIED_ _NOT_SPECIFIED_ _NOT_SPECIFIED_ _NOT_SPECIFIED_ _NOT_SPECIFIED_, False, BF_025, False, False, 10, 13, 32, 6, 26, 35, 24, 22, 0, 0, 0, 12, 7, 8, 7, 8, 0, False, True, 11, 2, _NOT_SPECIFIED_, 0, 0, 0, 0, 0, 0, Human,  ROLE_041 _NOT_SPECIFIED_ _NOT_SPECIFIED_ _NOT_SPECIFIED_ _NOT_SPECIFIED_, 1, 0, 0, 0, 0, 0, 0, 0, 0, 0, 0, 2, 0, 3, False, SUPPORT_ROLE_Azure, _NOT_SPECIFIED_, PC_Azure,  _NOT_SPECIFIED_ _NOT_SPECIFIED_ _NOT_SPECIFIED_
PC_Byaku, Byaku, MON_M054_A01a _NOT_SPECIFIED_ MAG_MG_E_01_Su01 MAG_MG_E_02_Su02 SL_RB_A_01_IHA01 _NOT_SPECIFIED_ _NOT_SPECIFIED_ _NOT_SPECIFIED_, _NOT_SPECIFIED_ _NOT_SPECIFIED_ _NOT_SPECIFIED_ _NOT_SPECIFIED_ _NOT_SPECIFIED_, 0, 0, 0, 0, 0, 0, 0, 0, 0, 0 0, 0, 0, 0 0, 0, _NOT_SPECIFIED_, MAMCR11_DW MAMCR12_DW MACW06_DM SAAC10_DS _NOT_SPECIFIED_ _NOT_SPECIFIED_ _NOT_SPECIFIED_, SL_ROLE_6_002 _NOT_SPECIFIED_ _NOT_SPECIFIED_ _NOT_SPECIFIED_ _NOT_SPECIFIED_ _NOT_SPECIFIED_, False, BF_020, False, False, 0, 0, 36, 6, 0, 0, 32, 0, 0, 0, 25, 3, 4, 5, 5, 5, 0, False, False, 4, 1, _NOT_SPECIFIED_, 0, 0, 0, 0, 0, 0, Short_lived_monster,  ROLE_MON_006 _NOT_SPECIFIED_ _NOT_SPECIFIED_ _NOT_SPECIFIED_ _NOT_SPECIFIED_, 1, 0, 0, 0, 0, 0, 0, 0, 0, 0, 0, 2, 0, 3, False, SUPPORT_ROLE_Byaku, _NOT_SPECIFIED_, PC_Byaku,  _NOT_SPECIFIED_ _NOT_SPECIFIED_ _NOT_SPECIFIED_
PC_Erytheia, Erytheia, MON_M054_A01a _NOT_SPECIFIED_ _NOT_SPECIFIED_ MAG_MG_B_01_Ka01 SL_RB_C_02_IHA11 _NOT_SPECIFIED_ _NOT_SPECIFIED_ _NOT_SPECIFIED_, _NOT_SPECIFIED_ _NOT_SPECIFIED_ _NOT_SPECIFIED_ _NOT_SPECIFIED_ _NOT_SPECIFIED_, 0, 0, 0, 0, 0, 0, 0, 0, 0, 0 0, 0, 0, 0 0, 0, _NOT_SPECIFIED_, MAMCR13_DW MAMCR14_DW MACW07_DM SAAC11_DS _NOT_SPECIFIED_ _NOT_SPECIFIED_ _NOT_SPECIFIED_, SL_ROLE_7_002 _NOT_SPECIFIED_ _NOT_SPECIFIED_ _NOT_SPECIFIED_ _NOT_SPECIFIED_ _NOT_SPECIFIED_, False, BF_027, False, False, 0, 0, 34, 6, 0, 0, 24, 0, 0, 0, 35, 8, 3, 6, 4, 7, 0, False, False, 4, 1, _NOT_SPECIFIED_, 0, 0, 0, 0, 0, 0, Short_lived_monster,  ROLE_MON_007 _NOT_SPECIFIED_ _NOT_SPECIFIED_ _NOT_SPECIFIED_ _NOT_SPECIFIED_, 2, 0, 0, 3, 0, 0, 0, 0, 0, 0, 0, 0, 0, 1, False, SUPPORT_ROLE_Erytheia, _NOT_SPECIFIED_, PC_Erytheia,  _NOT_SPECIFIED_ _NOT_SPECIFIED_ _NOT_SPECIFIED_
PC_Nitram, Nitram, THS_WH000_A01 THS_WHGSW_B01 OHS_WL000_A01 MAG_MG_B_01_Ka01 _NOT_SPECIFIED_ _NOT_SPECIFIED_ _NOT_SPECIFIED_ _NOT_SPECIFIED_, GreatSword _NOT_SPECIFIED_ _NOT_SPECIFIED_ _NOT_SPECIFIED_ _NOT_SPECIFIED_, 0, 0, 0, 0, 0, 0, 0, 0, 0, 0 0, 0, 0, 0 0, 0, THS_WH000_B01_BLD02, WHGSW01_A WLAXE01_A MANA11_A SAHE12_A SAGL01_A SASH01_A _NOT_SPECIFIED_, _NOT_SPECIFIED_ _NOT_SPECIFIED_ _NOT_SPECIFIED_ _NOT_SPECIFIED_ _NOT_SPECIFIED_ _NOT_SPECIFIED_, False, BF_024, False, False, 15, 35, 36, 6, 10, 24, 18, 17, 0, 0, 0, 4, 11, 6, 8, 6, 0, False, True, 12, 2, _NOT_SPECIFIED_, 0, 0, 0, 0, 0, 0, Human,  ROLE_011 _NOT_SPECIFIED_ _NOT_SPECIFIED_ _NOT_SPECIFIED_ _NOT_SPECIFIED_, 2, 0, 0, 3, 0, 0, 0, 0, 0, 0, 0, 0, 0, 1, False, SUPPORT_ROLE_Nitram, _NOT_SPECIFIED_, PC_Nitram,  _NOT_SPECIFIED_ _NOT_SPECIFIED_ _NOT_SPECIFIED_
PC_Atihana, Atihana, OHS_WL000_A01 OHS_WL000_A02 OHS_WLDAG_A01 MAG_MG_E_01_Su01 _NOT_SPECIFIED_ _NOT_SPECIFIED_ _NOT_SPECIFIED_ _NOT_SPECIFIED_, LongSword _NOT_SPECIFIED_ _NOT_SPECIFIED_ _NOT_SPECIFIED_ _NOT_SPECIFIED_, 0, 0, 0, 0, 0, 0, 0, 0, 0, 0 0, 0, 0, 0 0, 0, OHS_WL000_A04_BLD03, WLLSW01_A WLDAG01_A MARO02_A SASH01_A SAAC13_A SAAC16_A _NOT_SPECIFIED_, _NOT_SPECIFIED_ _NOT_SPECIFIED_ _NOT_SPECIFIED_ _NOT_SPECIFIED_ _NOT_SPECIFIED_ _NOT_SPECIFIED_, False, BF_001, False, False, 10, 20, 28, 7, 15, 35, 26, 20, 0, 0, 0, 6, 10, 7, 6, 5, 0, False, True, 11, 2, _NOT_SPECIFIED_, 0, 0, 0, 0, 0, 0, Human,  ROLE_012 _NOT_SPECIFIED_ _NOT_SPECIFIED_ _NOT_SPECIFIED_ _NOT_SPECIFIED_, 1, 0, 0, 0, 0, 0, 0, 0, 0, 0, 0, 2, 0, 3, False, SUPPORT_ROLE_Atihana, _NOT_SPECIFIED_, PC_Atihana,  _NOT_SPECIFIED_ _NOT_SPECIFIED_ _NOT_SPECIFIED_
PC_Nahoj, Nahoj, OHG_GL000_A01 OHG_GL000_A05 OHS_WL000_A01 MAG_MG_A_01_Mo01 _NOT_SPECIFIED_ _NOT_SPECIFIED_ _NOT_SPECIFIED_ _NOT_SPECIFIED_, OneHandedGun _NOT_SPECIFIED_ _NOT_SPECIFIED_ _NOT_SPECIFIED_ _NOT_SPECIFIED_, 0, 0, 0, 0, 0, 0, 0, 0, 0, 0 0, 0, 0, 0 0, 0, OHG_GL000_B05_BLD01, GLONE04_A WLRAP01_A MARO13_A SAIN01_B SASH01_A SAAC02_A _NOT_SPECIFIED_, _NOT_SPECIFIED_ _NOT_SPECIFIED_ _NOT_SPECIFIED_ _NOT_SPECIFIED_ _NOT_SPECIFIED_ _NOT_SPECIFIED_, False, BF_019, False, False, 20, 17, 29, 8, 35, 20, 24, 10, 0, 0, 0, 7, 5, 11, 7, 7, 0, False, True, 13, 2, _NOT_SPECIFIED_, 0, 0, 0, 0, 0, 0, Human,  ROLE_013 _NOT_SPECIFIED_ _NOT_SPECIFIED_ _NOT_SPECIFIED_ _NOT_SPECIFIED_, 0, 0, 0, 2, 1, 0, 0, 0, 0, 0, 0, 3, 0, 0, False, SUPPORT_ROLE_Nahoj, _NOT_SPECIFIED_, PC_Nahoj,  _NOT_SPECIFIED_ _NOT_SPECIFIED_ _NOT_SPECIFIED_
PC_Irbas, Irbas, MAR_MA000_A01 MAR_MA000_A04 MAR_MA000_A06 MAG_MG_C_01_Do01 _NOT_SPECIFIED_ _NOT_SPECIFIED_ _NOT_SPECIFIED_ _NOT_SPECIFIED_, StrikeArts _NOT_SPECIFIED_ _NOT_SPECIFIED_ _NOT_SPECIFIED_ _NOT_SPECIFIED_, 0, 0, 0, 0, 0, 0, 0, 0, 0, 0 0, 0, 0, 0 0, 0, MAR_MA000_B01_BLD02, _NOT_SPECIFIED_ _NOT_SPECIFIED_ MANA11_A SAGL01_A SASH01_A SAAC01_A _NOT_SPECIFIED_, _NOT_SPECIFIED_ _NOT_SPECIFIED_ _NOT_SPECIFIED_ _NOT_SPECIFIED_ _NOT_SPECIFIED_ _NOT_SPECIFIED_, False, BF_015, False, False, 24, 20, 34, 7, 15, 13, 20, 35, 0, 0, 0, 8, 7, 6, 12, 9, 0, False, True, 10, 2, _NOT_SPECIFIED_, 0, 0, 0, 0, 0, 0, Human,  ROLE_009 _NOT_SPECIFIED_ _NOT_SPECIFIED_ _NOT_SPECIFIED_ _NOT_SPECIFIED_, 3, 0, 0, 0, 2, 0, 0, 0, 0, 0, 0, 1, 0, 0, False, SUPPORT_ROLE_Irbas, _NOT_SPECIFIED_, PC_Irbas,  _NOT_SPECIFIED_ _NOT_SPECIFIED_ _NOT_SPECIFIED_
PC_Gruman_Mole, Gruman_Mole, MON_M110_A01a _NOT_SPECIFIED_ _NOT_SPECIFIED_ _NOT_SPECIFIED_ _NOT_SPECIFIED_ _NOT_SPECIFIED_ _NOT_SPECIFIED_ _NOT_SPECIFIED_, _NOT_SPECIFIED_ _NOT_SPECIFIED_ _NOT_SPECIFIED_ _NOT_SPECIFIED_ _NOT_SPECIFIED_, 0, 0, 0, 0, 0, 0, 0, 0, 0, 0 0, 0, 0, 0 0, 0, _NOT_SPECIFIED_, MAMCR15_DW MAMCR16_DW MACW08_DM SAAC12_DS SAAC13_DS _NOT_SPECIFIED_ _NOT_SPECIFIED_, _NOT_SPECIFIED_ _NOT_SPECIFIED_ _NOT_SPECIFIED_ _NOT_SPECIFIED_ _NOT_SPECIFIED_ _NOT_SPECIFIED_, False, BF_010, False, False, 0, 0, 36, 2, 0, 0, 26, 0, 0, 0, 35, 3, 4, 5, 4, 4, 0, False, False, 13, 2, _NOT_SPECIFIED_, 0, 0, 0, 0, 0, 0, Monster,  ROLE_MON_008 _NOT_SPECIFIED_ _NOT_SPECIFIED_ _NOT_SPECIFIED_ _NOT_SPECIFIED_, 3, 0, 0, 0, 2, 0, 0, 0, 0, 0, 0, 1, 0, 0, False, SUPPORT_ROLE_Gruman_Mole, _NOT_SPECIFIED_, PC_Gruman_Mole,  _NOT_SPECIFIED_ _NOT_SPECIFIED_ _NOT_SPECIFIED_
PC_Gold_SubManager, Gold_SubManager, _NOT_SPECIFIED_ _NOT_SPECIFIED_ _NOT_SPECIFIED_ _NOT_SPECIFIED_ _NOT_SPECIFIED_ _NOT_SPECIFIED_ _NOT_SPECIFIED_ _NOT_SPECIFIED_, _NOT_SPECIFIED_ _NOT_SPECIFIED_ _NOT_SPECIFIED_ _NOT_SPECIFIED_ _NOT_SPECIFIED_, 100, 100, 100, 100, 0, 0, 0, 0, 100, 100 0, 15, 100, 100 0, 0, _NOT_SPECIFIED_, GLONE01_A GLONE04_A GHCHE01_A WLDAG01_A GLONE07_A _NOT_SPECIFIED_ _NOT_SPECIFIED_, _NOT_SPECIFIED_ _NOT_SPECIFIED_ _NOT_SPECIFIED_ _NOT_SPECIFIED_ _NOT_SPECIFIED_ _NOT_SPECIFIED_, False, BF_028, False, False, 0, 0, -1, -1, 0, 0, 0, 0, 26, 35, 17, -1, -1, -1, -1, -1, 100, False, False, 14, 2, MBody_Gold_SubManager, 15, 20, 10, 15, 15, 5, Maki,  ROLE_MECHA_BODY_C _NOT_SPECIFIED_ _NOT_SPECIFIED_ _NOT_SPECIFIED_ _NOT_SPECIFIED_, -1, 0, 0, -1, -1, 0, 0, 0, 0, 0, 0, -1, 0, -1, False, SUPPORT_ROLE_Gold_SubManager, _NOT_SPECIFIED_, PC_Gold_SubManager,  _NOT_SPECIFIED_ _NOT_SPECIFIED_ _NOT_SPECIFIED_
PC_Scarecrow, Scarecrow, THG_GH000_A01 THG_GHMAC_A01 THS_WH000_A01 THS_WHSSW_B01 MAG_MG_A_01_Mo01 _NOT_SPECIFIED_ _NOT_SPECIFIED_ _NOT_SPECIFIED_, MachineGun _NOT_SPECIFIED_ _NOT_SPECIFIED_ _NOT_SPECIFIED_ _NOT_SPECIFIED_, 0, 0, 0, 0, 0, 0, 0, 0, 0, 0 0, 0, 0, 0 0, 0, THG_GH000_B01_BLD01, GHMAC01_C WHSSW01_A MARO01_A SAHE21_A SAGL01_A _NOT_SPECIFIED_ _NOT_SPECIFIED_, _NOT_SPECIFIED_ _NOT_SPECIFIED_ _NOT_SPECIFIED_ _NOT_SPECIFIED_ _NOT_SPECIFIED_ _NOT_SPECIFIED_, False, BF_016, False, False, 35, 26, 26, 8, 24, 17, 22, 10, 0, 0, 0, 3, 4, 9, 5, 7, 0, False, True, 9, 2, _NOT_SPECIFIED_, 0, 0, 0, 0, 0, 0, Human,  ROLE_036 _NOT_SPECIFIED_ _NOT_SPECIFIED_ _NOT_SPECIFIED_ _NOT_SPECIFIED_, 3, 0, 0, 0, 2, 0, 0, 0, 0, 0, 0, 1, 0, 0, False, SUPPORT_ROLE_Scarecrow, _NOT_SPECIFIED_, PC_Scarecrow,  _NOT_SPECIFIED_ _NOT_SPECIFIED_ _NOT_SPECIFIED_
PC_Nana, Nana, OHS_WL000_A01 OHS_WLDAG_A01 OHS_WLAXE_A01 MAG_MG_C_02_Do02 _NOT_SPECIFIED_ _NOT_SPECIFIED_ _NOT_SPECIFIED_ _NOT_SPECIFIED_, Dagger _NOT_SPECIFIED_ _NOT_SPECIFIED_ _NOT_SPECIFIED_ _NOT_SPECIFIED_, 0, 0, 0, 0, 0, 0, 0, 0, 0, 0 0, 0, 0, 0 0, 0, OHS_WL000_A04_BLD03, WLDAG01_A WLAXE01_A MANA01_A SAAC05_A SAAC14_A SAAC19_A _NOT_SPECIFIED_, _NOT_SPECIFIED_ _NOT_SPECIFIED_ _NOT_SPECIFIED_ _NOT_SPECIFIED_ _NOT_SPECIFIED_ _NOT_SPECIFIED_, False, BF_019, False, False, 13, 17, 26, 7, 24, 33, 24, 26, 0, 0, 0, 7, 9, 6, 5, 9, 0, False, True, 8, 2, _NOT_SPECIFIED_, 0, 0, 0, 0, 0, 0, Human,  ROLE_061 _NOT_SPECIFIED_ _NOT_SPECIFIED_ _NOT_SPECIFIED_ _NOT_SPECIFIED_, 0, 0, 0, 1, 0, 0, 0, 0, 0, 0, 0, 2, 0, 0, False, SUPPORT_ROLE_Nana, _NOT_SPECIFIED_, PC_Nana,  _NOT_SPECIFIED_ _NOT_SPECIFIED_ _NOT_SPECIFIED_
PC_BX10_EX, BX10_EX, _NOT_SPECIFIED_ _NOT_SPECIFIED_ _NOT_SPECIFIED_ _NOT_SPECIFIED_ _NOT_SPECIFIED_ _NOT_SPECIFIED_ _NOT_SPECIFIED_ _NOT_SPECIFIED_, _NOT_SPECIFIED_ _NOT_SPECIFIED_ _NOT_SPECIFIED_ _NOT_SPECIFIED_ _NOT_SPECIFIED_, 100, 100, 100, 100, 0, 0, 0, 0, 100, 100 0, 0, 100, 100 15, 0, _NOT_SPECIFIED_, GLONE01_A WLRAP03_A WHGSW01_A WLDAG01_B GHFLA01_ZERO SASH03_A _NOT_SPECIFIED_, _NOT_SPECIFIED_ _NOT_SPECIFIED_ _NOT_SPECIFIED_ _NOT_SPECIFIED_ _NOT_SPECIFIED_ _NOT_SPECIFIED_, False, BF_005, False, False, 0, 0, -1, -1, 0, 0, 0, 0, 35, 26, 15, -1, -1, -1, -1, -1, 100, False, False, 16, 3, MBody_BX10_EX, 5, 10, 20, 10, 20, 15, Maki,  ROLE_MECHA_BODY_I _NOT_SPECIFIED_ _NOT_SPECIFIED_ _NOT_SPECIFIED_ _NOT_SPECIFIED_, -1, 0, 0, -1, -1, 0, 0, 0, 0, 0, 0, -1, 0, -1, False, SUPPORT_ROLE_BX10_EX, _NOT_SPECIFIED_, PC_BX10_EX,  _NOT_SPECIFIED_ _NOT_SPECIFIED_ _NOT_SPECIFIED_
PC_Mech_Bard, Mech_Bard, _NOT_SPECIFIED_ _NOT_SPECIFIED_ _NOT_SPECIFIED_ _NOT_SPECIFIED_ _NOT_SPECIFIED_ _NOT_SPECIFIED_ _NOT_SPECIFIED_ _NOT_SPECIFIED_, _NOT_SPECIFIED_ _NOT_SPECIFIED_ _NOT_SPECIFIED_ _NOT_SPECIFIED_ _NOT_SPECIFIED_, 100, 100, 100, 100, 0, 0, 0, 0, 100, 100 15, 0, 100, 100 0, 0, _NOT_SPECIFIED_, WLLSW01_A WLRAP01_A SAIN02_A SAAC16_A _NOT_SPECIFIED_ _NOT_SPECIFIED_ _NOT_SPECIFIED_, _NOT_SPECIFIED_ _NOT_SPECIFIED_ _NOT_SPECIFIED_ _NOT_SPECIFIED_ _NOT_SPECIFIED_ _NOT_SPECIFIED_, False, BF_011, False, False, 0, 0, -1, -1, 0, 0, 0, 0, 35, 26, 17, -1, -1, -1, -1, -1, 90, False, False, 10, 2, MBody_Mech_Bard, 10, 15, 15, 5, 10, 20, Maki,  ROLE_MECHA_BODY_D _NOT_SPECIFIED_ _NOT_SPECIFIED_ _NOT_SPECIFIED_ _NOT_SPECIFIED_, -1, 0, 0, -1, -1, 0, 0, 0, 0, 0, 0, -1, 0, -1, False, SUPPORT_ROLE_Mech_Bard, _NOT_SPECIFIED_, PC_Mech_Bard,  _NOT_SPECIFIED_ _NOT_SPECIFIED_ _NOT_SPECIFIED_
PC_Sarab, Sarab, _NOT_SPECIFIED_ _NOT_SPECIFIED_ _NOT_SPECIFIED_ _NOT_SPECIFIED_ _NOT_SPECIFIED_ _NOT_SPECIFIED_ _NOT_SPECIFIED_ _NOT_SPECIFIED_, _NOT_SPECIFIED_ _NOT_SPECIFIED_ _NOT_SPECIFIED_ _NOT_SPECIFIED_ _NOT_SPECIFIED_, 100, 100, 100, 100, 0, 0, 0, 0, 100, 100 0, 0, 100, 100 0, 0, _NOT_SPECIFIED_, GLONE01_B GLONE13_A MACL02_A MARO02_A SAHE26_A _NOT_SPECIFIED_ _NOT_SPECIFIED_, _NOT_SPECIFIED_ _NOT_SPECIFIED_ _NOT_SPECIFIED_ _NOT_SPECIFIED_ _NOT_SPECIFIED_ _NOT_SPECIFIED_, True, BF_026, False, False, 0, 0, -1, -1, 0, 0, 0, 0, 26, 35, 17, -1, -1, -1, -1, -1, 50, False, False, 9, 2, MBody_Sarab, 10, 15, 5, 10, 1, 5, Maki,  ROLE_MECHA_BODY_F _NOT_SPECIFIED_ _NOT_SPECIFIED_ _NOT_SPECIFIED_ _NOT_SPECIFIED_, -1, 0, 0, -1, -1, 0, 0, 0, 0, 0, 0, -1, 0, -1, False, SUPPORT_ROLE_Sarab, _NOT_SPECIFIED_, PC_Sarab,  _NOT_SPECIFIED_ _NOT_SPECIFIED_ _NOT_SPECIFIED_
PC_Simon, Simon, _NOT_SPECIFIED_ _NOT_SPECIFIED_ _NOT_SPECIFIED_ _NOT_SPECIFIED_ _NOT_SPECIFIED_ _NOT_SPECIFIED_ _NOT_SPECIFIED_ _NOT_SPECIFIED_, _NOT_SPECIFIED_ _NOT_SPECIFIED_ _NOT_SPECIFIED_ _NOT_SPECIFIED_ _NOT_SPECIFIED_, 100, 100, 100, 100, 0, 0, 0, 0, 100, 100 10, 10, 100, 100 10, 0, _NOT_SPECIFIED_, WLLSW01_B WLAXE03_A GLONE04_A GHMAC01_A GHBOM01_A MAFA01_A _NOT_SPECIFIED_, _NOT_SPECIFIED_ _NOT_SPECIFIED_ _NOT_SPECIFIED_ _NOT_SPECIFIED_ _NOT_SPECIFIED_ _NOT_SPECIFIED_, False, BF_003, False, False, 0, 0, -1, -1, 0, 0, 0, 0, 26, 35, 15, -1, -1, -1, -1, -1, 90, False, False, 15, 2, MBody_Simon, 15, 15, 15, 15, 15, 15, Maki,  ROLE_MECHA_BODY_S _NOT_SPECIFIED_ _NOT_SPECIFIED_ _NOT_SPECIFIED_ _NOT_SPECIFIED_, -1, 0, 0, -1, -1, 0, 0, 0, 0, 0, 0, -1, 0, -1, False, SUPPORT_ROLE_Simon, _NOT_SPECIFIED_, PC_Simon,  _NOT_SPECIFIED_ _NOT_SPECIFIED_ _NOT_SPECIFIED_
PC_Kina_Kikiri, Kina_Kikiri, MON_M072X_A01a _NOT_SPECIFIED_ _NOT_SPECIFIED_ _NOT_SPECIFIED_ _NOT_SPECIFIED_ _NOT_SPECIFIED_ _NOT_SPECIFIED_ _NOT_SPECIFIED_, _NOT_SPECIFIED_ _NOT_SPECIFIED_ _NOT_SPECIFIED_ _NOT_SPECIFIED_ _NOT_SPECIFIED_, 0, 0, 0, 0, 0, 0, 0, 0, 0, 0 0, 0, 0, 0 0, 0, _NOT_SPECIFIED_, MAMCR17_DW MAMCR18_DW MACW09_DM SAAC07_DS SAAC08_DS _NOT_SPECIFIED_ _NOT_SPECIFIED_, _NOT_SPECIFIED_ _NOT_SPECIFIED_ _NOT_SPECIFIED_ _NOT_SPECIFIED_ _NOT_SPECIFIED_ _NOT_SPECIFIED_, False, BF_029, False, False, 0, 0, 38, 2, 0, 0, 22, 0, 0, 0, 35, 6, 6, 8, 6, 7, 0, False, False, 11, 2, _NOT_SPECIFIED_, 0, 0, 0, 0, 0, 0, Monster,  ROLE_MON_009 _NOT_SPECIFIED_ _NOT_SPECIFIED_ _NOT_SPECIFIED_ _NOT_SPECIFIED_, 0, 0, 0, 1, 3, 0, 0, 0, 0, 0, 0, 0, 0, 2, False, SUPPORT_ROLE_Kina_Kikiri, _NOT_SPECIFIED_, PC_Kina_Kikiri,  _NOT_SPECIFIED_ _NOT_SPECIFIED_ _NOT_SPECIFIED_
PC_Guinevere, Guinevere, OHS_WL000_A01 OHS_WL000_A02 OHS_WLLSW_B01 MAR_MA000_A01 MAG_MG_B_01_Ka01 _NOT_SPECIFIED_ _NOT_SPECIFIED_ _NOT_SPECIFIED_, LongSword _NOT_SPECIFIED_ _NOT_SPECIFIED_ _NOT_SPECIFIED_ _NOT_SPECIFIED_, 0, 0, 0, 0, 0, 0, 0, 0, 0, 0 0, 0, 0, 0 0, 0, MAR_MA000_B09_BLD01, WLLSW01_A _NOT_SPECIFIED_ MARO00_B SAIN03_A SAHE17_A SASH00_D _NOT_SPECIFIED_, _NOT_SPECIFIED_ _NOT_SPECIFIED_ _NOT_SPECIFIED_ _NOT_SPECIFIED_ _NOT_SPECIFIED_ _NOT_SPECIFIED_, False, BF_022, False, False, 10, 13, 11, 11, 24, 26, 35, 17, 0, 0, 0, 4, 6, 5, 6, 7, 0, False, True, 9, 2, _NOT_SPECIFIED_, 0, 0, 0, 0, 0, 0, Human,  ROLE_065 _NOT_SPECIFIED_ _NOT_SPECIFIED_ _NOT_SPECIFIED_ _NOT_SPECIFIED_, 2, 0, 0, 3, 0, 0, 0, 0, 0, 0, 0, 0, 0, 1, False, SUPPORT_ROLE_Guinevere, _NOT_SPECIFIED_, PC_Guinevere,  _NOT_SPECIFIED_ _NOT_SPECIFIED_ _NOT_SPECIFIED_
PC_Spear, Spear, THS_WH000_A01 THS_WH000_A02 OHS_WL000_A01 OHS_WL000_A04 _NOT_SPECIFIED_ _NOT_SPECIFIED_ _NOT_SPECIFIED_ _NOT_SPECIFIED_, GreatSword _NOT_SPECIFIED_ _NOT_SPECIFIED_ _NOT_SPECIFIED_ _NOT_SPECIFIED_, 0, 0, 0, 0, 0, 0, 0, 0, 0, 0 0, 0, 0, 0 0, 0, THS_WH000_A02_BLD03, WHGSW02_A WLDAG03_A MARO00_B SAIN01_B SASH01_A _NOT_SPECIFIED_ _NOT_SPECIFIED_, _NOT_SPECIFIED_ _NOT_SPECIFIED_ _NOT_SPECIFIED_ _NOT_SPECIFIED_ _NOT_SPECIFIED_ _NOT_SPECIFIED_, False, BF_029, False, False, 17, 35, 16, 4, 15, 26, 10, 22, 0, 0, 0, 7, 12, 6, 8, 6, 0, False, True, 14, 2, _NOT_SPECIFIED_, 0, 0, 0, 0, 0, 0, Human,  ROLE_055 _NOT_SPECIFIED_ _NOT_SPECIFIED_ _NOT_SPECIFIED_ _NOT_SPECIFIED_, 0, 0, 0, 0, 0, 0, 0, 0, 0, 0, 0, 1, 0, 2, False, SUPPORT_ROLE_Spear, _NOT_SPECIFIED_, PC_Spear,  _NOT_SPECIFIED_ _NOT_SPECIFIED_ _NOT_SPECIFIED_
PC_Lancelot, Lancelot, THS_WH000_A01 THS_WH000_A02 OHS_WL000_A01 OHS_WL000_A04 _NOT_SPECIFIED_ _NOT_SPECIFIED_ _NOT_SPECIFIED_ _NOT_SPECIFIED_, GreatSword _NOT_SPECIFIED_ _NOT_SPECIFIED_ _NOT_SPECIFIED_ _NOT_SPECIFIED_, 0, 0, 0, 0, 0, 0, 0, 0, 0, 0 0, 0, 0, 0 0, 0, THS_WH000_A02_BLD03, WHGSW02_A WLDAG03_A MARO00_B SAIN01_B SASH01_A _NOT_SPECIFIED_ _NOT_SPECIFIED_, _NOT_SPECIFIED_ _NOT_SPECIFIED_ _NOT_SPECIFIED_ _NOT_SPECIFIED_ _NOT_SPECIFIED_ _NOT_SPECIFIED_, False, BF_029, False, False, 17, 35, 16, 4, 15, 26, 10, 22, 0, 0, 0, 7, 12, 6, 8, 6, 0, False, True, 14, 2, _NOT_SPECIFIED_, 0, 0, 0, 0, 0, 0, Human,  ROLE_055 _NOT_SPECIFIED_ _NOT_SPECIFIED_ _NOT_SPECIFIED_ _NOT_SPECIFIED_, 0, 0, 0, 0, 0, 0, 0, 0, 0, 0, 0, 1, 0, 2, False, SUPPORT_ROLE_Lancelot, _NOT_SPECIFIED_, PC_Lancelot,  _NOT_SPECIFIED_ _NOT_SPECIFIED_ _NOT_SPECIFIED_
PC_LastEmperor, LastEmperor, THS_WH000_A01 THS_WH000_A02 THS_WH000_A04 MAR_MA000_A01 MAR_MA000_A07 MAR_MA000_B06 _NOT_SPECIFIED_ _NOT_SPECIFIED_, GreatSword _NOT_SPECIFIED_ _NOT_SPECIFIED_ _NOT_SPECIFIED_ _NOT_SPECIFIED_, 0, 0, 0, 0, 0, 0, 0, 0, 0, 0 0, 0, 0, 0 0, 0, MAR_MA000_B01_BLD02, WHGSW10_A _NOT_SPECIFIED_ MARO03_A SAIN01_A SAHE25_A SASH00_C _NOT_SPECIFIED_, _NOT_SPECIFIED_ _NOT_SPECIFIED_ _NOT_SPECIFIED_ _NOT_SPECIFIED_ _NOT_SPECIFIED_ _NOT_SPECIFIED_, False, BF_006, False, False, 15, 35, 38, 5, 22, 17, 13, 26, 0, 0, 0, 8, 12, 7, 6, 4, 0, False, True, 8, 2, _NOT_SPECIFIED_, 0, 0, 0, 0, 0, 0, Human,  ROLE_063 _NOT_SPECIFIED_ _NOT_SPECIFIED_ _NOT_SPECIFIED_ _NOT_SPECIFIED_, 0, 0, 0, 0, 0, 0, 0, 0, 0, 0, 0, 1, 0, 2, False, SUPPORT_ROLE_LastEmperor, _NOT_SPECIFIED_, PC_LastEmperor,  _NOT_SPECIFIED_ _NOT_SPECIFIED_ _NOT_SPECIFIED_
PC_Naomi_Waka, Naomi_Waka, MAR_MA000_A01 MAR_MA000_A07 MAR_MA000_A02 MAR_MA000_A04 _NOT_SPECIFIED_ _NOT_SPECIFIED_ _NOT_SPECIFIED_ _NOT_SPECIFIED_, PunchArts _NOT_SPECIFIED_ _NOT_SPECIFIED_ _NOT_SPECIFIED_ _NOT_SPECIFIED_, 0, 0, 0, 0, 0, 0, 0, 0, 0, 0 0, 0, 0, 0 0, 0, MAR_MA000_B06_BLD02, _NOT_SPECIFIED_ _NOT_SPECIFIED_ MARO00_B SAIN01_B SASH00_D _NOT_SPECIFIED_ _NOT_SPECIFIED_, _NOT_SPECIFIED_ _NOT_SPECIFIED_ _NOT_SPECIFIED_ _NOT_SPECIFIED_ _NOT_SPECIFIED_ _NOT_SPECIFIED_, False, BF_004, False, False, 13, 10, 5, 9, 15, 13, 10, 22, 0, 0, 0, 7, 4, 5, 4, 6, 0, False, True, 6, 1, _NOT_SPECIFIED_, 0, 0, 0, 0, 0, 0, Human,  ROLE_044 _NOT_SPECIFIED_ _NOT_SPECIFIED_ _NOT_SPECIFIED_ _NOT_SPECIFIED_, 0, 0, 0, 1, 0, 0, 0, 0, 0, 0, 0, 2, 0, 0, False, SUPPORT_ROLE_Naomi_Waka, _NOT_SPECIFIED_, PC_Naomi_Waka,  _NOT_SPECIFIED_ _NOT_SPECIFIED_ _NOT_SPECIFIED_
PC_Professor, Professor, OHG_GL000_A01 OHG_GL000_A02 OHG_GL000_B04 THG_GH000_A01 THG_GHCHE_A01 _NOT_SPECIFIED_ _NOT_SPECIFIED_ _NOT_SPECIFIED_, OneHandedGun _NOT_SPECIFIED_ _NOT_SPECIFIED_ _NOT_SPECIFIED_ _NOT_SPECIFIED_, 0, 0, 0, 0, 0, 0, 0, 0, 0, 0 0, 0, 0, 0 0, 0, THG_GH000_B02_BLD02, GLONE01_C GHCHE01_A MACL01_A SAIN02_A SASH17_A SAAC21_A _NOT_SPECIFIED_, _NOT_SPECIFIED_ _NOT_SPECIFIED_ _NOT_SPECIFIED_ _NOT_SPECIFIED_ _NOT_SPECIFIED_ _NOT_SPECIFIED_, False, BF_012, False, False, 26, 10, 27, 8, 35, 17, 24, 15, 0, 0, 0, 6, 4, 11, 6, 7, 0, False, True, 9, 2, _NOT_SPECIFIED_, 0, 0, 0, 0, 0, 0, Human,  ROLE_034 _NOT_SPECIFIED_ _NOT_SPECIFIED_ _NOT_SPECIFIED_ _NOT_SPECIFIED_, 1, 0, 0, 0, 0, 0, 0, 0, 0, 0, 0, 2, 0, 3, False, SUPPORT_ROLE_Professor, _NOT_SPECIFIED_, PC_Professor,  _NOT_SPECIFIED_ _NOT_SPECIFIED_ _NOT_SPECIFIED_
PC_Emily_Bryant, Emily_Bryant, THG_GH000_A01 THG_GH000_A02 THG_GHBOM_B01 MAG_MG_A_01_Mo01 _NOT_SPECIFIED_ _NOT_SPECIFIED_ _NOT_SPECIFIED_ _NOT_SPECIFIED_, Bazooka _NOT_SPECIFIED_ _NOT_SPECIFIED_ _NOT_SPECIFIED_ _NOT_SPECIFIED_, 0, 0, 0, 0, 0, 0, 0, 0, 0, 0 0, 0, 0, 0 0, 0, THG_GH000_A02_BLD02, GHBOM01_A GHELE01_A MANA06_A SAIN02_A SAHE02_A SAGL14_A _NOT_SPECIFIED_, _NOT_SPECIFIED_ _NOT_SPECIFIED_ _NOT_SPECIFIED_ _NOT_SPECIFIED_ _NOT_SPECIFIED_ _NOT_SPECIFIED_, False, BF_023, False, False, 35, 15, 28, 5, 17, 13, 26, 26, 0, 0, 0, 7, 6, 10, 7, 5, 0, False, True, 12, 2, _NOT_SPECIFIED_, 0, 0, 0, 0, 0, 0, Human,  ROLE_047 _NOT_SPECIFIED_ _NOT_SPECIFIED_ _NOT_SPECIFIED_ _NOT_SPECIFIED_, 0, 0, 0, 2, 1, 0, 0, 0, 0, 0, 0, 3, 0, 0, False, SUPPORT_ROLE_Emily_Bryant, _NOT_SPECIFIED_, PC_Emily_Bryant,  _NOT_SPECIFIED_ _NOT_SPECIFIED_ _NOT_SPECIFIED_
GUEST_LastEmperorSoul, LastEmperorSoul, OHS_WL000_A01 OHS_WL000_A02 THS_WH000_A01 THS_WHPSW_A01 MAG_MG_B_01_Ka01 _NOT_SPECIFIED_ _NOT_SPECIFIED_ _NOT_SPECIFIED_, _NOT_SPECIFIED_ _NOT_SPECIFIED_ _NOT_SPECIFIED_ _NOT_SPECIFIED_ _NOT_SPECIFIED_, 0, 0, 0, 0, 0, 0, 0, 0, 0, 0 0, 0, 0, 0 0, 0, _NOT_SPECIFIED_, _NOT_SPECIFIED_ _NOT_SPECIFIED_ MARO01_A SAHE01_A SAGL01_A SASH01_A _NOT_SPECIFIED_, _NOT_SPECIFIED_ _NOT_SPECIFIED_ _NOT_SPECIFIED_ _NOT_SPECIFIED_ _NOT_SPECIFIED_ _NOT_SPECIFIED_, False, _NOT_SPECIFIED_, False, False, 15, 30, 18, 5, 22, 17, 13, 26, 0, 0, 0, 8, 9, 7, 6, 4, 0, False, False, 10, 2, _NOT_SPECIFIED_, 0, 0, 0, 0, 0, 0, Human,  _NOT_SPECIFIED_ _NOT_SPECIFIED_ _NOT_SPECIFIED_ _NOT_SPECIFIED_ _NOT_SPECIFIED_, 0, 0, 0, 0, 0, 0, 0, 0, 0, 0, 0, 1, 0, 2, False, _NOT_SPECIFIED_, _NOT_SPECIFIED_, GUEST_LastEmperorSoul,  _NOT_SPECIFIED_ _NOT_SPECIFIED_ _NOT_SPECIFIED_
GUEST_TowerLords, Lord_Rage, OHS_WL000_A01 OHS_WL000_A02 THS_WH000_A01 THS_WHPSW_A01 MAG_MG_B_01_Ka01 _NOT_SPECIFIED_ _NOT_SPECIFIED_ _NOT_SPECIFIED_, _NOT_SPECIFIED_ _NOT_SPECIFIED_ _NOT_SPECIFIED_ _NOT_SPECIFIED_ _NOT_SPECIFIED_, 0, 0, 0, 0, 0, 0, 0, 0, 0, 0 0, 0, 0, 0 0, 0, _NOT_SPECIFIED_, _NOT_SPECIFIED_ _NOT_SPECIFIED_ MARO01_A SAHE01_A SAGL01_A SASH01_A _NOT_SPECIFIED_, _NOT_SPECIFIED_ _NOT_SPECIFIED_ _NOT_SPECIFIED_ _NOT_SPECIFIED_ _NOT_SPECIFIED_ _NOT_SPECIFIED_, False, _NOT_SPECIFIED_, False, False, 13, 22, 5, 9, 15, 24, 30, 17, 0, 0, 0, 7, 4, 5, 4, 6, 0, False, False, 10, 2, _NOT_SPECIFIED_, 0, 0, 0, 0, 0, 0, Human,  _NOT_SPECIFIED_ _NOT_SPECIFIED_ _NOT_SPECIFIED_ _NOT_SPECIFIED_ _NOT_SPECIFIED_, 2, 0, 0, 2, 2, 0, 0, 0, 0, 0, 0, 2, 0, 2, False, _NOT_SPECIFIED_, _NOT_SPECIFIED_, GUEST_TowerLords,  _NOT_SPECIFIED_ _NOT_SPECIFIED_ _NOT_SPECIFIED_
GUEST_Tsunanori_Mido, Tsunanori_Mido, OHS_WL000_A01 OHS_WL000_A04 MAR_MA000_A01 _NOT_SPECIFIED_ _NOT_SPECIFIED_ _NOT_SPECIFIED_ _NOT_SPECIFIED_ _NOT_SPECIFIED_, _NOT_SPECIFIED_ _NOT_SPECIFIED_ _NOT_SPECIFIED_ _NOT_SPECIFIED_ _NOT_SPECIFIED_, 0, 0, 0, 0, 0, 0, 0, 0, 0, 0 0, 0, 0, 0 0, 0, _NOT_SPECIFIED_, _NOT_SPECIFIED_ _NOT_SPECIFIED_ MACL02_A SAHE01_A SASH01_A _NOT_SPECIFIED_ _NOT_SPECIFIED_, _NOT_SPECIFIED_ _NOT_SPECIFIED_ _NOT_SPECIFIED_ _NOT_SPECIFIED_ _NOT_SPECIFIED_ _NOT_SPECIFIED_, False, _NOT_SPECIFIED_, False, False, 15, 24, 10, 9, 17, 30, 15, 26, 0, 0, 0, 6, 6, 8, 4, 8, 0, False, False, 11, 3, _NOT_SPECIFIED_, 0, 0, 0, 0, 0, 0, Human,  _NOT_SPECIFIED_ _NOT_SPECIFIED_ _NOT_SPECIFIED_ _NOT_SPECIFIED_ _NOT_SPECIFIED_, 2, 0, 0, 0, 1, 0, 0, 0, 0, 0, 0, 0, 0, 0, False, _NOT_SPECIFIED_, _NOT_SPECIFIED_, GUEST_Tsunanori_Mido,  _NOT_SPECIFIED_ _NOT_SPECIFIED_ _NOT_SPECIFIED_
GUEST_Ameya_Aisling, Ameya_Aisling, MAG_MG_D_01_Ki01 MAG_MG_D_02_Ki02 MAG_MG_D_03_Ki03 MAG_MG_D_04_Ki04 MAG_MG_D_05_Ki05 _NOT_SPECIFIED_ _NOT_SPECIFIED_ _NOT_SPECIFIED_, _NOT_SPECIFIED_ _NOT_SPECIFIED_ _NOT_SPECIFIED_ _NOT_SPECIFIED_ _NOT_SPECIFIED_, 0, 0, 0, 0, 0, 0, 0, 0, 0, 0 0, 0, 0, 0 0, 0, _NOT_SPECIFIED_, _NOT_SPECIFIED_ _NOT_SPECIFIED_ MARO00_A SAHE01_A SAGL01_A SASH01_A _NOT_SPECIFIED_, _NOT_SPECIFIED_ _NOT_SPECIFIED_ _NOT_SPECIFIED_ _NOT_SPECIFIED_ _NOT_SPECIFIED_ _NOT_SPECIFIED_, False, _NOT_SPECIFIED_, False, False, 13, 15, 5, 9, 24, 26, 30, 10, 0, 0, 0, 7, 4, 5, 3, 9, 0, False, False, 9, 2, _NOT_SPECIFIED_, 0, 0, 0, 0, 0, 0, Witch_girl,  _NOT_SPECIFIED_ _NOT_SPECIFIED_ _NOT_SPECIFIED_ _NOT_SPECIFIED_ _NOT_SPECIFIED_, 1, 0, 0, 1, 4, 0, 0, 0, 0, 0, 0, 0, 0, 2, False, _NOT_SPECIFIED_, _NOT_SPECIFIED_, GUEST_Ameya_Aisling,  _NOT_SPECIFIED_ _NOT_SPECIFIED_ _NOT_SPECIFIED_
GUEST_Lita_Caryx, Lita_Caryx, THS_WH000_A01 OHS_WL000_A01 OHS_WL000_A02 MAG_MG_A_01_Mo01 _NOT_SPECIFIED_ _NOT_SPECIFIED_ _NOT_SPECIFIED_ _NOT_SPECIFIED_, _NOT_SPECIFIED_ _NOT_SPECIFIED_ _NOT_SPECIFIED_ _NOT_SPECIFIED_ _NOT_SPECIFIED_, 0, 0, 0, 0, 0, 0, 0, 0, 0, 0 0, 0, 0, 0 0, 0, _NOT_SPECIFIED_, _NOT_SPECIFIED_ _NOT_SPECIFIED_ MARO01_A SAHE01_A SAGL01_A SASH01_A _NOT_SPECIFIED_, _NOT_SPECIFIED_ _NOT_SPECIFIED_ _NOT_SPECIFIED_ _NOT_SPECIFIED_ _NOT_SPECIFIED_ _NOT_SPECIFIED_, False, _NOT_SPECIFIED_, False, False, 13, 22, 7, 9, 15, 24, 30, 17, 0, 0, 0, 5, 6, 4, 4, 8, 0, False, False, 10, 2, _NOT_SPECIFIED_, 0, 0, 0, 0, 0, 0, Human,  _NOT_SPECIFIED_ _NOT_SPECIFIED_ _NOT_SPECIFIED_ _NOT_SPECIFIED_ _NOT_SPECIFIED_, 0, 0, 0, 2, 1, 0, 0, 0, 0, 0, 0, 4, 0, 1, False, _NOT_SPECIFIED_, _NOT_SPECIFIED_, GUEST_Lita_Caryx,  _NOT_SPECIFIED_ _NOT_SPECIFIED_ _NOT_SPECIFIED_
GUEST_Tyupu, Tyupu, OHS_WL000_A01 OHS_WLAXE_A01 MAR_MA000_A01 SL_RB_C_02_IHA11 _NOT_SPECIFIED_ _NOT_SPECIFIED_ _NOT_SPECIFIED_ _NOT_SPECIFIED_, _NOT_SPECIFIED_ _NOT_SPECIFIED_ _NOT_SPECIFIED_ _NOT_SPECIFIED_ _NOT_SPECIFIED_, 0, 0, 0, 0, 0, 0, 0, 0, 0, 0 0, 0, 0, 0 0, 0, _NOT_SPECIFIED_, _NOT_SPECIFIED_ _NOT_SPECIFIED_ MARO00_A SAHE09_A SAAC06_A _NOT_SPECIFIED_ _NOT_SPECIFIED_, _NOT_SPECIFIED_ _NOT_SPECIFIED_ _NOT_SPECIFIED_ _NOT_SPECIFIED_ _NOT_SPECIFIED_ _NOT_SPECIFIED_, False, _NOT_SPECIFIED_, False, False, 13, 17, 9, 9, 24, 28, 24, 26, 0, 0, 0, 7, 6, 5, 6, 8, 0, False, False, 4, 1, _NOT_SPECIFIED_, 0, 0, 0, 0, 0, 0, Short_lived_human,  _NOT_SPECIFIED_ _NOT_SPECIFIED_ _NOT_SPECIFIED_ _NOT_SPECIFIED_ _NOT_SPECIFIED_, 0, 0, 0, 2, 1, 0, 0, 0, 0, 0, 0, 3, 0, 0, False, _NOT_SPECIFIED_, _NOT_SPECIFIED_, GUEST_Tyupu,  _NOT_SPECIFIED_ _NOT_SPECIFIED_ _NOT_SPECIFIED_
GUEST_Tristan_Hernandes, Tristan_Hernandes, OHG_GL000_A01 OHG_GL000_B05 OHG_GLTWO_A01 OHG_GLTWO_A02 OHG_GLTWO_B01 _NOT_SPECIFIED_ _NOT_SPECIFIED_ _NOT_SPECIFIED_, _NOT_SPECIFIED_ _NOT_SPECIFIED_ _NOT_SPECIFIED_ _NOT_SPECIFIED_ _NOT_SPECIFIED_, 0, 0, 0, 0, 0, 0, 0, 0, 0, 0 0, 0, 0, 0 0, 0, _NOT_SPECIFIED_, GLONE01_A GLONE01_A MARO00_A SAIN02_A SAAC06_A SASH01_A _NOT_SPECIFIED_, _NOT_SPECIFIED_ _NOT_SPECIFIED_ _NOT_SPECIFIED_ _NOT_SPECIFIED_ _NOT_SPECIFIED_ _NOT_SPECIFIED_, False, _NOT_SPECIFIED_, False, False, 30, 26, 8, 6, 35, 17, 22, 10, 0, 0, 0, 5, 8, 69, 6, 4, 0, False, False, 11, 2, _NOT_SPECIFIED_, 0, 0, 0, 0, 0, 0, Human,  _NOT_SPECIFIED_ _NOT_SPECIFIED_ _NOT_SPECIFIED_ _NOT_SPECIFIED_ _NOT_SPECIFIED_, 0, 0, 0, 0, 0, 0, 0, 0, 0, 0, 0, 1, 0, 2, False, _NOT_SPECIFIED_, _NOT_SPECIFIED_, GUEST_Tristan_Hernandes,  _NOT_SPECIFIED_ _NOT_SPECIFIED_ _NOT_SPECIFIED_
GUEST_Ivar, Ivar, OHS_WL000_A01 OHS_WL000_A04 THG_GH000_A01 THG_GHMAC_A01 _NOT_SPECIFIED_ _NOT_SPECIFIED_ _NOT_SPECIFIED_ _NOT_SPECIFIED_, _NOT_SPECIFIED_ _NOT_SPECIFIED_ _NOT_SPECIFIED_ _NOT_SPECIFIED_ _NOT_SPECIFIED_, 0, 0, 0, 0, 0, 0, 0, 0, 0, 0 0, 0, 0, 0 0, 0, _NOT_SPECIFIED_, WLLSW01_A GHMAC01_A MACL01_A SASH01_A SAAC13_A SAAC04_A _NOT_SPECIFIED_, _NOT_SPECIFIED_ _NOT_SPECIFIED_ _NOT_SPECIFIED_ _NOT_SPECIFIED_ _NOT_SPECIFIED_ _NOT_SPECIFIED_, False, _NOT_SPECIFIED_, False, False, 33, 15, 34, 7, 17, 26, 10, 24, 0, 0, 0, 5, 8, 6, 10, 6, 0, False, False, 14, 2, _NOT_SPECIFIED_, 0, 0, 0, 0, 0, 0, Human,  _NOT_SPECIFIED_ _NOT_SPECIFIED_ _NOT_SPECIFIED_ _NOT_SPECIFIED_ _NOT_SPECIFIED_, 1, 0, 0, 0, 0, 0, 0, 0, 0, 0, 0, 1, 0, 2, False, _NOT_SPECIFIED_, _NOT_SPECIFIED_, GUEST_Ivar,  _NOT_SPECIFIED_ _NOT_SPECIFIED_ _NOT_SPECIFIED_