label,MissionID,AddType,AddParameter
Mission_0051,Mission_0051,_NOT_SPECIFIED_ _NOT_SPECIFIED_ _NOT_SPECIFIED_,_NOT_SPECIFIED__NOT_SPECIFIED__NOT_SPECIFIED_
Mission_09071,Mission_09071,Mission_0051 _NOT_SPECIFIED_ _NOT_SPECIFIED_,Mission _NOT_SPECIFIED__NOT_SPECIFIED_
Mission_0171,Mission_0171,Mission_09071 _NOT_SPECIFIED_ _NOT_SPECIFIED_,Mission _NOT_SPECIFIED__NOT_SPECIFIED_
Mission_0261,Mission_0261,Mission_09071 _NOT_SPECIFIED_ _NOT_SPECIFIED_,Mission _NOT_SPECIFIED__NOT_SPECIFIED_
Mission_0041,Mission_0041,_NOT_SPECIFIED_ _NOT_SPECIFIED_ _NOT_SPECIFIED_,_NOT_SPECIFIED__NOT_SPECIFIED__NOT_SPECIFIED_
Mission_0011,Mission_0011,Mission_0041 _NOT_SPECIFIED_ _NOT_SPECIFIED_,Mission _NOT_SPECIFIED__NOT_SPECIFIED_
Mission_0111,Mission_0111,Mission_0011 _NOT_SPECIFIED_ _NOT_SPECIFIED_,Mission _NOT_SPECIFIED__NOT_SPECIFIED_
Mission_0061,Mission_0061,_NOT_SPECIFIED_ _NOT_SPECIFIED_ _NOT_SPECIFIED_,_NOT_SPECIFIED__NOT_SPECIFIED__NOT_SPECIFIED_
Mission_0091,Mission_0091,Mission_0061 _NOT_SPECIFIED_ _NOT_SPECIFIED_,Mission _NOT_SPECIFIED__NOT_SPECIFIED_
Mission_0031,Mission_0031,2 _NOT_SPECIFIED_ _NOT_SPECIFIED_,MissionRank_NOT_SPECIFIED__NOT_SPECIFIED_
Mission_0151,Mission_0151,Mission_0031 _NOT_SPECIFIED_ _NOT_SPECIFIED_,Mission _NOT_SPECIFIED__NOT_SPECIFIED_
Mission_0191,Mission_0191,Mission_0151 _NOT_SPECIFIED_ _NOT_SPECIFIED_,Mission _NOT_SPECIFIED__NOT_SPECIFIED_
Mission_0141,Mission_0141,3 _NOT_SPECIFIED_ _NOT_SPECIFIED_,MissionRank_NOT_SPECIFIED__NOT_SPECIFIED_
Mission_0931,Mission_0931,2 _NOT_SPECIFIED_ _NOT_SPECIFIED_,MissionRank_NOT_SPECIFIED__NOT_SPECIFIED_
Mission_0281,Mission_0281,2 _NOT_SPECIFIED_ _NOT_SPECIFIED_,MissionRank_NOT_SPECIFIED__NOT_SPECIFIED_
Mission_0282,Mission_0282,Mission_0281 4 _NOT_SPECIFIED_,MissionMissionRank_NOT_SPECIFIED_
Mission_0052,Mission_0052,_NOT_SPECIFIED_ _NOT_SPECIFIED_ _NOT_SPECIFIED_,_NOT_SPECIFIED__NOT_SPECIFIED__NOT_SPECIFIED_
Mission_0271,Mission_0271,5 _NOT_SPECIFIED_ _NOT_SPECIFIED_,MissionRank_NOT_SPECIFIED__NOT_SPECIFIED_
Mission_0081,Mission_0081,2 _NOT_SPECIFIED_ _NOT_SPECIFIED_,MissionRank_NOT_SPECIFIED__NOT_SPECIFIED_
Mission_0101,Mission_0101,4 _NOT_SPECIFIED_ _NOT_SPECIFIED_,MissionRank_NOT_SPECIFIED__NOT_SPECIFIED_
Mission_0902,Mission_0902,5 _NOT_SPECIFIED_ _NOT_SPECIFIED_,MissionRank_NOT_SPECIFIED__NOT_SPECIFIED_
Mission_0221,Mission_0221,3 _NOT_SPECIFIED_ _NOT_SPECIFIED_,MissionRank_NOT_SPECIFIED__NOT_SPECIFIED_
Mission_0071,Mission_0071,6 _NOT_SPECIFIED_ _NOT_SPECIFIED_,MissionRank_NOT_SPECIFIED__NOT_SPECIFIED_
Mission_0201,Mission_0201,7 _NOT_SPECIFIED_ _NOT_SPECIFIED_,MissionRank_NOT_SPECIFIED__NOT_SPECIFIED_
Mission_0132,Mission_0132,6 _NOT_SPECIFIED_ _NOT_SPECIFIED_,MissionRank_NOT_SPECIFIED__NOT_SPECIFIED_
Mission_0181,Mission_0181,5 _NOT_SPECIFIED_ _NOT_SPECIFIED_,MissionRank_NOT_SPECIFIED__NOT_SPECIFIED_
Mission_0901,Mission_0901,_NOT_SPECIFIED_ _NOT_SPECIFIED_ _NOT_SPECIFIED_,_NOT_SPECIFIED__NOT_SPECIFIED__NOT_SPECIFIED_
Mission_0021,Mission_0021,_NOT_SPECIFIED_ _NOT_SPECIFIED_ _NOT_SPECIFIED_,_NOT_SPECIFIED__NOT_SPECIFIED__NOT_SPECIFIED_
Mission_0933,Mission_0933,_NOT_SPECIFIED_ _NOT_SPECIFIED_ _NOT_SPECIFIED_,_NOT_SPECIFIED__NOT_SPECIFIED__NOT_SPECIFIED_
Mission_09011,Mission_09011,3 _NOT_SPECIFIED_ _NOT_SPECIFIED_,MissionRank_NOT_SPECIFIED__NOT_SPECIFIED_
Mission_09321,Mission_09321,2 _NOT_SPECIFIED_ _NOT_SPECIFIED_,MissionRank_NOT_SPECIFIED__NOT_SPECIFIED_
Mission_09121,Mission_09121,2 _NOT_SPECIFIED_ _NOT_SPECIFIED_,MissionRank_NOT_SPECIFIED__NOT_SPECIFIED_
Mission_0909,Mission_0909,6 _NOT_SPECIFIED_ _NOT_SPECIFIED_,MissionRank_NOT_SPECIFIED__NOT_SPECIFIED_
Mission_0162,Mission_0162,10 _NOT_SPECIFIED_ _NOT_SPECIFIED_,MissionRank_NOT_SPECIFIED__NOT_SPECIFIED_
Mission_09271,Mission_09271,3 _NOT_SPECIFIED_ _NOT_SPECIFIED_,MissionRank_NOT_SPECIFIED__NOT_SPECIFIED_
Mission_09012,Mission_09012,5 _NOT_SPECIFIED_ _NOT_SPECIFIED_,MissionRank_NOT_SPECIFIED__NOT_SPECIFIED_
Mission_0919,Mission_0919,4 _NOT_SPECIFIED_ _NOT_SPECIFIED_,MissionRank_NOT_SPECIFIED__NOT_SPECIFIED_
Mission_0928,Mission_0928,5 _NOT_SPECIFIED_ _NOT_SPECIFIED_,MissionRank_NOT_SPECIFIED__NOT_SPECIFIED_
Mission_09331,Mission_09331,4 _NOT_SPECIFIED_ _NOT_SPECIFIED_,MissionRank_NOT_SPECIFIED__NOT_SPECIFIED_
Mission_0911,Mission_0911,8 _NOT_SPECIFIED_ _NOT_SPECIFIED_,MissionRank_NOT_SPECIFIED__NOT_SPECIFIED_
Mission_0907,Mission_0907,4 _NOT_SPECIFIED_ _NOT_SPECIFIED_,MissionRank_NOT_SPECIFIED__NOT_SPECIFIED_
Mission_09272,Mission_09272,Mission_0910 _NOT_SPECIFIED_ _NOT_SPECIFIED_,Mission _NOT_SPECIFIED__NOT_SPECIFIED_
Mission_09322,Mission_09322,9 _NOT_SPECIFIED_ _NOT_SPECIFIED_,MissionRank_NOT_SPECIFIED__NOT_SPECIFIED_
Mission_0908,Mission_0908,6 _NOT_SPECIFIED_ _NOT_SPECIFIED_,MissionRank_NOT_SPECIFIED__NOT_SPECIFIED_
Mission_09013,Mission_09013,6 _NOT_SPECIFIED_ _NOT_SPECIFIED_,MissionRank_NOT_SPECIFIED__NOT_SPECIFIED_
Mission_0938,Mission_0938,10 _NOT_SPECIFIED_ _NOT_SPECIFIED_,MissionRank_NOT_SPECIFIED__NOT_SPECIFIED_
Mission_0910,Mission_0910,Mission_09272 _NOT_SPECIFIED_ _NOT_SPECIFIED_,Mission _NOT_SPECIFIED__NOT_SPECIFIED_
Mission_09122,Mission_09122,7 _NOT_SPECIFIED_ _NOT_SPECIFIED_,MissionRank_NOT_SPECIFIED__NOT_SPECIFIED_
Mission_0924,Mission_0924,7 _NOT_SPECIFIED_ _NOT_SPECIFIED_,MissionRank_NOT_SPECIFIED__NOT_SPECIFIED_
Mission_0935,Mission_0935,Mission_09272 _NOT_SPECIFIED_ _NOT_SPECIFIED_,Mission _NOT_SPECIFIED__NOT_SPECIFIED_
Mission_09014,Mission_09014,Mission_09272 _NOT_SPECIFIED_ _NOT_SPECIFIED_,Mission _NOT_SPECIFIED__NOT_SPECIFIED_
Mission_0904,Mission_0904,7 _NOT_SPECIFIED_ _NOT_SPECIFIED_,MissionRank_NOT_SPECIFIED__NOT_SPECIFIED_
Mission_0936,Mission_0936,8 _NOT_SPECIFIED_ _NOT_SPECIFIED_,MissionRank_NOT_SPECIFIED__NOT_SPECIFIED_
Mission_0925,Mission_0925,8 _NOT_SPECIFIED_ _NOT_SPECIFIED_,MissionRank_NOT_SPECIFIED__NOT_SPECIFIED_
Mission_0927,Mission_0927,Mission_09272 _NOT_SPECIFIED_ _NOT_SPECIFIED_,Mission _NOT_SPECIFIED__NOT_SPECIFIED_
Mission_0903,Mission_0903,Mission_09272 _NOT_SPECIFIED_ _NOT_SPECIFIED_,Mission _NOT_SPECIFIED__NOT_SPECIFIED_
Mission_0905,Mission_0905,3 _NOT_SPECIFIED_ _NOT_SPECIFIED_,MissionRank_NOT_SPECIFIED__NOT_SPECIFIED_
Mission_0906,Mission_0906,9 _NOT_SPECIFIED_ _NOT_SPECIFIED_,MissionRank_NOT_SPECIFIED__NOT_SPECIFIED_
Mission_0912,Mission_0912,Mission_09272 _NOT_SPECIFIED_ _NOT_SPECIFIED_,Mission _NOT_SPECIFIED__NOT_SPECIFIED_
Mission_0913,Mission_0913,2 _NOT_SPECIFIED_ _NOT_SPECIFIED_,MissionRank_NOT_SPECIFIED__NOT_SPECIFIED_
Mission_0915,Mission_0915,Mission_0282 5 _NOT_SPECIFIED_,MissionMissionRank_NOT_SPECIFIED_
Mission_0917,Mission_0917,Mission_0915 6 _NOT_SPECIFIED_,MissionMissionRank_NOT_SPECIFIED_
Mission_0920,Mission_0920,Mission_0917 7 _NOT_SPECIFIED_,MissionMissionRank_NOT_SPECIFIED_
Mission_0921,Mission_0921,Mission_0920 8 _NOT_SPECIFIED_,MissionMissionRank_NOT_SPECIFIED_
Mission_0922,Mission_0922,Mission_0921 9 _NOT_SPECIFIED_,MissionMissionRank_NOT_SPECIFIED_
Mission_0926,Mission_0926,Mission_0922 10 _NOT_SPECIFIED_,MissionMissionRank_NOT_SPECIFIED_
Mission_0930,Mission_0930,Mission_09272 _NOT_SPECIFIED_ _NOT_SPECIFIED_,Mission _NOT_SPECIFIED__NOT_SPECIFIED_
Mission_0932,Mission_0932,Mission_09272 _NOT_SPECIFIED_ _NOT_SPECIFIED_,Mission _NOT_SPECIFIED__NOT_SPECIFIED_
Mission_0934,Mission_0934,Mission_09272 _NOT_SPECIFIED_ _NOT_SPECIFIED_,Mission _NOT_SPECIFIED__NOT_SPECIFIED_
Mission_0072,Mission_0072,9 _NOT_SPECIFIED_ _NOT_SPECIFIED_,MissionRank_NOT_SPECIFIED__NOT_SPECIFIED_
Mission_0001,Mission_0001,Mission_09272 _NOT_SPECIFIED_ _NOT_SPECIFIED_,Mission _NOT_SPECIFIED__NOT_SPECIFIED_
Mission_0121,Mission_0121,Mission_09272 _NOT_SPECIFIED_ _NOT_SPECIFIED_,Mission _NOT_SPECIFIED__NOT_SPECIFIED_
Mission_0122,Mission_0122,Mission_09272 _NOT_SPECIFIED_ _NOT_SPECIFIED_,Mission _NOT_SPECIFIED__NOT_SPECIFIED_
Mission_0131,Mission_0131,Mission_09272 _NOT_SPECIFIED_ _NOT_SPECIFIED_,Mission _NOT_SPECIFIED__NOT_SPECIFIED_
Mission_0161,Mission_0161,Mission_09272 _NOT_SPECIFIED_ _NOT_SPECIFIED_,Mission _NOT_SPECIFIED__NOT_SPECIFIED_
Mission_0211,Mission_0211,Mission_09272 _NOT_SPECIFIED_ _NOT_SPECIFIED_,Mission _NOT_SPECIFIED__NOT_SPECIFIED_
Mission_0241,Mission_0241,Mission_09272 _NOT_SPECIFIED_ _NOT_SPECIFIED_,Mission _NOT_SPECIFIED__NOT_SPECIFIED_
Mission_0251,Mission_0251,Mission_09272 _NOT_SPECIFIED_ _NOT_SPECIFIED_,Mission _NOT_SPECIFIED__NOT_SPECIFIED_
Mission_0291,Mission_0291,Mission_09272 _NOT_SPECIFIED_ _NOT_SPECIFIED_,Mission _NOT_SPECIFIED__NOT_SPECIFIED_
Mission_0172,Mission_0172,9 _NOT_SPECIFIED_ _NOT_SPECIFIED_,MissionRank_NOT_SPECIFIED__NOT_SPECIFIED_
Mission_0916,Mission_0916,Mission_09272 _NOT_SPECIFIED_ _NOT_SPECIFIED_,Mission _NOT_SPECIFIED__NOT_SPECIFIED_
Mission_0918,Mission_0918,5 _NOT_SPECIFIED_ _NOT_SPECIFIED_,MissionRank_NOT_SPECIFIED__NOT_SPECIFIED_
Mission_0929,Mission_0929,9 _NOT_SPECIFIED_ _NOT_SPECIFIED_,MissionRank_NOT_SPECIFIED__NOT_SPECIFIED_
Mission_0923,Mission_0923,9 _NOT_SPECIFIED_ _NOT_SPECIFIED_,MissionRank_NOT_SPECIFIED__NOT_SPECIFIED_
Mission_0182,Mission_0182,9 _NOT_SPECIFIED_ _NOT_SPECIFIED_,MissionRank_NOT_SPECIFIED__NOT_SPECIFIED_
Mission_0937,Mission_0937,Mission_09272 _NOT_SPECIFIED_ _NOT_SPECIFIED_,Mission _NOT_SPECIFIED__NOT_SPECIFIED_
Mission_0914,Mission_0914,3 _NOT_SPECIFIED_ _NOT_SPECIFIED_,MissionRank_NOT_SPECIFIED__NOT_SPECIFIED_
Mission_0231,Mission_0231,4 _NOT_SPECIFIED_ _NOT_SPECIFIED_,MissionRank_NOT_SPECIFIED__NOT_SPECIFIED_