label,Type,Name,LearneArts,IsEquipWeapon,Description,EffectSize
ROLE_EF_LP_DOWN_1,MaxLP,最大LP-1,_NOT_SPECIFIED_,0,_NOT_SPECIFIED_,-1
ROLE_EF_LP_DOWN_2,MaxLP,最大LP-2,_NOT_SPECIFIED_,0,_NOT_SPECIFIED_,-2
ROLE_EF_LP_DOWN_3,MaxLP,最大LP-3,_NOT_SPECIFIED_,0,_NOT_SPECIFIED_,-3
ROLE_EF_LP_DOWN_4,MaxLP,最大LP-4,_NOT_SPECIFIED_,0,_NOT_SPECIFIED_,-4
ROLE_EF_HP_UP_1,MaxHP,HPアップ小,_NOT_SPECIFIED_,0,_NOT_SPECIFIED_,3
ROLE_EF_HP_UP_2,MaxHP,HPアップ,_NOT_SPECIFIED_,0,_NOT_SPECIFIED_,6
ROLE_EF_HP_UP_3,MaxHP,HPアップ大,_NOT_SPECIFIED_,0,_NOT_SPECIFIED_,9
ROLE_EF_HP_UP_4,MaxHP,HPアップ特大,_NOT_SPECIFIED_,0,_NOT_SPECIFIED_,12
ROLE_EF_HP_DOWN_1,MaxHP,HPダウン小,_NOT_SPECIFIED_,0,_NOT_SPECIFIED_,-3
ROLE_EF_HP_DOWN_2,MaxHP,HPダウン,_NOT_SPECIFIED_,0,_NOT_SPECIFIED_,-6
ROLE_EF_HP_DOWN_3,MaxHP,HPダウン大,_NOT_SPECIFIED_,0,_NOT_SPECIFIED_,-9
ROLE_EF_HP_DOWN_4,MaxHP,HPダウン特大,_NOT_SPECIFIED_,0,_NOT_SPECIFIED_,-12
ROLE_EF_STR_UP_1,STR,筋力アップ小,_NOT_SPECIFIED_,0,_NOT_SPECIFIED_,5
ROLE_EF_STR_UP_2,STR,筋力アップ,_NOT_SPECIFIED_,0,_NOT_SPECIFIED_,10
ROLE_EF_STR_UP_3,STR,筋力アップ大,_NOT_SPECIFIED_,0,_NOT_SPECIFIED_,15
ROLE_EF_STR_UP_4,STR,筋力アップ特大,_NOT_SPECIFIED_,0,_NOT_SPECIFIED_,20
ROLE_EF_STR_DOWN_1,STR,筋力ダウン小,_NOT_SPECIFIED_,0,_NOT_SPECIFIED_,-5
ROLE_EF_STR_DOWN_2,STR,筋力ダウン,_NOT_SPECIFIED_,0,_NOT_SPECIFIED_,-10
ROLE_EF_STR_DOWN_3,STR,筋力ダウン大,_NOT_SPECIFIED_,0,_NOT_SPECIFIED_,-15
ROLE_EF_STR_DOWN_4,STR,筋力ダウン特大,_NOT_SPECIFIED_,0,_NOT_SPECIFIED_,-20
ROLE_EF_TEC_UP_1,TEC,技術力アップ小,_NOT_SPECIFIED_,0,_NOT_SPECIFIED_,5
ROLE_EF_TEC_UP_2,TEC,技術力アップ,_NOT_SPECIFIED_,0,_NOT_SPECIFIED_,10
ROLE_EF_TEC_UP_3,TEC,技術力アップ大,_NOT_SPECIFIED_,0,_NOT_SPECIFIED_,15
ROLE_EF_TEC_UP_4,TEC,技術力アップ特大,_NOT_SPECIFIED_,0,_NOT_SPECIFIED_,20
ROLE_EF_TEC_DOWN_1,TEC,技術力ダウン小,_NOT_SPECIFIED_,0,_NOT_SPECIFIED_,-5
ROLE_EF_TEC_DOWN_2,TEC,技術力ダウン,_NOT_SPECIFIED_,0,_NOT_SPECIFIED_,-10
ROLE_EF_TEC_DOWN_3,TEC,技術力ダウン大,_NOT_SPECIFIED_,0,_NOT_SPECIFIED_,-15
ROLE_EF_TEC_DOWN_4,TEC,技術力ダウン特大,_NOT_SPECIFIED_,0,_NOT_SPECIFIED_,-20
ROLE_EF_MOV_UP_1,QUI,運動性アップ小,_NOT_SPECIFIED_,0,_NOT_SPECIFIED_,5
ROLE_EF_MOV_UP_2,QUI,運動性アップ,_NOT_SPECIFIED_,0,_NOT_SPECIFIED_,10
ROLE_EF_MOV_UP_3,QUI,運動性アップ大,_NOT_SPECIFIED_,0,_NOT_SPECIFIED_,15
ROLE_EF_MOV_UP_4,QUI,運動性アップ特大,_NOT_SPECIFIED_,0,_NOT_SPECIFIED_,20
ROLE_EF_MOV_DOWN_1,QUI,運動性ダウン小,_NOT_SPECIFIED_,0,_NOT_SPECIFIED_,-5
ROLE_EF_MOV_DOWN_2,QUI,運動性ダウン,_NOT_SPECIFIED_,0,_NOT_SPECIFIED_,-10
ROLE_EF_MOV_DOWN_3,QUI,運動性ダウン大,_NOT_SPECIFIED_,0,_NOT_SPECIFIED_,-15
ROLE_EF_MOV_DOWN_4,QUI,運動性ダウン特大,_NOT_SPECIFIED_,0,_NOT_SPECIFIED_,-20
ROLE_EF_VIT_UP_1,VIT,体力アップ小,_NOT_SPECIFIED_,0,_NOT_SPECIFIED_,5
ROLE_EF_VIT_UP_2,VIT,体力アップ,_NOT_SPECIFIED_,0,_NOT_SPECIFIED_,10
ROLE_EF_VIT_UP_3,VIT,体力アップ大,_NOT_SPECIFIED_,0,_NOT_SPECIFIED_,15
ROLE_EF_VIT_UP_4,VIT,体力アップ特大,_NOT_SPECIFIED_,0,_NOT_SPECIFIED_,20
ROLE_EF_VIT_DOWN_1,VIT,体力ダウン小,_NOT_SPECIFIED_,0,_NOT_SPECIFIED_,-5
ROLE_EF_VIT_DOWN_2,VIT,体力ダウン,_NOT_SPECIFIED_,0,_NOT_SPECIFIED_,-10
ROLE_EF_VIT_DOWN_3,VIT,体力ダウン大,_NOT_SPECIFIED_,0,_NOT_SPECIFIED_,-15
ROLE_EF_VIT_DOWN_4,VIT,体力ダウン特大,_NOT_SPECIFIED_,0,_NOT_SPECIFIED_,-20
ROLE_EF_CON_UP_1,WIL,集中力アップ小,_NOT_SPECIFIED_,0,_NOT_SPECIFIED_,5
ROLE_EF_CON_UP_2,WIL,集中力アップ,_NOT_SPECIFIED_,0,_NOT_SPECIFIED_,10
ROLE_EF_CON_UP_3,WIL,集中力アップ大,_NOT_SPECIFIED_,0,_NOT_SPECIFIED_,15
ROLE_EF_CON_UP_4,WIL,集中力アップ特大,_NOT_SPECIFIED_,0,_NOT_SPECIFIED_,20
ROLE_EF_CON_DOWN_1,WIL,集中力ダウン小,_NOT_SPECIFIED_,0,_NOT_SPECIFIED_,-5
ROLE_EF_CON_DOWN_2,WIL,集中力ダウン,_NOT_SPECIFIED_,0,_NOT_SPECIFIED_,-10
ROLE_EF_CON_DOWN_3,WIL,集中力ダウン大,_NOT_SPECIFIED_,0,_NOT_SPECIFIED_,-15
ROLE_EF_CON_DOWN_4,WIL,集中力ダウン特大,_NOT_SPECIFIED_,0,_NOT_SPECIFIED_,-20
ROLE_EF_INT_UP_1,INT,知力アップ小,_NOT_SPECIFIED_,0,_NOT_SPECIFIED_,5
ROLE_EF_INT_UP_2,INT,知力アップ,_NOT_SPECIFIED_,0,_NOT_SPECIFIED_,10
ROLE_EF_INT_UP_3,INT,知力アップ大,_NOT_SPECIFIED_,0,_NOT_SPECIFIED_,15
ROLE_EF_INT_UP_4,INT,知力アップ特大,_NOT_SPECIFIED_,0,_NOT_SPECIFIED_,20
ROLE_EF_INT_DOWN_1,INT,知力ダウン小,_NOT_SPECIFIED_,0,_NOT_SPECIFIED_,-5
ROLE_EF_INT_DOWN_2,INT,知力ダウン,_NOT_SPECIFIED_,0,_NOT_SPECIFIED_,-10
ROLE_EF_INT_DOWN_3,INT,知力ダウン大,_NOT_SPECIFIED_,0,_NOT_SPECIFIED_,-15
ROLE_EF_INT_DOWN_4,INT,知力ダウン特大,_NOT_SPECIFIED_,0,_NOT_SPECIFIED_,-20
ROLE_EF_ALLM_UP_1,ALLStatus,全能力アップ小,_NOT_SPECIFIED_,0,_NOT_SPECIFIED_,3
ROLE_EF_ALLM_UP_2,ALLStatus,全能力アップ,_NOT_SPECIFIED_,0,_NOT_SPECIFIED_,6
ROLE_EF_ALLM_UP_3,ALLStatus,全能力アップ大,_NOT_SPECIFIED_,0,_NOT_SPECIFIED_,9
ROLE_EF_ALLM_UP_4,ALLStatus,全能力アップ特大,_NOT_SPECIFIED_,0,_NOT_SPECIFIED_,12
ROLE_EF_ALLM_DOWN_1,ALLStatus,全能力ダウン小,_NOT_SPECIFIED_,0,_NOT_SPECIFIED_,-3
ROLE_EF_ALLM_DOWN_2,ALLStatus,全能力ダウン,_NOT_SPECIFIED_,0,_NOT_SPECIFIED_,-6
ROLE_EF_ALLM_DOWN_3,ALLStatus,全能力ダウン大,_NOT_SPECIFIED_,0,_NOT_SPECIFIED_,-9
ROLE_EF_ALLM_DOWN_4,ALLStatus,全能力ダウン特大,_NOT_SPECIFIED_,0,_NOT_SPECIFIED_,-12
ROLE_EF_ZANA_UP_1,PowerOfSlash,斬威力アップ小,_NOT_SPECIFIED_,0,_NOT_SPECIFIED_,3
ROLE_EF_ZANA_UP_2,PowerOfSlash,斬威力アップ,_NOT_SPECIFIED_,0,_NOT_SPECIFIED_,6
ROLE_EF_ZANA_UP_3,PowerOfSlash,斬威力アップ大,_NOT_SPECIFIED_,0,_NOT_SPECIFIED_,9
ROLE_EF_ZANA_UP_4,PowerOfSlash,斬威力アップ特大,_NOT_SPECIFIED_,0,_NOT_SPECIFIED_,12
ROLE_EF_ZANA_DOWN_1,PowerOfSlash,斬威力ダウン小,_NOT_SPECIFIED_,0,_NOT_SPECIFIED_,-3
ROLE_EF_ZANA_DOWN_2,PowerOfSlash,斬威力ダウン,_NOT_SPECIFIED_,0,_NOT_SPECIFIED_,-6
ROLE_EF_ZANA_DOWN_3,PowerOfSlash,斬威力ダウン大,_NOT_SPECIFIED_,0,_NOT_SPECIFIED_,-9
ROLE_EF_ZANA_DOWN_4,PowerOfSlash,斬威力ダウン特大,_NOT_SPECIFIED_,0,_NOT_SPECIFIED_,-12
ROLE_EF_DAA_UP_1,PowerOfStrike,打威力アップ小,_NOT_SPECIFIED_,0,_NOT_SPECIFIED_,3
ROLE_EF_DAA_UP_2,PowerOfStrike,打威力アップ,_NOT_SPECIFIED_,0,_NOT_SPECIFIED_,6
ROLE_EF_DAA_UP_3,PowerOfStrike,打威力アップ大,_NOT_SPECIFIED_,0,_NOT_SPECIFIED_,9
ROLE_EF_DAA_UP_4,PowerOfStrike,打威力アップ特大,_NOT_SPECIFIED_,0,_NOT_SPECIFIED_,12
ROLE_EF_DAA_DOWN_1,PowerOfStrike,打威力ダウン小,_NOT_SPECIFIED_,0,_NOT_SPECIFIED_,-3
ROLE_EF_DAA_DOWN_2,PowerOfStrike,打威力ダウン,_NOT_SPECIFIED_,0,_NOT_SPECIFIED_,-6
ROLE_EF_DAA_DOWN_3,PowerOfStrike,打威力ダウン大,_NOT_SPECIFIED_,0,_NOT_SPECIFIED_,-9
ROLE_EF_DAA_DOWN_4,PowerOfStrike,打威力ダウン特大,_NOT_SPECIFIED_,0,_NOT_SPECIFIED_,-12
ROLE_EF_TOTA_UP_1,PowerOfStab,突威力アップ小,_NOT_SPECIFIED_,0,_NOT_SPECIFIED_,3
ROLE_EF_TOTA_UP_2,PowerOfStab,突威力アップ,_NOT_SPECIFIED_,0,_NOT_SPECIFIED_,6
ROLE_EF_TOTA_UP_3,PowerOfStab,突威力アップ大,_NOT_SPECIFIED_,0,_NOT_SPECIFIED_,9
ROLE_EF_TOTA_UP_4,PowerOfStab,突威力アップ特大,_NOT_SPECIFIED_,0,_NOT_SPECIFIED_,12
ROLE_EF_TOTA_DOWN_1,PowerOfStab,突威力ダウン小,_NOT_SPECIFIED_,0,_NOT_SPECIFIED_,-3
ROLE_EF_TOTA_DOWN_2,PowerOfStab,突威力ダウン,_NOT_SPECIFIED_,0,_NOT_SPECIFIED_,-6
ROLE_EF_TOTA_DOWN_3,PowerOfStab,突威力ダウン大,_NOT_SPECIFIED_,0,_NOT_SPECIFIED_,-9
ROLE_EF_TOTA_DOWN_4,PowerOfStab,突威力ダウン特大,_NOT_SPECIFIED_,0,_NOT_SPECIFIED_,-12
ROLE_EF_HEAA_UP_1,PowerOfFire,熱威力アップ小,_NOT_SPECIFIED_,0,_NOT_SPECIFIED_,3
ROLE_EF_HEAA_UP_2,PowerOfFire,熱威力アップ,_NOT_SPECIFIED_,0,_NOT_SPECIFIED_,6
ROLE_EF_HEAA_UP_3,PowerOfFire,熱威力アップ大,_NOT_SPECIFIED_,0,_NOT_SPECIFIED_,9
ROLE_EF_HEAA_UP_4,PowerOfFire,熱威力アップ特大,_NOT_SPECIFIED_,0,_NOT_SPECIFIED_,12
ROLE_EF_HEAA_DOWN_1,PowerOfFire,熱威力ダウン小,_NOT_SPECIFIED_,0,_NOT_SPECIFIED_,-3
ROLE_EF_HEAA_DOWN_2,PowerOfFire,熱威力ダウン,_NOT_SPECIFIED_,0,_NOT_SPECIFIED_,-6
ROLE_EF_HEAA_DOWN_3,PowerOfFire,熱威力ダウン大,_NOT_SPECIFIED_,0,_NOT_SPECIFIED_,-9
ROLE_EF_HEAA_DOWN_4,PowerOfFire,熱威力ダウン特大,_NOT_SPECIFIED_,0,_NOT_SPECIFIED_,-12
ROLE_EF_COLA_UP_1,PowerOfIce,冷威力アップ小,_NOT_SPECIFIED_,0,_NOT_SPECIFIED_,3
ROLE_EF_COLA_UP_2,PowerOfIce,冷威力アップ,_NOT_SPECIFIED_,0,_NOT_SPECIFIED_,6
ROLE_EF_COLA_UP_3,PowerOfIce,冷威力アップ大,_NOT_SPECIFIED_,0,_NOT_SPECIFIED_,9
ROLE_EF_COLA_UP_4,PowerOfIce,冷威力アップ特大,_NOT_SPECIFIED_,0,_NOT_SPECIFIED_,12
ROLE_EF_COLA_DOWN_1,PowerOfIce,冷威力ダウン小,_NOT_SPECIFIED_,0,_NOT_SPECIFIED_,-3
ROLE_EF_COLA_DOWN_2,PowerOfIce,冷威力ダウン,_NOT_SPECIFIED_,0,_NOT_SPECIFIED_,-6
ROLE_EF_COLA_DOWN_3,PowerOfIce,冷威力ダウン大,_NOT_SPECIFIED_,0,_NOT_SPECIFIED_,-9
ROLE_EF_COLA_DOWN_4,PowerOfIce,冷威力ダウン特大,_NOT_SPECIFIED_,0,_NOT_SPECIFIED_,-12
ROLE_EF_THUA_UP_1,PowerOfLightning,雷威力アップ小,_NOT_SPECIFIED_,0,_NOT_SPECIFIED_,3
ROLE_EF_THUA_UP_2,PowerOfLightning,雷威力アップ,_NOT_SPECIFIED_,0,_NOT_SPECIFIED_,6
ROLE_EF_THUA_UP_3,PowerOfLightning,雷威力アップ大,_NOT_SPECIFIED_,0,_NOT_SPECIFIED_,9
ROLE_EF_THUA_UP_4,PowerOfLightning,雷威力アップ特大,_NOT_SPECIFIED_,0,_NOT_SPECIFIED_,12
ROLE_EF_THUA_DOWN_1,PowerOfLightning,雷威力ダウン小,_NOT_SPECIFIED_,0,_NOT_SPECIFIED_,-3
ROLE_EF_THUA_DOWN_2,PowerOfLightning,雷威力ダウン,_NOT_SPECIFIED_,0,_NOT_SPECIFIED_,-6
ROLE_EF_THUA_DOWN_3,PowerOfLightning,雷威力ダウン大,_NOT_SPECIFIED_,0,_NOT_SPECIFIED_,-9
ROLE_EF_THUA_DOWN_4,PowerOfLightning,雷威力ダウン特大,_NOT_SPECIFIED_,0,_NOT_SPECIFIED_,-12
ROLE_EF_ZDTA_UP_1,PowerOfPhysic,斬打突威力アップ小,_NOT_SPECIFIED_,0,_NOT_SPECIFIED_,2
ROLE_EF_ZDTA_UP_2,PowerOfPhysic,斬打突威力アップ,_NOT_SPECIFIED_,0,_NOT_SPECIFIED_,4
ROLE_EF_ZDTA_UP_3,PowerOfPhysic,斬打突威力アップ大,_NOT_SPECIFIED_,0,_NOT_SPECIFIED_,6
ROLE_EF_ZDTA_UP_4,PowerOfPhysic,斬打突威力アップ特大,_NOT_SPECIFIED_,0,_NOT_SPECIFIED_,8
ROLE_EF_ZDTA_DOWN_1,PowerOfPhysic,斬打突威力ダウン小,_NOT_SPECIFIED_,0,_NOT_SPECIFIED_,-2
ROLE_EF_ZDTA_DOWN_2,PowerOfPhysic,斬打突威力ダウン,_NOT_SPECIFIED_,0,_NOT_SPECIFIED_,-4
ROLE_EF_ZDTA_DOWN_3,PowerOfPhysic,斬打突威力ダウン大,_NOT_SPECIFIED_,0,_NOT_SPECIFIED_,-6
ROLE_EF_ZDTA_DOWN_4,PowerOfPhysic,斬打突威力ダウン特大,_NOT_SPECIFIED_,0,_NOT_SPECIFIED_,-8
ROLE_EF_HCTA_UP_1,PowerOfElement,熱冷雷威力アップ小,_NOT_SPECIFIED_,0,_NOT_SPECIFIED_,2
ROLE_EF_HCTA_UP_2,PowerOfElement,熱冷雷威力アップ,_NOT_SPECIFIED_,0,_NOT_SPECIFIED_,4
ROLE_EF_HCTA_UP_3,PowerOfElement,熱冷雷威力アップ大,_NOT_SPECIFIED_,0,_NOT_SPECIFIED_,6
ROLE_EF_HCTA_UP_4,PowerOfElement,熱冷雷威力アップ特大,_NOT_SPECIFIED_,0,_NOT_SPECIFIED_,8
ROLE_EF_HCTA_DOWN_1,PowerOfElement,熱冷雷威力ダウン小,_NOT_SPECIFIED_,0,_NOT_SPECIFIED_,-2
ROLE_EF_HCTA_DOWN_2,PowerOfElement,熱冷雷威力ダウン,_NOT_SPECIFIED_,0,_NOT_SPECIFIED_,-4
ROLE_EF_HCTA_DOWN_3,PowerOfElement,熱冷雷威力ダウン大,_NOT_SPECIFIED_,0,_NOT_SPECIFIED_,-6
ROLE_EF_HCTA_DOWN_4,PowerOfElement,熱冷雷威力ダウン特大,_NOT_SPECIFIED_,0,_NOT_SPECIFIED_,-8
ROLE_EF_ALLA_UP_1,PowerOfAll,全威力+3%,_NOT_SPECIFIED_,0,_NOT_SPECIFIED_,3
ROLE_EF_ALLA_UP_2,PowerOfAll,全威力アップ,_NOT_SPECIFIED_,0,_NOT_SPECIFIED_,6
ROLE_EF_ALLA_UP_3,PowerOfAll,全威力アップ大,_NOT_SPECIFIED_,0,_NOT_SPECIFIED_,9
ROLE_EF_ALLA_UP_4,PowerOfAll,全威力アップ特大,_NOT_SPECIFIED_,0,_NOT_SPECIFIED_,12
ROLE_EF_ALLA_DOWN_1,PowerOfAll,全威力-3%,_NOT_SPECIFIED_,0,_NOT_SPECIFIED_,-3
ROLE_EF_ALLA_DOWN_2,PowerOfAll,全威力ダウン,_NOT_SPECIFIED_,0,_NOT_SPECIFIED_,-6
ROLE_EF_ALLA_DOWN_3,PowerOfAll,全威力ダウン大,_NOT_SPECIFIED_,0,_NOT_SPECIFIED_,-9
ROLE_EF_ALLA_DOWN_4,PowerOfAll,全威力ダウン特大,_NOT_SPECIFIED_,0,_NOT_SPECIFIED_,-12
ROLE_EF_ALLOA_UP_1,PowerOfAlltoAlly,味方の全威力アップ小,_NOT_SPECIFIED_,0,_NOT_SPECIFIED_,3
ROLE_EF_ALLOA_UP_2,PowerOfAlltoAlly,味方の全威力アップ,_NOT_SPECIFIED_,0,_NOT_SPECIFIED_,6
ROLE_EF_ALLOA_UP_3,PowerOfAlltoAlly,味方の全威力アップ大,_NOT_SPECIFIED_,0,_NOT_SPECIFIED_,9
ROLE_EF_ALLOA_UP_4,PowerOfAlltoAlly,味方の全威力アップ特大,_NOT_SPECIFIED_,0,_NOT_SPECIFIED_,12
ROLE_EF_ALLOA_DOWN_1,PowerOfAlltoAlly,味方の全威力ダウン小,_NOT_SPECIFIED_,0,_NOT_SPECIFIED_,-3
ROLE_EF_ALLOA_DOWN_2,PowerOfAlltoAlly,味方の全威力ダウン,_NOT_SPECIFIED_,0,_NOT_SPECIFIED_,-6
ROLE_EF_ALLOA_DOWN_3,PowerOfAlltoAlly,味方の全威力ダウン大,_NOT_SPECIFIED_,0,_NOT_SPECIFIED_,-9
ROLE_EF_ALLOA_DOWN_4,PowerOfAlltoAlly,味方の全威力ダウン特大,_NOT_SPECIFIED_,0,_NOT_SPECIFIED_,-12
ROLE_EF_MAGA_UP_1,MagicAttack,術威力アップ小,_NOT_SPECIFIED_,0,_NOT_SPECIFIED_,3
ROLE_EF_MAGA_UP_2,MagicAttack,術威力アップ,_NOT_SPECIFIED_,0,_NOT_SPECIFIED_,6
ROLE_EF_MAGA_UP_3,MagicAttack,術威力アップ大,_NOT_SPECIFIED_,0,_NOT_SPECIFIED_,9
ROLE_EF_MAGA_UP_4,MagicAttack,術威力アップ特大,_NOT_SPECIFIED_,0,_NOT_SPECIFIED_,12
ROLE_EF_MAGA_DOWN_1,MagicAttack,術威力ダウン小,_NOT_SPECIFIED_,0,_NOT_SPECIFIED_,-3
ROLE_EF_MAGA_DOWN_2,MagicAttack,術威力ダウン,_NOT_SPECIFIED_,0,_NOT_SPECIFIED_,-6
ROLE_EF_MAGA_DOWN_3,MagicAttack,術威力ダウン大,_NOT_SPECIFIED_,0,_NOT_SPECIFIED_,-9
ROLE_EF_MAGA_DOWN_4,MagicAttack,術威力ダウン特大,_NOT_SPECIFIED_,0,_NOT_SPECIFIED_,-12
ROLE_EF_ZAND_UP_1,ResOfSlash,斬耐性アップ小,_NOT_SPECIFIED_,0,_NOT_SPECIFIED_,5
ROLE_EF_ZAND_UP_2,ResOfSlash,斬耐性アップ,_NOT_SPECIFIED_,0,_NOT_SPECIFIED_,10
ROLE_EF_ZAND_UP_3,ResOfSlash,斬耐性アップ大,_NOT_SPECIFIED_,0,_NOT_SPECIFIED_,15
ROLE_EF_ZAND_UP_4,ResOfSlash,斬耐性アップ特大,_NOT_SPECIFIED_,0,_NOT_SPECIFIED_,20
ROLE_EF_ZAND_DOWN_1,ResOfSlash,斬耐性ダウン小,_NOT_SPECIFIED_,0,_NOT_SPECIFIED_,-5
ROLE_EF_ZAND_DOWN_2,ResOfSlash,斬耐性ダウン,_NOT_SPECIFIED_,0,_NOT_SPECIFIED_,-10
ROLE_EF_ZAND_DOWN_3,ResOfSlash,斬耐性ダウン大,_NOT_SPECIFIED_,0,_NOT_SPECIFIED_,-15
ROLE_EF_ZAND_DOWN_4,ResOfSlash,斬耐性ダウン特大,_NOT_SPECIFIED_,0,_NOT_SPECIFIED_,-20
ROLE_EF_DAD_UP_1,ResOfStrike,打耐性アップ小,_NOT_SPECIFIED_,0,_NOT_SPECIFIED_,5
ROLE_EF_DAD_UP_2,ResOfStrike,打耐性アップ,_NOT_SPECIFIED_,0,_NOT_SPECIFIED_,10
ROLE_EF_DAD_UP_3,ResOfStrike,打耐性アップ大,_NOT_SPECIFIED_,0,_NOT_SPECIFIED_,15
ROLE_EF_DAD_UP_4,ResOfStrike,打耐性アップ特大,_NOT_SPECIFIED_,0,_NOT_SPECIFIED_,20
ROLE_EF_DAD_DOWN_1,ResOfStrike,打耐性ダウン小,_NOT_SPECIFIED_,0,_NOT_SPECIFIED_,-5
ROLE_EF_DAD_DOWN_2,ResOfStrike,打耐性ダウン,_NOT_SPECIFIED_,0,_NOT_SPECIFIED_,-10
ROLE_EF_DAD_DOWN_3,ResOfStrike,打耐性ダウン大,_NOT_SPECIFIED_,0,_NOT_SPECIFIED_,-15
ROLE_EF_DAD_DOWN_4,ResOfStrike,打耐性ダウン特大,_NOT_SPECIFIED_,0,_NOT_SPECIFIED_,-20
ROLE_EF_TOTD_UP_1,ResOfStab,突耐性アップ小,_NOT_SPECIFIED_,0,_NOT_SPECIFIED_,5
ROLE_EF_TOTD_UP_2,ResOfStab,突耐性アップ,_NOT_SPECIFIED_,0,_NOT_SPECIFIED_,10
ROLE_EF_TOTD_UP_3,ResOfStab,突耐性アップ大,_NOT_SPECIFIED_,0,_NOT_SPECIFIED_,15
ROLE_EF_TOTD_UP_4,ResOfStab,突耐性アップ特大,_NOT_SPECIFIED_,0,_NOT_SPECIFIED_,20
ROLE_EF_TOTD_DOWN_1,ResOfStab,突耐性ダウン小,_NOT_SPECIFIED_,0,_NOT_SPECIFIED_,-5
ROLE_EF_TOTD_DOWN_2,ResOfStab,突耐性ダウン,_NOT_SPECIFIED_,0,_NOT_SPECIFIED_,-10
ROLE_EF_TOTD_DOWN_3,ResOfStab,突耐性ダウン大,_NOT_SPECIFIED_,0,_NOT_SPECIFIED_,-15
ROLE_EF_TOTD_DOWN_4,ResOfStab,突耐性ダウン特大,_NOT_SPECIFIED_,0,_NOT_SPECIFIED_,-20
ROLE_EF_HEAD_UP_1,ResOfFire,熱耐性アップ小,_NOT_SPECIFIED_,0,_NOT_SPECIFIED_,5
ROLE_EF_HEAD_UP_2,ResOfFire,熱耐性アップ,_NOT_SPECIFIED_,0,_NOT_SPECIFIED_,10
ROLE_EF_HEAD_UP_3,ResOfFire,熱耐性アップ大,_NOT_SPECIFIED_,0,_NOT_SPECIFIED_,15
ROLE_EF_HEAD_UP_4,ResOfFire,熱耐性アップ特大,_NOT_SPECIFIED_,0,_NOT_SPECIFIED_,20
ROLE_EF_HEAD_DOWN_1,ResOfFire,熱耐性ダウン小,_NOT_SPECIFIED_,0,_NOT_SPECIFIED_,-5
ROLE_EF_HEAD_DOWN_2,ResOfFire,熱耐性ダウン,_NOT_SPECIFIED_,0,_NOT_SPECIFIED_,-10
ROLE_EF_HEAD_DOWN_3,ResOfFire,熱耐性ダウン大,_NOT_SPECIFIED_,0,_NOT_SPECIFIED_,-15
ROLE_EF_HEAD_DOWN_4,ResOfFire,熱耐性ダウン特大,_NOT_SPECIFIED_,0,_NOT_SPECIFIED_,-20
ROLE_EF_COLD_UP_1,ResOfIce,冷耐性アップ小,_NOT_SPECIFIED_,0,_NOT_SPECIFIED_,5
ROLE_EF_COLD_UP_2,ResOfIce,冷耐性アップ,_NOT_SPECIFIED_,0,_NOT_SPECIFIED_,10
ROLE_EF_COLD_UP_3,ResOfIce,冷耐性アップ大,_NOT_SPECIFIED_,0,_NOT_SPECIFIED_,15
ROLE_EF_COLD_UP_4,ResOfIce,冷耐性アップ特大,_NOT_SPECIFIED_,0,_NOT_SPECIFIED_,20
ROLE_EF_COLD_DOWN_1,ResOfIce,冷耐性ダウン小,_NOT_SPECIFIED_,0,_NOT_SPECIFIED_,-5
ROLE_EF_COLD_DOWN_2,ResOfIce,冷耐性ダウン,_NOT_SPECIFIED_,0,_NOT_SPECIFIED_,-10
ROLE_EF_COLD_DOWN_3,ResOfIce,冷耐性ダウン大,_NOT_SPECIFIED_,0,_NOT_SPECIFIED_,-15
ROLE_EF_COLD_DOWN_4,ResOfIce,冷耐性ダウン特大,_NOT_SPECIFIED_,0,_NOT_SPECIFIED_,-20
ROLE_EF_THUD_UP_1,ResOfLightning,雷耐性アップ小,_NOT_SPECIFIED_,0,_NOT_SPECIFIED_,5
ROLE_EF_THUD_UP_2,ResOfLightning,雷耐性アップ,_NOT_SPECIFIED_,0,_NOT_SPECIFIED_,10
ROLE_EF_THUD_UP_3,ResOfLightning,雷耐性アップ大,_NOT_SPECIFIED_,0,_NOT_SPECIFIED_,15
ROLE_EF_THUD_UP_4,ResOfLightning,雷耐性アップ特大,_NOT_SPECIFIED_,0,_NOT_SPECIFIED_,20
ROLE_EF_THUD_DOWN_1,ResOfLightning,雷耐性ダウン小,_NOT_SPECIFIED_,0,_NOT_SPECIFIED_,-5
ROLE_EF_THUD_DOWN_2,ResOfLightning,雷耐性ダウン,_NOT_SPECIFIED_,0,_NOT_SPECIFIED_,-10
ROLE_EF_THUD_DOWN_3,ResOfLightning,雷耐性ダウン大,_NOT_SPECIFIED_,0,_NOT_SPECIFIED_,-15
ROLE_EF_THUD_DOWN_4,ResOfLightning,雷耐性ダウン特大,_NOT_SPECIFIED_,0,_NOT_SPECIFIED_,-20
ROLE_EF_ZDTD_UP_1,ResOfPhysic,斬打突耐性アップ小,_NOT_SPECIFIED_,0,_NOT_SPECIFIED_,3
ROLE_EF_ZDTD_UP_2,ResOfPhysic,斬打突耐性アップ,_NOT_SPECIFIED_,0,_NOT_SPECIFIED_,6
ROLE_EF_ZDTD_UP_3,ResOfPhysic,斬打突耐性アップ大,_NOT_SPECIFIED_,0,_NOT_SPECIFIED_,9
ROLE_EF_ZDTD_UP_4,ResOfPhysic,斬打突耐性アップ特大,_NOT_SPECIFIED_,0,_NOT_SPECIFIED_,12
ROLE_EF_ZDTD_DOWN_1,ResOfPhysic,斬打突耐性ダウン小,_NOT_SPECIFIED_,0,_NOT_SPECIFIED_,-3
ROLE_EF_ZDTD_DOWN_2,ResOfPhysic,斬打突耐性ダウン,_NOT_SPECIFIED_,0,_NOT_SPECIFIED_,-6
ROLE_EF_ZDTD_DOWN_3,ResOfPhysic,斬打突耐性ダウン大,_NOT_SPECIFIED_,0,_NOT_SPECIFIED_,-9
ROLE_EF_ZDTD_DOWN_4,ResOfPhysic,斬打突耐性ダウン特大,_NOT_SPECIFIED_,0,_NOT_SPECIFIED_,-12
ROLE_EF_HCTD_UP_1,ResOfElement,熱冷雷耐性アップ小,_NOT_SPECIFIED_,0,_NOT_SPECIFIED_,3
ROLE_EF_HCTD_UP_2,ResOfElement,熱冷雷耐性アップ,_NOT_SPECIFIED_,0,_NOT_SPECIFIED_,6
ROLE_EF_HCTD_UP_3,ResOfElement,熱冷雷耐性アップ大,_NOT_SPECIFIED_,0,_NOT_SPECIFIED_,9
ROLE_EF_HCTD_UP_4,ResOfElement,熱冷雷耐性アップ特大,_NOT_SPECIFIED_,0,_NOT_SPECIFIED_,12
ROLE_EF_HCTD_DOWN_1,ResOfElement,熱冷雷耐性ダウン小,_NOT_SPECIFIED_,0,_NOT_SPECIFIED_,-3
ROLE_EF_HCTD_DOWN_2,ResOfElement,熱冷雷耐性ダウン,_NOT_SPECIFIED_,0,_NOT_SPECIFIED_,-6
ROLE_EF_HCTD_DOWN_3,ResOfElement,熱冷雷耐性ダウン大,_NOT_SPECIFIED_,0,_NOT_SPECIFIED_,-9
ROLE_EF_HCTD_DOWN_4,ResOfElement,熱冷雷耐性ダウン特大,_NOT_SPECIFIED_,0,_NOT_SPECIFIED_,-12
ROLE_EF_ALLD_UP_1,ResOfAll,全耐性アップ小,_NOT_SPECIFIED_,0,_NOT_SPECIFIED_,3
ROLE_EF_ALLD_UP_2,ResOfAll,全耐性+5%,_NOT_SPECIFIED_,0,_NOT_SPECIFIED_,5
ROLE_EF_ALLD_UP_3,ResOfAll,全耐性アップ大,_NOT_SPECIFIED_,0,_NOT_SPECIFIED_,9
ROLE_EF_ALLD_UP_4,ResOfAll,全耐性アップ特大,_NOT_SPECIFIED_,0,_NOT_SPECIFIED_,12
ROLE_EF_ALLD_DOWN_1,ResOfAll,全耐性-3%,_NOT_SPECIFIED_,0,_NOT_SPECIFIED_,-3
ROLE_EF_ALLD_DOWN_2,ResOfAll,全耐性-5%,_NOT_SPECIFIED_,0,_NOT_SPECIFIED_,-5
ROLE_EF_ALLD_DOWN_3,ResOfAll,全耐性ダウン大,_NOT_SPECIFIED_,0,_NOT_SPECIFIED_,-9
ROLE_EF_ALLD_DOWN_4,ResOfAll,全耐性ダウン特大,_NOT_SPECIFIED_,0,_NOT_SPECIFIED_,-12
ROLE_EF_ALLOD_UP_1,ResOfAlltoAlly,味方の全耐性アップ小,_NOT_SPECIFIED_,0,_NOT_SPECIFIED_,3
ROLE_EF_ALLOD_UP_2,ResOfAlltoAlly,味方の全耐性アップ,_NOT_SPECIFIED_,0,_NOT_SPECIFIED_,6
ROLE_EF_ALLOD_UP_3,ResOfAlltoAlly,味方の全耐性アップ大,_NOT_SPECIFIED_,0,_NOT_SPECIFIED_,9
ROLE_EF_ALLOD_UP_4,ResOfAlltoAlly,味方の全耐性アップ特大,_NOT_SPECIFIED_,0,_NOT_SPECIFIED_,12
ROLE_EF_ALLOD_DOWN_1,ResOfAlltoAlly,味方の全耐性ダウン小,_NOT_SPECIFIED_,0,_NOT_SPECIFIED_,-3
ROLE_EF_ALLOD_DOWN_2,ResOfAlltoAlly,味方の全耐性ダウン,_NOT_SPECIFIED_,0,_NOT_SPECIFIED_,-6
ROLE_EF_ALLOD_DOWN_3,ResOfAlltoAlly,味方の全耐性ダウン大,_NOT_SPECIFIED_,0,_NOT_SPECIFIED_,-9
ROLE_EF_ALLOD_DOWN_4,ResOfAlltoAlly,味方の全耐性ダウン特大,_NOT_SPECIFIED_,0,_NOT_SPECIFIED_,-12
ROLE_EF_TARGETALL_UP_1,ResOfTargetAll,全体攻撃耐性アップ小,_NOT_SPECIFIED_,0,_NOT_SPECIFIED_,5
ROLE_EF_TARGETALL_UP_2,ResOfTargetAll,全体攻撃耐性アップ,_NOT_SPECIFIED_,0,_NOT_SPECIFIED_,10
ROLE_EF_TARGETALL_UP_3,ResOfTargetAll,全体攻撃耐性アップ大,_NOT_SPECIFIED_,0,_NOT_SPECIFIED_,15
ROLE_EF_MAGD_UP_1,ResOfMagic,術耐性アップ小,_NOT_SPECIFIED_,0,_NOT_SPECIFIED_,3
ROLE_EF_MAGD_UP_2,_NOT_SPECIFIED_,術耐性アップ,_NOT_SPECIFIED_,0,_NOT_SPECIFIED_,6
ROLE_EF_MAGD_UP_3,ResOfMagic,術耐性アップ大,_NOT_SPECIFIED_,0,_NOT_SPECIFIED_,9
ROLE_EF_MAGD_UP_4,ResOfMagic,術耐性アップ特大,_NOT_SPECIFIED_,0,_NOT_SPECIFIED_,12
ROLE_EF_MAGD_DOWN_1,ResOfMagic,術耐性ダウン小,_NOT_SPECIFIED_,0,_NOT_SPECIFIED_,-3
ROLE_EF_MAGD_DOWN_2,ResOfMagic,術耐性ダウン,_NOT_SPECIFIED_,0,_NOT_SPECIFIED_,-6
ROLE_EF_MAGD_DOWN_3,ResOfMagic,術耐性ダウン大,_NOT_SPECIFIED_,0,_NOT_SPECIFIED_,-9
ROLE_EF_MAGD_DOWN_4,ResOfMagic,術耐性ダウン特大,_NOT_SPECIFIED_,0,_NOT_SPECIFIED_,-12
ROLE_EF_PARD_UP_1,ResOfParalysis,マヒ耐性+25%,_NOT_SPECIFIED_,0,_NOT_SPECIFIED_,25
ROLE_EF_PARD_UP_2,ResOfParalysis,マヒ耐性+50%,_NOT_SPECIFIED_,0,_NOT_SPECIFIED_,50
ROLE_EF_PARD_UP_3,ResOfParalysis,マヒ耐性+75%,_NOT_SPECIFIED_,0,_NOT_SPECIFIED_,75
ROLE_EF_PARD_UP_4,ResOfParalysis,マヒ耐性+100%,_NOT_SPECIFIED_,0,_NOT_SPECIFIED_,100
ROLE_EF_PARD_DOWN_1,ResOfParalysis,マヒ耐性-25%,_NOT_SPECIFIED_,0,_NOT_SPECIFIED_,-25
ROLE_EF_PARD_DOWN_2,ResOfParalysis,マヒ耐性-50%,_NOT_SPECIFIED_,0,_NOT_SPECIFIED_,-50
ROLE_EF_PARD_DOWN_3,ResOfParalysis,マヒ耐性-75%,_NOT_SPECIFIED_,0,_NOT_SPECIFIED_,-75
ROLE_EF_PARD_DOWN_4,ResOfParalysis,マヒ耐性-100%,_NOT_SPECIFIED_,0,_NOT_SPECIFIED_,-100
ROLE_EF_POID_UP_1,ResOfPoison,毒耐性+25%,_NOT_SPECIFIED_,0,_NOT_SPECIFIED_,25
ROLE_EF_POID_UP_2,ResOfPoison,毒耐性+50%,_NOT_SPECIFIED_,0,_NOT_SPECIFIED_,50
ROLE_EF_POID_UP_3,ResOfPoison,毒耐性+75%,_NOT_SPECIFIED_,0,_NOT_SPECIFIED_,75
ROLE_EF_POID_UP_4,ResOfPoison,毒耐性+100%,_NOT_SPECIFIED_,0,_NOT_SPECIFIED_,100
ROLE_EF_POID_DOWN_1,ResOfPoison,毒耐性-25%,_NOT_SPECIFIED_,0,_NOT_SPECIFIED_,-25
ROLE_EF_POID_DOWN_2,ResOfPoison,毒耐性-50%,_NOT_SPECIFIED_,0,_NOT_SPECIFIED_,-50
ROLE_EF_POID_DOWN_3,ResOfPoison,毒耐性-75%,_NOT_SPECIFIED_,0,_NOT_SPECIFIED_,-75
ROLE_EF_POID_DOWN_4,ResOfPoison,毒耐性-100%,_NOT_SPECIFIED_,0,_NOT_SPECIFIED_,-100
ROLE_EF_CNFD_UP_1,ResOfConfusion,混乱耐性+25%,_NOT_SPECIFIED_,0,_NOT_SPECIFIED_,25
ROLE_EF_CNFD_UP_2,ResOfConfusion,混乱耐性+50%,_NOT_SPECIFIED_,0,_NOT_SPECIFIED_,50
ROLE_EF_CNFD_UP_3,ResOfConfusion,混乱耐性+75%,_NOT_SPECIFIED_,0,_NOT_SPECIFIED_,75
ROLE_EF_CNFD_UP_4,ResOfConfusion,混乱耐性+100%,_NOT_SPECIFIED_,0,_NOT_SPECIFIED_,100
ROLE_EF_CNFD_DOWN_1,ResOfConfusion,混乱耐性-25%,_NOT_SPECIFIED_,0,_NOT_SPECIFIED_,-25
ROLE_EF_CNFD_DOWN_2,ResOfConfusion,混乱耐性-50%,_NOT_SPECIFIED_,0,_NOT_SPECIFIED_,-50
ROLE_EF_CNFD_DOWN_3,ResOfConfusion,混乱耐性-75%,_NOT_SPECIFIED_,0,_NOT_SPECIFIED_,-75
ROLE_EF_CNFD_DOWN_4,ResOfConfusion,混乱耐性-100%,_NOT_SPECIFIED_,0,_NOT_SPECIFIED_,-100
ROLE_EF_DRKD_UP_1,ResOfDarkness,暗闇耐性+25%,_NOT_SPECIFIED_,0,_NOT_SPECIFIED_,25
ROLE_EF_DRKD_UP_2,ResOfDarkness,暗闇耐性+50%,_NOT_SPECIFIED_,0,_NOT_SPECIFIED_,50
ROLE_EF_DRKD_UP_3,ResOfDarkness,暗闇耐性+75%,_NOT_SPECIFIED_,0,_NOT_SPECIFIED_,75
ROLE_EF_DRKD_UP_4,ResOfDarkness,暗闇耐性+100%,_NOT_SPECIFIED_,0,_NOT_SPECIFIED_,100
ROLE_EF_DRKD_DOWN_1,ResOfDarkness,暗闇耐性-25%,_NOT_SPECIFIED_,0,_NOT_SPECIFIED_,-25
ROLE_EF_DRKD_DOWN_2,ResOfDarkness,暗闇耐性-50%,_NOT_SPECIFIED_,0,_NOT_SPECIFIED_,-50
ROLE_EF_DRKD_DOWN_3,ResOfDarkness,暗闇耐性-75%,_NOT_SPECIFIED_,0,_NOT_SPECIFIED_,-75
ROLE_EF_DRKD_DOWN_4,ResOfDarkness,暗闇耐性-100%,_NOT_SPECIFIED_,0,_NOT_SPECIFIED_,-100
ROLE_EF_STOD_UP_1,ResOfStone,石化耐性+25%,_NOT_SPECIFIED_,0,_NOT_SPECIFIED_,25
ROLE_EF_STOD_UP_2,ResOfStone,石化耐性+50%,_NOT_SPECIFIED_,0,_NOT_SPECIFIED_,50
ROLE_EF_STOD_UP_3,ResOfStone,石化耐性+75%,_NOT_SPECIFIED_,0,_NOT_SPECIFIED_,75
ROLE_EF_STOD_UP_4,ResOfStone,石化耐性+100%,_NOT_SPECIFIED_,0,_NOT_SPECIFIED_,100
ROLE_EF_STOD_DOWN_1,ResOfStone,石化耐性-25%,_NOT_SPECIFIED_,0,_NOT_SPECIFIED_,-25
ROLE_EF_STOD_DOWN_2,ResOfStone,石化耐性-50%,_NOT_SPECIFIED_,0,_NOT_SPECIFIED_,-50
ROLE_EF_STOD_DOWN_3,ResOfStone,石化耐性-75%,_NOT_SPECIFIED_,0,_NOT_SPECIFIED_,-75
ROLE_EF_STOD_DOWN_4,ResOfStone,石化耐性-100%,_NOT_SPECIFIED_,0,_NOT_SPECIFIED_,-100
ROLE_EF_SMED_UP_1,ResOfStench,悪臭耐性+25%,_NOT_SPECIFIED_,0,_NOT_SPECIFIED_,25
ROLE_EF_SMED_UP_2,ResOfStench,悪臭耐性+50%,_NOT_SPECIFIED_,0,_NOT_SPECIFIED_,50
ROLE_EF_SMED_UP_3,ResOfStench,悪臭耐性+75%,_NOT_SPECIFIED_,0,_NOT_SPECIFIED_,75
ROLE_EF_SMED_UP_4,ResOfStench,悪臭耐性+100%,_NOT_SPECIFIED_,0,_NOT_SPECIFIED_,100
ROLE_EF_SMED_DOWN_1,ResOfStench,悪臭耐性-25%,_NOT_SPECIFIED_,0,_NOT_SPECIFIED_,-25
ROLE_EF_SMED_DOWN_2,ResOfStench,悪臭耐性-50%,_NOT_SPECIFIED_,0,_NOT_SPECIFIED_,-50
ROLE_EF_SMED_DOWN_3,ResOfStench,悪臭耐性-75%,_NOT_SPECIFIED_,0,_NOT_SPECIFIED_,-75
ROLE_EF_SMED_DOWN_4,ResOfStench,悪臭耐性-100%,_NOT_SPECIFIED_,0,_NOT_SPECIFIED_,-100
ROLE_EF_STAD_UP_1,ResOfStun,スタン耐性+25%,_NOT_SPECIFIED_,0,_NOT_SPECIFIED_,25
ROLE_EF_STAD_UP_2,ResOfStun,スタン耐性+50%,_NOT_SPECIFIED_,0,_NOT_SPECIFIED_,50
ROLE_EF_STAD_UP_3,ResOfStun,スタン耐性+75%,_NOT_SPECIFIED_,0,_NOT_SPECIFIED_,75
ROLE_EF_STAD_UP_4,ResOfStun,スタン耐性+100%,_NOT_SPECIFIED_,0,_NOT_SPECIFIED_,100
ROLE_EF_STAD_DOWN_1,ResOfStun,スタン耐性-25%,_NOT_SPECIFIED_,0,_NOT_SPECIFIED_,-25
ROLE_EF_STAD_DOWN_2,ResOfStun,スタン耐性-50%,_NOT_SPECIFIED_,0,_NOT_SPECIFIED_,-50
ROLE_EF_STAD_DOWN_3,ResOfStun,スタン耐性-75%,_NOT_SPECIFIED_,0,_NOT_SPECIFIED_,-75
ROLE_EF_STAD_DOWN_4,ResOfStun,スタン耐性-100%,_NOT_SPECIFIED_,0,_NOT_SPECIFIED_,-100
ROLE_EF_DTHD_UP_1,ResOfDeath,即死耐性+25%,_NOT_SPECIFIED_,0,_NOT_SPECIFIED_,25
ROLE_EF_DTHD_UP_2,ResOfDeath,即死耐性+50%,_NOT_SPECIFIED_,0,_NOT_SPECIFIED_,50
ROLE_EF_DTHD_UP_3,ResOfDeath,即死耐性+75%,_NOT_SPECIFIED_,0,_NOT_SPECIFIED_,75
ROLE_EF_DTHD_UP_4,ResOfDeath,即死耐性+100%,_NOT_SPECIFIED_,0,_NOT_SPECIFIED_,100
ROLE_EF_DTHD_DOWN_1,ResOfDeath,即死耐性-25%,_NOT_SPECIFIED_,0,_NOT_SPECIFIED_,-25
ROLE_EF_DTHD_DOWN_2,ResOfDeath,即死耐性-50%,_NOT_SPECIFIED_,0,_NOT_SPECIFIED_,-50
ROLE_EF_DTHD_DOWN_3,ResOfDeath,即死耐性-75%,_NOT_SPECIFIED_,0,_NOT_SPECIFIED_,-75
ROLE_EF_DTHD_DOWN_4,ResOfDeath,即死耐性-100%,_NOT_SPECIFIED_,0,_NOT_SPECIFIED_,-100
ROLE_EF_PROD_UP_1,ResOfProvocation,挑発耐性+25%,_NOT_SPECIFIED_,0,_NOT_SPECIFIED_,25
ROLE_EF_PROD_UP_2,ResOfProvocation,挑発耐性+50%,_NOT_SPECIFIED_,0,_NOT_SPECIFIED_,50
ROLE_EF_PROD_UP_3,ResOfProvocation,挑発耐性+75%,_NOT_SPECIFIED_,0,_NOT_SPECIFIED_,75
ROLE_EF_PROD_UP_4,ResOfProvocation,挑発耐性+100%,_NOT_SPECIFIED_,0,_NOT_SPECIFIED_,100
ROLE_EF_PROD_DOWN_1,ResOfProvocation,挑発耐性-25%,_NOT_SPECIFIED_,0,_NOT_SPECIFIED_,-25
ROLE_EF_PROD_DOWN_2,ResOfProvocation,挑発耐性-50%,_NOT_SPECIFIED_,0,_NOT_SPECIFIED_,-50
ROLE_EF_PROD_DOWN_3,ResOfProvocation,挑発耐性-75%,_NOT_SPECIFIED_,0,_NOT_SPECIFIED_,-75
ROLE_EF_PROD_DOWN_4,ResOfProvocation,挑発耐性-100%,_NOT_SPECIFIED_,0,_NOT_SPECIFIED_,-100
ROLE_EF_MPARD_UP_1,ResOfMechaParalysis,メカマヒ耐性+25%,_NOT_SPECIFIED_,0,_NOT_SPECIFIED_,25
ROLE_EF_MPARD_UP_2,ResOfMechaParalysis,メカマヒ耐性+50%,_NOT_SPECIFIED_,0,_NOT_SPECIFIED_,50
ROLE_EF_MPARD_UP_3,ResOfMechaParalysis,メカマヒ耐性+75%,_NOT_SPECIFIED_,0,_NOT_SPECIFIED_,75
ROLE_EF_MPARD_UP_4,ResOfMechaParalysis,メカマヒ耐性+100%,_NOT_SPECIFIED_,0,_NOT_SPECIFIED_,100
ROLE_EF_MPARD_DOWN_1,ResOfMechaParalysis,メカマヒ耐性-25%,_NOT_SPECIFIED_,0,_NOT_SPECIFIED_,-25
ROLE_EF_MPARD_DOWN_2,ResOfMechaParalysis,メカマヒ耐性-50%,_NOT_SPECIFIED_,0,_NOT_SPECIFIED_,-50
ROLE_EF_MPARD_DOWN_3,ResOfMechaParalysis,メカマヒ耐性-75%,_NOT_SPECIFIED_,0,_NOT_SPECIFIED_,-75
ROLE_EF_MPARD_DOWN_4,ResOfMechaParalysis,メカマヒ耐性-100%,_NOT_SPECIFIED_,0,_NOT_SPECIFIED_,-100
ROLE_EF_MSTAD_UP_1,ResOfMechaStun,メカスタン耐性+25%,_NOT_SPECIFIED_,0,_NOT_SPECIFIED_,25
ROLE_EF_MSTAD_UP_2,ResOfMechaStun,メカスタン耐性+50%,_NOT_SPECIFIED_,0,_NOT_SPECIFIED_,50
ROLE_EF_MSTAD_UP_3,ResOfMechaStun,メカスタン耐性+75%,_NOT_SPECIFIED_,0,_NOT_SPECIFIED_,75
ROLE_EF_MSTAD_UP_4,ResOfMechaStun,メカスタン耐性+100%,_NOT_SPECIFIED_,0,_NOT_SPECIFIED_,100
ROLE_EF_MSTAD_DOWN_1,ResOfMechaStun,メカスタン耐性-25%,_NOT_SPECIFIED_,0,_NOT_SPECIFIED_,-25
ROLE_EF_MSTAD_DOWN_2,ResOfMechaStun,メカスタン耐性-50%,_NOT_SPECIFIED_,0,_NOT_SPECIFIED_,-50
ROLE_EF_MSTAD_DOWN_3,ResOfMechaStun,メカスタン耐性-75%,_NOT_SPECIFIED_,0,_NOT_SPECIFIED_,-75
ROLE_EF_MSTAD_DOWN_4,ResOfMechaStun,メカスタン耐性-100%,_NOT_SPECIFIED_,0,_NOT_SPECIFIED_,-100
ROLE_EF_PARH_UP_1,RecoverParalysis,マヒ回復+25%,_NOT_SPECIFIED_,0,_NOT_SPECIFIED_,10
ROLE_EF_PARH_UP_2,RecoverParalysis,マヒ回復アップ,_NOT_SPECIFIED_,0,_NOT_SPECIFIED_,20
ROLE_EF_PARH_UP_3,RecoverParalysis,マヒ回復+75%,_NOT_SPECIFIED_,0,_NOT_SPECIFIED_,40
ROLE_EF_PARH_UP_4,RecoverParalysis,マヒ回復+100%,_NOT_SPECIFIED_,0,_NOT_SPECIFIED_,60
ROLE_EF_PARH_DOWN_1,RecoverParalysis,マヒ回復-25%,_NOT_SPECIFIED_,0,_NOT_SPECIFIED_,-10
ROLE_EF_PARH_DOWN_2,RecoverParalysis,マヒ回復-50%,_NOT_SPECIFIED_,0,_NOT_SPECIFIED_,-20
ROLE_EF_PARH_DOWN_3,RecoverParalysis,マヒ回復-75%,_NOT_SPECIFIED_,0,_NOT_SPECIFIED_,-40
ROLE_EF_PARH_DOWN_4,RecoverParalysis,マヒ回復-100%,_NOT_SPECIFIED_,0,_NOT_SPECIFIED_,-60
ROLE_EF_POIH_UP_1,RecoverPoison,毒回復+25%,_NOT_SPECIFIED_,0,_NOT_SPECIFIED_,10
ROLE_EF_POIH_UP_2,RecoverPoison,毒回復アップ,_NOT_SPECIFIED_,0,_NOT_SPECIFIED_,20
ROLE_EF_POIH_UP_3,RecoverPoison,毒回復+75%,_NOT_SPECIFIED_,0,_NOT_SPECIFIED_,40
ROLE_EF_POIH_UP_4,RecoverPoison,毒回復+100%,_NOT_SPECIFIED_,0,_NOT_SPECIFIED_,60
ROLE_EF_POIH_DOWN_1,RecoverPoison,毒回復-25%,_NOT_SPECIFIED_,0,_NOT_SPECIFIED_,-10
ROLE_EF_POIH_DOWN_2,RecoverPoison,毒回復-50%,_NOT_SPECIFIED_,0,_NOT_SPECIFIED_,-20
ROLE_EF_POIH_DOWN_3,RecoverPoison,毒回復-75%,_NOT_SPECIFIED_,0,_NOT_SPECIFIED_,-40
ROLE_EF_POIH_DOWN_4,RecoverPoison,毒回復-100%,_NOT_SPECIFIED_,0,_NOT_SPECIFIED_,-60
ROLE_EF_CNFH_UP_1,RecoverConfusion,混乱回復+25%,_NOT_SPECIFIED_,0,_NOT_SPECIFIED_,10
ROLE_EF_CNFH_UP_2,RecoverConfusion,混乱回復アップ,_NOT_SPECIFIED_,0,_NOT_SPECIFIED_,20
ROLE_EF_CNFH_UP_3,RecoverConfusion,混乱回復+75%,_NOT_SPECIFIED_,0,_NOT_SPECIFIED_,40
ROLE_EF_CNFH_UP_4,RecoverConfusion,混乱回復+100%,_NOT_SPECIFIED_,0,_NOT_SPECIFIED_,60
ROLE_EF_CNFH_DOWN_1,RecoverConfusion,混乱回復-25%,_NOT_SPECIFIED_,0,_NOT_SPECIFIED_,-10
ROLE_EF_CNFH_DOWN_2,RecoverConfusion,混乱回復-50%,_NOT_SPECIFIED_,0,_NOT_SPECIFIED_,-20
ROLE_EF_CNFH_DOWN_3,RecoverConfusion,混乱回復-75%,_NOT_SPECIFIED_,0,_NOT_SPECIFIED_,-40
ROLE_EF_CNFH_DOWN_4,RecoverConfusion,混乱回復-100%,_NOT_SPECIFIED_,0,_NOT_SPECIFIED_,-60
ROLE_EF_DRKH_UP_1,RecoverDarkness,暗闇回復+25%,_NOT_SPECIFIED_,0,_NOT_SPECIFIED_,10
ROLE_EF_DRKH_UP_2,RecoverDarkness,暗闇回復アップ,_NOT_SPECIFIED_,0,_NOT_SPECIFIED_,20
ROLE_EF_DRKH_UP_3,RecoverDarkness,暗闇回復+75%,_NOT_SPECIFIED_,0,_NOT_SPECIFIED_,40
ROLE_EF_DRKH_UP_4,RecoverDarkness,暗闇回復+100%,_NOT_SPECIFIED_,0,_NOT_SPECIFIED_,60
ROLE_EF_DRKH_DOWN_1,RecoverDarkness,暗闇回復-25%,_NOT_SPECIFIED_,0,_NOT_SPECIFIED_,-10
ROLE_EF_DRKH_DOWN_2,RecoverDarkness,暗闇回復-50%,_NOT_SPECIFIED_,0,_NOT_SPECIFIED_,-20
ROLE_EF_DRKH_DOWN_3,RecoverDarkness,暗闇回復-75%,_NOT_SPECIFIED_,0,_NOT_SPECIFIED_,-40
ROLE_EF_DRKH_DOWN_4,RecoverDarkness,暗闇回復-100%,_NOT_SPECIFIED_,0,_NOT_SPECIFIED_,-60
ROLE_EF_SMEH_UP_1,RecoverStench,悪臭回復+25%,_NOT_SPECIFIED_,0,_NOT_SPECIFIED_,10
ROLE_EF_SMEH_UP_2,RecoverStench,悪臭回復アップ,_NOT_SPECIFIED_,0,_NOT_SPECIFIED_,20
ROLE_EF_SMEH_UP_3,RecoverStench,悪臭回復+75%,_NOT_SPECIFIED_,0,_NOT_SPECIFIED_,40
ROLE_EF_SMEH_UP_4,RecoverStench,悪臭回復+100%,_NOT_SPECIFIED_,0,_NOT_SPECIFIED_,60
ROLE_EF_SMEH_DOWN_1,RecoverStench,悪臭回復-25%,_NOT_SPECIFIED_,0,_NOT_SPECIFIED_,-10
ROLE_EF_SMEH_DOWN_2,RecoverStench,悪臭回復-50%,_NOT_SPECIFIED_,0,_NOT_SPECIFIED_,-20
ROLE_EF_SMEH_DOWN_3,RecoverStench,悪臭回復-75%,_NOT_SPECIFIED_,0,_NOT_SPECIFIED_,-40
ROLE_EF_SMEH_DOWN_4,RecoverStench,悪臭回復-100%,_NOT_SPECIFIED_,0,_NOT_SPECIFIED_,-60
ROLE_EF_PROH_UP_1,RecoverRage,挑発回復+25%,_NOT_SPECIFIED_,0,_NOT_SPECIFIED_,10
ROLE_EF_PROH_UP_2,RecoverRage,挑発回復アップ,_NOT_SPECIFIED_,0,_NOT_SPECIFIED_,20
ROLE_EF_PROH_UP_3,RecoverRage,挑発回復+75%,_NOT_SPECIFIED_,0,_NOT_SPECIFIED_,40
ROLE_EF_PROH_UP_4,RecoverRage,挑発回復+100%,_NOT_SPECIFIED_,0,_NOT_SPECIFIED_,60
ROLE_EF_PROH_DOWN_1,RecoverRage,挑発回復-25%,_NOT_SPECIFIED_,0,_NOT_SPECIFIED_,-10
ROLE_EF_PROH_DOWN_2,RecoverRage,挑発回復-50%,_NOT_SPECIFIED_,0,_NOT_SPECIFIED_,-20
ROLE_EF_PROH_DOWN_3,RecoverRage,挑発回復-75%,_NOT_SPECIFIED_,0,_NOT_SPECIFIED_,-40
ROLE_EF_PROH_DOWN_4,RecoverRage,挑発回復-100%,_NOT_SPECIFIED_,0,_NOT_SPECIFIED_,-60
ROLE_EF_FBP_UP_1,StartBP,初期BP+1,_NOT_SPECIFIED_,0,_NOT_SPECIFIED_,1
ROLE_EF_FBP_UP_2,StartBP,初期BP+2,_NOT_SPECIFIED_,0,_NOT_SPECIFIED_,2
ROLE_EF_FBP_DOWN_1,StartBP,初期BP-1,_NOT_SPECIFIED_,0,_NOT_SPECIFIED_,-1
ROLE_EF_FBP_DOWN_2,StartBP,初期BP-2,_NOT_SPECIFIED_,0,_NOT_SPECIFIED_,-2
ROLE_EF_MBP_UP_1,MaxBP,最大BP+1,_NOT_SPECIFIED_,0,_NOT_SPECIFIED_,1
ROLE_EF_MBP_UP_2,MaxBP,最大BP+2,_NOT_SPECIFIED_,0,_NOT_SPECIFIED_,2
ROLE_EF_MBP_DOWN_1,MaxBP,最大BP-1,_NOT_SPECIFIED_,0,_NOT_SPECIFIED_,-1
ROLE_EF_MBP_DOWN_2,MaxBP,最大BP-2,_NOT_SPECIFIED_,0,_NOT_SPECIFIED_,-2
ROLE_EF_DKJ_UP_1,SingleStage,独壇場BP+1,_NOT_SPECIFIED_,0,_NOT_SPECIFIED_,1
ROLE_EF_DKJ_UP_2,SingleStage,独壇場BP+2,_NOT_SPECIFIED_,0,_NOT_SPECIFIED_,2
ROLE_EF_DKJ_UP_3,SingleStage,独壇場BP+3,_NOT_SPECIFIED_,0,_NOT_SPECIFIED_,3
ROLE_EF_START_BP_COST_UP_1,StartBPCostUp,特殊効果：BPコスト+1,_NOT_SPECIFIED_,0,_NOT_SPECIFIED_,1
ROLE_EF_START_BP_COST_UP_2,StartBPCostUp,特殊効果：BPコスト+2,_NOT_SPECIFIED_,0,_NOT_SPECIFIED_,2
ROLE_EF_START_BP_COST_UP_3,StartBPCostUp,特殊効果：BPコスト+3,_NOT_SPECIFIED_,0,_NOT_SPECIFIED_,3
ROLE_EF_START_BP_COST_DOWN_1,StartBPCostUp,特殊効果：BPコスト-1,_NOT_SPECIFIED_,0,_NOT_SPECIFIED_,-1
ROLE_EF_START_BP_COST_DOWN_2,StartBPCostUp,特殊効果：BPコスト-2,_NOT_SPECIFIED_,0,_NOT_SPECIFIED_,-2
ROLE_EF_START_BP_COST_DOWN_3,StartBPCostUp,特殊効果：BPコスト-3,_NOT_SPECIFIED_,0,_NOT_SPECIFIED_,-3
ROLE_EF_BP_TURN1,BPCostDownTurn,BPコスト-1,_NOT_SPECIFIED_,0,_NOT_SPECIFIED_,1
ROLE_EF_BP_TURN2,BPCostDownTurn,2ターン目以降BPコスト-1,_NOT_SPECIFIED_,0,_NOT_SPECIFIED_,2
ROLE_EF_BP_TURN3,BPCostDownTurn,3ターン目以降BPコスト-1,_NOT_SPECIFIED_,0,_NOT_SPECIFIED_,3
ROLE_EF_BP_TURN4,BPCostDownTurn,4ターン目以降BPコスト-1,_NOT_SPECIFIED_,0,_NOT_SPECIFIED_,4
ROLE_EF_BP_TURN5,BPCostDownTurn,5ターン目以降BPコスト-1,_NOT_SPECIFIED_,0,_NOT_SPECIFIED_,5
ROLE_EF_BP_TURN6,BPCostDownTurn,6ターン目以降BPコスト-1,_NOT_SPECIFIED_,0,_NOT_SPECIFIED_,6
ROLE_WEF_BP_TURN1,BPCostDownTurn,BPコスト-1,_NOT_SPECIFIED_,1,_NOT_SPECIFIED_,1
ROLE_WEF_BP_TURN2,BPCostDownTurn,2ターン目以降BPコスト-1,_NOT_SPECIFIED_,1,_NOT_SPECIFIED_,2
ROLE_WEF_BP_TURN3,BPCostDownTurn,3ターン目以降BPコスト-1,_NOT_SPECIFIED_,1,_NOT_SPECIFIED_,3
ROLE_WEF_BP_TURN4,BPCostDownTurn,4ターン目以降BPコスト-1,_NOT_SPECIFIED_,1,_NOT_SPECIFIED_,4
ROLE_WEF_BP_TURN5,BPCostDownTurn,5ターン目以降BPコスト-1,_NOT_SPECIFIED_,1,_NOT_SPECIFIED_,5
ROLE_EF_BP_HP1,BPCostDownHPRate,HP瀕死時BPコスト-1,_NOT_SPECIFIED_,0,_NOT_SPECIFIED_,25
ROLE_EF_BP_HP2,BPCostDownHPRate,HP半減時BPコスト-1,_NOT_SPECIFIED_,0,_NOT_SPECIFIED_,50
ROLE_EF_BP_HP3,BPCostDownHPRate,HP減少時BPコスト-1,_NOT_SPECIFIED_,0,_NOT_SPECIFIED_,100
ROLE_WEF_BP_HP1,BPCostDownHPRate,HP瀕死時BPコスト-1,_NOT_SPECIFIED_,1,_NOT_SPECIFIED_,25
ROLE_WEF_BP_HP2,BPCostDownHPRate,HP半減時BPコスト-1,_NOT_SPECIFIED_,1,_NOT_SPECIFIED_,50
ROLE_WEF_BP_HP3,BPCostDownHPRate,HP減少時BPコスト-1,_NOT_SPECIFIED_,1,_NOT_SPECIFIED_,100
ROLE_EF_ONEHANDEDSWORDARTS_BP_COST_DOWN_1,OneHandedSwordArtsBP,片手剣技BPコスト-1,_NOT_SPECIFIED_,0,_NOT_SPECIFIED_,-1
ROLE_EF_TWOHANDEDSWORDARTS_BP_COST_DOWN_1,TwoHandedSwordArtsBP,両手剣技BPコスト-1,_NOT_SPECIFIED_,0,_NOT_SPECIFIED_,-1
ROLE_EF_ONEHANDEDGUNARTS_BP_COST_DOWN_1,OneHandedGunArtsBP,片手火器技BPコスト-1,_NOT_SPECIFIED_,0,_NOT_SPECIFIED_,-1
ROLE_EF_TWOHANDEDGUNARTS_BP_COST_DOWN_1,TwoHandedGunArtsBP,両手火器技BPコスト-1,_NOT_SPECIFIED_,0,_NOT_SPECIFIED_,-1
ROLE_EF_MARTIALARTS_BP_COST_DOWN_1,MartialArtsBP,体術技BPコスト-1,_NOT_SPECIFIED_,0,_NOT_SPECIFIED_,-1
ROLE_EF_MECHAMELEEARTS_BP_COST_DOWN_1,MechaMeleeArtsBP,近接メカ技BPコスト-1,_NOT_SPECIFIED_,0,_NOT_SPECIFIED_,-1
ROLE_EF_MECHASHOOTARTS_BP_COST_DOWN_1,MechaShootArtsBP,射撃メカ技BPコスト-1,_NOT_SPECIFIED_,0,_NOT_SPECIFIED_,-1
ROLE_EF_MECHASUPPORTARTS_BP_COST_DOWN_1,MechaSupportArtsBP,補助メカ技BPコスト-1,_NOT_SPECIFIED_,0,_NOT_SPECIFIED_,-1
ROLE_EF_MONSTERARTS_BP_COST_DOWN_1,MonsterArtsBP,モンスター技BPコスト-1,_NOT_SPECIFIED_,0,_NOT_SPECIFIED_,-1
ROLE_EF_INHERITARTS_BP_COST_DOWN_1,InheritArtsBP,継承技BPコスト-1,_NOT_SPECIFIED_,0,_NOT_SPECIFIED_,-1
ROLE_EF_SOULARTS_BP_COST_DOWN_1,SoulArtsBP,ソウル技BPコスト-1,_NOT_SPECIFIED_,0,_NOT_SPECIFIED_,-1
ROLE_EF_MAGICARTS_BP_COST_DOWN_1,MagicArtsBP,術BPコスト-1,_NOT_SPECIFIED_,0,_NOT_SPECIFIED_,-1
ROLE_EF_FSPE_UP_1,StartQuickness,初期行動順アップ小,_NOT_SPECIFIED_,0,_NOT_SPECIFIED_,8
ROLE_EF_FSPE_UP_2,StartQuickness,初期行動順アップ,_NOT_SPECIFIED_,0,_NOT_SPECIFIED_,16
ROLE_EF_FSPE_UP_3,StartQuickness,初期行動順アップ大,_NOT_SPECIFIED_,0,_NOT_SPECIFIED_,24
ROLE_EF_FSPE_UP_4,StartQuickness,初期行動順アップ特大,_NOT_SPECIFIED_,0,_NOT_SPECIFIED_,32
ROLE_EF_FSPE_DOWN_1,StartQuickness,初期行動順ダウン小,_NOT_SPECIFIED_,0,_NOT_SPECIFIED_,-8
ROLE_EF_FSPE_DOWN_2,StartQuickness,初期行動順ダウン,_NOT_SPECIFIED_,0,_NOT_SPECIFIED_,-16
ROLE_EF_FSPE_DOWN_3,StartQuickness,初期行動順ダウン大,_NOT_SPECIFIED_,0,_NOT_SPECIFIED_,-24
ROLE_EF_FSPE_DOWN_4,StartQuickness,初期行動順ダウン特大,_NOT_SPECIFIED_,0,_NOT_SPECIFIED_,-32
ROLE_EF_QUICKNESS_UP_1,Quickness,行動順アップ小,_NOT_SPECIFIED_,0,_NOT_SPECIFIED_,8
ROLE_EF_QUICKNESS_UP_2,Quickness,行動順アップ,_NOT_SPECIFIED_,0,_NOT_SPECIFIED_,16
ROLE_EF_QUICKNESS_UP_3,Quickness,行動順アップ大,_NOT_SPECIFIED_,0,_NOT_SPECIFIED_,24
ROLE_EF_QUICKNESS_UP_4,Quickness,行動順アップ特大,_NOT_SPECIFIED_,0,_NOT_SPECIFIED_,32
ROLE_EF_QUICKNESS_DOWN_1,Quickness,行動順ダウン小,_NOT_SPECIFIED_,0,_NOT_SPECIFIED_,-8
ROLE_EF_QUICKNESS_DOWN_2,Quickness,行動順ダウン,_NOT_SPECIFIED_,0,_NOT_SPECIFIED_,-16
ROLE_EF_QUICKNESS_DOWN_3,Quickness,行動順ダウン大,_NOT_SPECIFIED_,0,_NOT_SPECIFIED_,-24
ROLE_EF_QUICKNESS_DOWN_4,Quickness,行動順ダウン特大,_NOT_SPECIFIED_,0,_NOT_SPECIFIED_,-32
ROLE_EF_HAT_UP_1,BeTargetedEffect,狙われやすさアップ小,_NOT_SPECIFIED_,0,_NOT_SPECIFIED_,20
ROLE_EF_HAT_UP_2,BeTargetedEffect,狙われやすさアップ,_NOT_SPECIFIED_,0,_NOT_SPECIFIED_,40
ROLE_EF_HAT_UP_3,BeTargetedEffect,狙われやすさアップ大,_NOT_SPECIFIED_,0,_NOT_SPECIFIED_,80
ROLE_EF_HAT_UP_4,BeTargetedEffect,狙われやすさアップ特大,_NOT_SPECIFIED_,0,_NOT_SPECIFIED_,800
ROLE_EF_HAT_DOWN_1,BeTargetedEffect,狙われやすさダウン小,_NOT_SPECIFIED_,0,_NOT_SPECIFIED_,-20
ROLE_EF_HAT_DOWN_2,BeTargetedEffect,狙われやすさダウン,_NOT_SPECIFIED_,0,_NOT_SPECIFIED_,-40
ROLE_EF_HAT_DOWN_3,BeTargetedEffect,狙われやすさダウン大,_NOT_SPECIFIED_,0,_NOT_SPECIFIED_,-80
ROLE_EF_HAT_DOWN_4,BeTargetedEffect,狙われやすさダウン特大,_NOT_SPECIFIED_,0,_NOT_SPECIFIED_,-800
ROLE_EF_HAT_CAST_UP_1,BeTargetedByCast,詠唱中狙われやすさアップ小,_NOT_SPECIFIED_,0,_NOT_SPECIFIED_,20
ROLE_EF_HAT_CAST_UP_2,BeTargetedByCast,詠唱中狙われやすさアップ,_NOT_SPECIFIED_,0,_NOT_SPECIFIED_,40
ROLE_EF_HAT_CAST_UP_3,BeTargetedByCast,詠唱中狙われやすさアップ大,_NOT_SPECIFIED_,0,_NOT_SPECIFIED_,80
ROLE_EF_HAT_CAST_UP_4,BeTargetedByCast,詠唱中狙われやすさアップ特大,_NOT_SPECIFIED_,0,_NOT_SPECIFIED_,800
ROLE_EF_HAT_CAST_DOWN_1,BeTargetedByCast,詠唱中狙われやすさダウン小,_NOT_SPECIFIED_,0,_NOT_SPECIFIED_,-20
ROLE_EF_HAT_CAST_DOWN_2,BeTargetedByCast,詠唱中狙われやすさダウン,_NOT_SPECIFIED_,0,_NOT_SPECIFIED_,-40
ROLE_EF_HAT_CAST_DOWN_3,BeTargetedByCast,詠唱中狙われやすさダウン大,_NOT_SPECIFIED_,0,_NOT_SPECIFIED_,-80
ROLE_EF_HAT_CAST_DOWN_4,BeTargetedByCast,詠唱中狙われやすさダウン特大,_NOT_SPECIFIED_,0,_NOT_SPECIFIED_,-800
ROLE_EF_HAT_SLASH_UP_1,BeTargetedSlash,斬狙われやすさアップ小,_NOT_SPECIFIED_,0,_NOT_SPECIFIED_,20
ROLE_EF_HAT_SLASH_UP_2,BeTargetedSlash,斬狙われやすさアップ,_NOT_SPECIFIED_,0,_NOT_SPECIFIED_,40
ROLE_EF_HAT_SLASH_UP_3,BeTargetedSlash,斬狙われやすさアップ大,_NOT_SPECIFIED_,0,_NOT_SPECIFIED_,80
ROLE_EF_HAT_STAB_UP_1,BeTargetedStab,突狙われやすさアップ小,_NOT_SPECIFIED_,0,_NOT_SPECIFIED_,20
ROLE_EF_HAT_STAB_UP_2,BeTargetedStab,突狙われやすさアップ,_NOT_SPECIFIED_,0,_NOT_SPECIFIED_,40
ROLE_EF_HAT_STAB_UP_3,BeTargetedStab,突狙われやすさアップ大,_NOT_SPECIFIED_,0,_NOT_SPECIFIED_,80
ROLE_EF_HAT_STRIKE_UP_1,BeTargetedStrike,打狙われやすさアップ小,_NOT_SPECIFIED_,0,_NOT_SPECIFIED_,20
ROLE_EF_HAT_STRIKE_UP_2,BeTargetedStrike,打狙われやすさアップ,_NOT_SPECIFIED_,0,_NOT_SPECIFIED_,40
ROLE_EF_HAT_STRIKE_UP_3,BeTargetedStrike,打狙われやすさアップ大,_NOT_SPECIFIED_,0,_NOT_SPECIFIED_,80
ROLE_EF_HAT_HOT_UP_1,BeTargetedFire,熱狙われやすさアップ小,_NOT_SPECIFIED_,0,_NOT_SPECIFIED_,20
ROLE_EF_HAT_HOT_UP_2,BeTargetedFire,熱狙われやすさアップ,_NOT_SPECIFIED_,0,_NOT_SPECIFIED_,40
ROLE_EF_HAT_HOT_UP_3,BeTargetedFire,熱狙われやすさアップ大,_NOT_SPECIFIED_,0,_NOT_SPECIFIED_,80
ROLE_EF_HAT_ICE_UP_1,BeTargetedIce,冷狙われやすさアップ小,_NOT_SPECIFIED_,0,_NOT_SPECIFIED_,20
ROLE_EF_HAT_ICE_UP_2,BeTargetedIce,冷狙われやすさアップ,_NOT_SPECIFIED_,0,_NOT_SPECIFIED_,40
ROLE_EF_HAT_ICE_UP_3,BeTargetedIce,冷狙われやすさアップ大,_NOT_SPECIFIED_,0,_NOT_SPECIFIED_,80
ROLE_EF_HAT_LIGHTNING_UP_1,BeTargetedLightning,雷狙われやすさアップ小,_NOT_SPECIFIED_,0,_NOT_SPECIFIED_,20
ROLE_EF_HAT_LIGHTNING_UP_2,BeTargetedLightning,雷狙われやすさアップ,_NOT_SPECIFIED_,0,_NOT_SPECIFIED_,40
ROLE_EF_HAT_LIGHTNING_UP_3,BeTargetedLightning,雷狙われやすさアップ大,_NOT_SPECIFIED_,0,_NOT_SPECIFIED_,80
ROLE_EF_ATKHATE_DOWN_1,AttackHate,ヘイトダウン小,_NOT_SPECIFIED_,0,_NOT_SPECIFIED_,-20
ROLE_EF_ATKHATE_DOWN_2,AttackHate,ヘイトダウン,_NOT_SPECIFIED_,0,_NOT_SPECIFIED_,-40
ROLE_EF_ATKHATE_DOWN_3,AttackHate,ヘイトダウン大,_NOT_SPECIFIED_,0,_NOT_SPECIFIED_,-60
ROLE_EF_ATKHATE_UP_1,AttackHate,ヘイトアップ小,_NOT_SPECIFIED_,0,_NOT_SPECIFIED_,20
ROLE_EF_ATKHATE_UP_2,AttackHate,ヘイトアップ,_NOT_SPECIFIED_,0,_NOT_SPECIFIED_,40
ROLE_EF_ATKHATE_UP_3,AttackHate,ヘイトアップ大,_NOT_SPECIFIED_,0,_NOT_SPECIFIED_,60
ROLE_WEF_ATKHATE_UP_1,AttackHate,ヘイトアップ小,_NOT_SPECIFIED_,1,_NOT_SPECIFIED_,20
ROLE_WEF_ATKHATE_UP_2,AttackHate,ヘイトアップ,_NOT_SPECIFIED_,1,_NOT_SPECIFIED_,40
ROLE_WEF_ATKHATE_UP_3,AttackHate,ヘイトアップ大,_NOT_SPECIFIED_,1,_NOT_SPECIFIED_,60
ROLE_EF_BUM_UP_1,Bump,バンプ+1,_NOT_SPECIFIED_,0,_NOT_SPECIFIED_,1
ROLE_EF_BUM_UP_2,Bump,バンプ+2,_NOT_SPECIFIED_,0,_NOT_SPECIFIED_,2
ROLE_EF_GUA_UP_001,GuardRate,ガード率+1%,_NOT_SPECIFIED_,0,_NOT_SPECIFIED_,1
ROLE_EF_GUA_UP_002,GuardRate,ガード率+2%,_NOT_SPECIFIED_,0,_NOT_SPECIFIED_,2
ROLE_EF_GUA_UP_003,GuardRate,ガード率+3%,_NOT_SPECIFIED_,0,_NOT_SPECIFIED_,3
ROLE_EF_GUA_UP_004,GuardRate,ガード率+4%,_NOT_SPECIFIED_,0,_NOT_SPECIFIED_,4
ROLE_EF_GUA_UP_005,GuardRate,ガード率+5%,_NOT_SPECIFIED_,0,_NOT_SPECIFIED_,5
ROLE_EF_GUA_UP_006,GuardRate,ガード率+6%,_NOT_SPECIFIED_,0,_NOT_SPECIFIED_,6
ROLE_EF_GUA_UP_007,GuardRate,ガード率+7%,_NOT_SPECIFIED_,0,_NOT_SPECIFIED_,7
ROLE_EF_GUA_UP_008,GuardRate,ガード率+8%,_NOT_SPECIFIED_,0,_NOT_SPECIFIED_,8
ROLE_EF_GUA_UP_009,GuardRate,ガード率+9%,_NOT_SPECIFIED_,0,_NOT_SPECIFIED_,9
ROLE_EF_GUA_UP_010,GuardRate,ガード率+10%,_NOT_SPECIFIED_,0,_NOT_SPECIFIED_,10
ROLE_EF_GUA_UP_011,GuardRate,ガード率+11%,_NOT_SPECIFIED_,0,_NOT_SPECIFIED_,11
ROLE_EF_GUA_UP_012,GuardRate,ガード率+12%,_NOT_SPECIFIED_,0,_NOT_SPECIFIED_,12
ROLE_EF_GUA_UP_013,GuardRate,ガード率+13%,_NOT_SPECIFIED_,0,_NOT_SPECIFIED_,13
ROLE_EF_GUA_UP_014,GuardRate,ガード率+14%,_NOT_SPECIFIED_,0,_NOT_SPECIFIED_,14
ROLE_EF_GUA_UP_015,GuardRate,ガード率+15%,_NOT_SPECIFIED_,0,_NOT_SPECIFIED_,15
ROLE_EF_DODGE_UP_001,DodgeRate,回避率+1%,_NOT_SPECIFIED_,0,_NOT_SPECIFIED_,1
ROLE_EF_DODGE_UP_002,DodgeRate,回避率+2%,_NOT_SPECIFIED_,0,_NOT_SPECIFIED_,2
ROLE_EF_DODGE_UP_003,DodgeRate,回避率+3%,_NOT_SPECIFIED_,0,_NOT_SPECIFIED_,3
ROLE_EF_DODGE_UP_004,DodgeRate,回避率+4%,_NOT_SPECIFIED_,0,_NOT_SPECIFIED_,4
ROLE_EF_DODGE_UP_005,DodgeRate,回避率+5%,_NOT_SPECIFIED_,0,_NOT_SPECIFIED_,5
ROLE_EF_DODGE_UP_006,DodgeRate,回避率+6%,_NOT_SPECIFIED_,0,_NOT_SPECIFIED_,6
ROLE_EF_DODGE_UP_007,DodgeRate,回避率+7%,_NOT_SPECIFIED_,0,_NOT_SPECIFIED_,7
ROLE_EF_DODGE_UP_008,DodgeRate,回避率+8%,_NOT_SPECIFIED_,0,_NOT_SPECIFIED_,8
ROLE_EF_DODGE_UP_009,DodgeRate,回避率+9%,_NOT_SPECIFIED_,0,_NOT_SPECIFIED_,9
ROLE_EF_DODGE_UP_010,DodgeRate,回避率+10%,_NOT_SPECIFIED_,0,_NOT_SPECIFIED_,10
ROLE_EF_DODGE_UP_011,DodgeRate,回避率+11%,_NOT_SPECIFIED_,0,_NOT_SPECIFIED_,11
ROLE_EF_DODGE_UP_012,DodgeRate,回避率+12%,_NOT_SPECIFIED_,0,_NOT_SPECIFIED_,12
ROLE_EF_DODGE_UP_013,DodgeRate,回避率+13%,_NOT_SPECIFIED_,0,_NOT_SPECIFIED_,13
ROLE_EF_DODGE_UP_014,DodgeRate,回避率+14%,_NOT_SPECIFIED_,0,_NOT_SPECIFIED_,14
ROLE_EF_DODGE_UP_015,DodgeRate,回避率+15%,_NOT_SPECIFIED_,0,_NOT_SPECIFIED_,15
ROLE_EF_GUA_DOWN_001,TargetGuardRate,攻撃対象のガード率-1%,_NOT_SPECIFIED_,0,_NOT_SPECIFIED_,-1
ROLE_EF_GUA_DOWN_002,TargetGuardRate,攻撃対象のガード率-2%,_NOT_SPECIFIED_,0,_NOT_SPECIFIED_,-2
ROLE_EF_GUA_DOWN_003,TargetGuardRate,攻撃対象のガード率-3%,_NOT_SPECIFIED_,0,_NOT_SPECIFIED_,-3
ROLE_EF_GUA_DOWN_004,TargetGuardRate,攻撃対象のガード率-4%,_NOT_SPECIFIED_,0,_NOT_SPECIFIED_,-4
ROLE_EF_GUA_DOWN_005,TargetGuardRate,攻撃対象のガード率-5%,_NOT_SPECIFIED_,0,_NOT_SPECIFIED_,-5
ROLE_EF_GUA_DOWN_006,TargetGuardRate,攻撃対象のガード率-6%,_NOT_SPECIFIED_,0,_NOT_SPECIFIED_,-6
ROLE_EF_GUA_DOWN_007,TargetGuardRate,攻撃対象のガード率-7%,_NOT_SPECIFIED_,0,_NOT_SPECIFIED_,-7
ROLE_EF_GUA_DOWN_008,TargetGuardRate,攻撃対象のガード率-8%,_NOT_SPECIFIED_,0,_NOT_SPECIFIED_,-8
ROLE_EF_GUA_DOWN_009,TargetGuardRate,攻撃対象のガード率-9%,_NOT_SPECIFIED_,0,_NOT_SPECIFIED_,-9
ROLE_EF_GUA_DOWN_010,TargetGuardRate,攻撃対象のガード率-10%,_NOT_SPECIFIED_,0,_NOT_SPECIFIED_,-10
ROLE_EF_GUA_DOWN_011,TargetGuardRate,攻撃対象のガード率-11%,_NOT_SPECIFIED_,0,_NOT_SPECIFIED_,-11
ROLE_EF_GUA_DOWN_012,TargetGuardRate,攻撃対象のガード率-12%,_NOT_SPECIFIED_,0,_NOT_SPECIFIED_,-12
ROLE_EF_GUA_DOWN_013,TargetGuardRate,攻撃対象のガード率-13%,_NOT_SPECIFIED_,0,_NOT_SPECIFIED_,-13
ROLE_EF_GUA_DOWN_014,TargetGuardRate,攻撃対象のガード率-14%,_NOT_SPECIFIED_,0,_NOT_SPECIFIED_,-14
ROLE_EF_GUA_DOWN_015,TargetGuardRate,攻撃対象のガード率-15%,_NOT_SPECIFIED_,0,_NOT_SPECIFIED_,-15
ROLE_EF_GUA_DOWN_020,TargetGuardRate,攻撃対象のガード率-20%,_NOT_SPECIFIED_,0,_NOT_SPECIFIED_,-20
ROLE_EF_GUA_DOWN_025,TargetGuardRate,攻撃対象のガード率-25%,_NOT_SPECIFIED_,0,_NOT_SPECIFIED_,-25
ROLE_EF_GUA_DOWN_030,TargetGuardRate,攻撃対象のガード率-30%,_NOT_SPECIFIED_,0,_NOT_SPECIFIED_,-30
ROLE_WEF_GUA_DOWN_030,TargetGuardRate,攻撃対象のガード率-30%,_NOT_SPECIFIED_,1,_NOT_SPECIFIED_,-30
ROLE_WEF_GUA_DOWN_040,TargetGuardRate,攻撃対象のガード率-40%,_NOT_SPECIFIED_,1,_NOT_SPECIFIED_,-40
ROLE_WEF_GUA_DOWN_050,TargetGuardRate,攻撃対象のガード率-50%,_NOT_SPECIFIED_,1,_NOT_SPECIFIED_,-50
ROLE_EF_DEFBONUS_005,DefenseBonus,防御耐性+5％,_NOT_SPECIFIED_,0,_NOT_SPECIFIED_,5
ROLE_EF_DEFBONUS_010,DefenseBonus,防御耐性+10％,_NOT_SPECIFIED_,0,_NOT_SPECIFIED_,10
ROLE_EF_DEFBONUS_020,DefenseBonus,防御耐性+20％,_NOT_SPECIFIED_,0,_NOT_SPECIFIED_,20
ROLE_EF_DEFBONUS_030,DefenseBonus,防御耐性+30％,_NOT_SPECIFIED_,0,_NOT_SPECIFIED_,30
ROLE_WEF_DEFBONUS_005,DefenseBonus,防御耐性+5％,_NOT_SPECIFIED_,1,_NOT_SPECIFIED_,5
ROLE_WEF_DEFBONUS_010,DefenseBonus,防御耐性+10％,_NOT_SPECIFIED_,1,_NOT_SPECIFIED_,10
ROLE_WEF_DEFBONUS_020,DefenseBonus,防御耐性+20％,_NOT_SPECIFIED_,1,_NOT_SPECIFIED_,20
ROLE_WEF_DEFBONUS_030,DefenseBonus,防御耐性+30％,_NOT_SPECIFIED_,1,_NOT_SPECIFIED_,30
ROLE_EF_WSW,TwoSwordStyle,二刀技を装備可能,OHS_WLTSW_A01,0,_NOT_SPECIFIED_,0
ROLE_EF_WGU,DualWield,二丁拳銃技を装備可能,OHG_GLTWO_A01,0,_NOT_SPECIFIED_,0
ROLE_EF_SAG,GunAndSword,剣×銃技を装備可能,OHG_SG000_B01,0,_NOT_SPECIFIED_,0
ROLE_EF_PUP,PuppetUser,クグツのソウル付け替え可能,_NOT_SPECIFIED_,0,_NOT_SPECIFIED_,0
ROLE_EF_START_SPD_UP_1,StartSpeed,バフ効果：すばやさ+10%,_NOT_SPECIFIED_,0,_NOT_SPECIFIED_,8
ROLE_EF_START_SPD_UP_2,StartSpeed,バフ効果：すばやさ+20%,_NOT_SPECIFIED_,0,_NOT_SPECIFIED_,16
ROLE_EF_START_SPD_UP_3,StartSpeed,バフ効果：すばやさ+30%,_NOT_SPECIFIED_,0,_NOT_SPECIFIED_,24
ROLE_EF_START_SPD_DOWN_1,StartSpeed,バフ効果：すばやさ-10%,_NOT_SPECIFIED_,0,_NOT_SPECIFIED_,-8
ROLE_EF_START_SPD_DOWN_2,StartSpeed,バフ効果：すばやさ-20%,_NOT_SPECIFIED_,0,_NOT_SPECIFIED_,-16
ROLE_EF_START_SPD_DOWN_3,StartSpeed,バフ効果：すばやさ-30%,_NOT_SPECIFIED_,0,_NOT_SPECIFIED_,-24
ROLE_EF_START_ATK_UP_1,StartAttack,バフ効果：攻撃力+10%,_NOT_SPECIFIED_,0,_NOT_SPECIFIED_,10
ROLE_EF_START_ATK_UP_2,StartAttack,バフ効果：攻撃力+20%,_NOT_SPECIFIED_,0,_NOT_SPECIFIED_,20
ROLE_EF_START_ATK_UP_3,StartAttack,バフ効果：攻撃力+30%,_NOT_SPECIFIED_,0,_NOT_SPECIFIED_,30
ROLE_EF_START_ATK_DOWN_1,StartAttack,バフ効果：攻撃力-10%,_NOT_SPECIFIED_,0,_NOT_SPECIFIED_,-10
ROLE_EF_START_ATK_DOWN_2,StartAttack,バフ効果：攻撃力-20%,_NOT_SPECIFIED_,0,_NOT_SPECIFIED_,-20
ROLE_EF_START_ATK_DOWN_3,StartAttack,バフ効果：攻撃力-30%,_NOT_SPECIFIED_,0,_NOT_SPECIFIED_,-30
ROLE_EF_START_DEF_UP_1,StartDefense,バフ効果：防御力+10%,_NOT_SPECIFIED_,0,_NOT_SPECIFIED_,10
ROLE_EF_START_DEF_UP_2,StartDefense,バフ効果：防御力+20%,_NOT_SPECIFIED_,0,_NOT_SPECIFIED_,20
ROLE_EF_START_DEF_UP_3,StartDefense,バフ効果：防御力+30%,_NOT_SPECIFIED_,0,_NOT_SPECIFIED_,30
ROLE_EF_START_DEF_DOWN_1,StartDefense,バフ効果：防御力-10%,_NOT_SPECIFIED_,0,_NOT_SPECIFIED_,-10
ROLE_EF_START_DEF_DOWN_2,StartDefense,バフ効果：防御力-20%,_NOT_SPECIFIED_,0,_NOT_SPECIFIED_,-20
ROLE_EF_START_DEF_DOWN_3,StartDefense,バフ効果：防御力-30%,_NOT_SPECIFIED_,0,_NOT_SPECIFIED_,-30
ROLE_EF_START_MAG_UP_1,StartMagic,バフ効果：術力+10%,_NOT_SPECIFIED_,0,_NOT_SPECIFIED_,10
ROLE_EF_START_MAG_UP_2,StartMagic,バフ効果：術力+20%,_NOT_SPECIFIED_,0,_NOT_SPECIFIED_,20
ROLE_EF_START_MAG_UP_3,StartMagic,バフ効果：術力+30%,_NOT_SPECIFIED_,0,_NOT_SPECIFIED_,30
ROLE_EF_START_MAG_DOWN_1,StartMagic,バフ効果：術力-10%,_NOT_SPECIFIED_,0,_NOT_SPECIFIED_,-10
ROLE_EF_START_MAG_DOWN_2,StartMagic,バフ効果：術力-20%,_NOT_SPECIFIED_,0,_NOT_SPECIFIED_,-20
ROLE_EF_START_MAG_DOWN_3,StartMagic,バフ効果：術力-30%,_NOT_SPECIFIED_,0,_NOT_SPECIFIED_,-30
ROLE_EF_EXTEND_OA_001,ExtendOverAttackArea,連携範囲+1,_NOT_SPECIFIED_,0,_NOT_SPECIFIED_,1
ROLE_EF_EXTEND_OA_002,ExtendOverAttackArea,連携範囲+2,_NOT_SPECIFIED_,0,_NOT_SPECIFIED_,2
ROLE_EF_ARTSSPEED_UP_1,ArtsSpeed,技行動順+1,_NOT_SPECIFIED_,0,_NOT_SPECIFIED_,1
ROLE_EF_ARTSSPEED_UP_2,ArtsSpeed,技行動順+2,_NOT_SPECIFIED_,0,_NOT_SPECIFIED_,2
ROLE_WEF_ARTSSPEED_UP_1,ArtsSpeed,技行動順+1,_NOT_SPECIFIED_,1,_NOT_SPECIFIED_,1
ROLE_WEF_ARTSSPEED_UP_2,ArtsSpeed,技行動順+2,_NOT_SPECIFIED_,1,_NOT_SPECIFIED_,2
ROLE_EF_ARTSSPEED_DOWN_1,ArtsSpeed,技行動順-1,_NOT_SPECIFIED_,0,_NOT_SPECIFIED_,-1
ROLE_EF_ARTSSPEED_DOWN_2,ArtsSpeed,技行動順-2,_NOT_SPECIFIED_,0,_NOT_SPECIFIED_,-2
ROLE_WEF_ARTSSPEED_DOWN_1,ArtsSpeed,技行動順-1,_NOT_SPECIFIED_,1,_NOT_SPECIFIED_,-1
ROLE_WEF_ARTSSPEED_DOWN_2,ArtsSpeed,技行動順-2,_NOT_SPECIFIED_,1,_NOT_SPECIFIED_,-2
ROLE_EF_MAGSPEED_UP_1,MagicSpeed,術&詠唱中の行動順+1,_NOT_SPECIFIED_,0,_NOT_SPECIFIED_,1
ROLE_EF_MAGSPEED_UP_3,MagicSpeed,術&詠唱中の行動順+3,_NOT_SPECIFIED_,0,_NOT_SPECIFIED_,3
ROLE_EF_MAGSPEED_UP_6,MagicSpeed,術&詠唱中の行動順+6,_NOT_SPECIFIED_,0,_NOT_SPECIFIED_,6
ROLE_EF_MAGSPEED_UP_9,MagicSpeed,術&詠唱中の行動順+9,_NOT_SPECIFIED_,0,_NOT_SPECIFIED_,12
ROLE_EF_MAGSPEED_UP_12,MagicSpeed,術&詠唱中の行動順+12,_NOT_SPECIFIED_,0,_NOT_SPECIFIED_,9
ROLE_EF_MAGSPEED_DOWN_1,MagicSpeed,術&詠唱中の行動順-1,_NOT_SPECIFIED_,0,_NOT_SPECIFIED_,-1
ROLE_EF_MAGSPEED_DOWN_3,MagicSpeed,術&詠唱中の行動順-3,_NOT_SPECIFIED_,0,_NOT_SPECIFIED_,-3
ROLE_EF_MAGSPEED_DOWN_6,MagicSpeed,術&詠唱中の行動順-6,_NOT_SPECIFIED_,0,_NOT_SPECIFIED_,-6
ROLE_EF_MAGSPEED_DOWN_9,MagicSpeed,術&詠唱中の行動順-9,_NOT_SPECIFIED_,0,_NOT_SPECIFIED_,-9
ROLE_EF_MAGSPEED_DOWN_12,MagicSpeed,術&詠唱中の行動順-12,_NOT_SPECIFIED_,0,_NOT_SPECIFIED_,-12
ROLE_EF_OVERATTACKRATE_UP_001,OverAttackRate,連携率+1%,_NOT_SPECIFIED_,0,_NOT_SPECIFIED_,1
ROLE_EF_OVERATTACKRATE_UP_002,OverAttackRate,連携率+2%,_NOT_SPECIFIED_,0,_NOT_SPECIFIED_,2
ROLE_EF_OVERATTACKRATE_UP_003,OverAttackRate,連携率+3%,_NOT_SPECIFIED_,0,_NOT_SPECIFIED_,3
ROLE_EF_OVERATTACKRATE_UP_004,OverAttackRate,連携率+4%,_NOT_SPECIFIED_,0,_NOT_SPECIFIED_,4
ROLE_EF_OVERATTACKRATE_UP_005,OverAttackRate,連携率+5%,_NOT_SPECIFIED_,0,_NOT_SPECIFIED_,5
ROLE_WEF_OVERATTACKRATE_UP_001,OverAttackRate,連携率+1%,_NOT_SPECIFIED_,1,_NOT_SPECIFIED_,1
ROLE_WEF_OVERATTACKRATE_UP_002,OverAttackRate,連携率+2%,_NOT_SPECIFIED_,1,_NOT_SPECIFIED_,2
ROLE_WEF_OVERATTACKRATE_UP_003,OverAttackRate,連携率+3%,_NOT_SPECIFIED_,1,_NOT_SPECIFIED_,3
ROLE_WEF_OVERATTACKRATE_UP_004,OverAttackRate,連携率+4%,_NOT_SPECIFIED_,1,_NOT_SPECIFIED_,4
ROLE_WEF_OVERATTACKRATE_UP_005,OverAttackRate,連携率+5%,_NOT_SPECIFIED_,1,_NOT_SPECIFIED_,5
ROLE_WEF_OVERATTACKRATE_UP_010,OverAttackRate,連携率+10%,_NOT_SPECIFIED_,1,_NOT_SPECIFIED_,10
ROLE_WEF_OVERATTACKRATE_UP_015,OverAttackRate,連携率+15%,_NOT_SPECIFIED_,1,_NOT_SPECIFIED_,15
ROLE_WEF_OVERATTACKRATE_UP_020,OverAttackRate,連携率+20%,_NOT_SPECIFIED_,1,_NOT_SPECIFIED_,20
ROLE_WEF_OVERATTACKRATE_UP_030,OverAttackRate,連携率+30%,_NOT_SPECIFIED_,1,_NOT_SPECIFIED_,30
ROLE_EF_OVERATTACKRATE_DOWN_001,OverAttackRate,連携率-1%,_NOT_SPECIFIED_,0,_NOT_SPECIFIED_,-1
ROLE_EF_OVERATTACKRATE_DOWN_002,OverAttackRate,連携率-2%,_NOT_SPECIFIED_,0,_NOT_SPECIFIED_,-2
ROLE_EF_OVERATTACKRATE_DOWN_003,OverAttackRate,連携率-3%,_NOT_SPECIFIED_,0,_NOT_SPECIFIED_,-3
ROLE_EF_OVERATTACKRATE_DOWN_004,OverAttackRate,連携率-4%,_NOT_SPECIFIED_,0,_NOT_SPECIFIED_,-4
ROLE_EF_OVERATTACKRATE_DOWN_005,OverAttackRate,連携率-5%,_NOT_SPECIFIED_,0,_NOT_SPECIFIED_,-5
ROLE_EF_OVERATTACKRATE_UP_1,OverAttackRate,連携率+2%,_NOT_SPECIFIED_,0,_NOT_SPECIFIED_,2
ROLE_EF_OVERATTACKRATE_UP_2,OverAttackRate,連携率+5%,_NOT_SPECIFIED_,1,_NOT_SPECIFIED_,5
ROLE_EF_OA_RATETURN_UP_001,OverAttackRateTurn,ターン経過ごとに始動時連携率+1%,_NOT_SPECIFIED_,0,_NOT_SPECIFIED_,1
ROLE_EF_OA_RATETURN_UP_002,OverAttackRateTurn,ターン経過ごとに始動時連携率+2%,_NOT_SPECIFIED_,0,_NOT_SPECIFIED_,2
ROLE_WEF_OA_RATETURN_UP_001,OverAttackRateTurn,ターン経過ごとに始動時連携率+1%,_NOT_SPECIFIED_,1,_NOT_SPECIFIED_,1
ROLE_WEF_OA_RATETURN_UP_002,OverAttackRateTurn,ターン経過ごとに始動時連携率+2%,_NOT_SPECIFIED_,1,_NOT_SPECIFIED_,2
ROLE_EF_OA_RATEINACTIVE_UP_005,OverAttackRateInActive,バトルメンバーが不足するごとに始動時連携率+5%,_NOT_SPECIFIED_,0,_NOT_SPECIFIED_,5
ROLE_EF_OA_RATEINACTIVE_UP_010,OverAttackRateInActive,バトルメンバーが不足するごとに始動時連携率+10%,_NOT_SPECIFIED_,0,_NOT_SPECIFIED_,10
ROLE_EF_OA_RATEINACTIVE_UP_015,OverAttackRateInActive,バトルメンバーが不足するごとに始動時連携率+15%,_NOT_SPECIFIED_,0,_NOT_SPECIFIED_,15
ROLE_EF_OA_RATEINACTIVE_UP_020,OverAttackRateInActive,バトルメンバーが不足するごとに始動時連携率+20%,_NOT_SPECIFIED_,0,_NOT_SPECIFIED_,20
ROLE_WEF_OA_RATEINACTIVE_UP_005,OverAttackRateInActive,バトルメンバーが不足するごとに始動時連携率+5%,_NOT_SPECIFIED_,1,_NOT_SPECIFIED_,5
ROLE_WEF_OA_RATEINACTIVE_UP_010,OverAttackRateInActive,バトルメンバーが不足するごとに始動時連携率+10%,_NOT_SPECIFIED_,1,_NOT_SPECIFIED_,10
ROLE_WEF_OA_RATEINACTIVE_UP_015,OverAttackRateInActive,バトルメンバーが不足するごとに始動時連携率+15%,_NOT_SPECIFIED_,1,_NOT_SPECIFIED_,15
ROLE_WEF_OA_RATEINACTIVE_UP_020,OverAttackRateInActive,バトルメンバーが不足するごとに始動時連携率+20%,_NOT_SPECIFIED_,1,_NOT_SPECIFIED_,20
ROLE_EF_OA_RATEAREA_UP_1,OverAttackRateArea,次者との連携間隔ごとに連携率+2%,_NOT_SPECIFIED_,0,_NOT_SPECIFIED_,2
ROLE_EF_OA_RATEAREA_UP_2,OverAttackRateArea,次者との連携間隔ごとに連携率+3%,_NOT_SPECIFIED_,0,_NOT_SPECIFIED_,3
ROLE_EF_OA_RATEAREA_UP_001,OverAttackRateArea,次者との連携間隔ごとに連携率+1%,_NOT_SPECIFIED_,0,_NOT_SPECIFIED_,1
ROLE_EF_OA_RATEAREA_UP_002,OverAttackRateArea,次者との連携間隔ごとに連携率+2%,_NOT_SPECIFIED_,0,_NOT_SPECIFIED_,2
ROLE_EF_OA_RATESTART_UP_005,OverAttackRateStart,始動時に連携率+5%,_NOT_SPECIFIED_,0,_NOT_SPECIFIED_,5
ROLE_EF_OA_RATESTART_UP_010,OverAttackRateStart,始動時に連携率+10%,_NOT_SPECIFIED_,0,_NOT_SPECIFIED_,10
ROLE_WEF_OA_RATESTART_UP_005,OverAttackRateStart,始動時に連携率+5%,_NOT_SPECIFIED_,1,_NOT_SPECIFIED_,5
ROLE_WEF_OA_RATESTART_UP_010,OverAttackRateStart,始動時に連携率+10%,_NOT_SPECIFIED_,1,_NOT_SPECIFIED_,10
ROLE_EF_OA_RATEEND_UP_010,OverAttackRateEnd,終了時に連携率+10%,_NOT_SPECIFIED_,0,_NOT_SPECIFIED_,10
ROLE_EF_OA_RATEEND_UP_020,OverAttackRateEnd,終了時に連携率+20%,_NOT_SPECIFIED_,0,_NOT_SPECIFIED_,20
ROLE_WEF_OA_RATEEND_UP_010,OverAttackRateEnd,終了時に連携率+10%,_NOT_SPECIFIED_,1,_NOT_SPECIFIED_,10
ROLE_WEF_OA_RATEEND_UP_020,OverAttackRateEnd,終了時に連携率+20%,_NOT_SPECIFIED_,1,_NOT_SPECIFIED_,20
ROLE_EF_OA_RATEWEAK_UP_1,OverAttackRateWeak,弱点攻撃時に連携率+2%,_NOT_SPECIFIED_,0,_NOT_SPECIFIED_,2
ROLE_EF_OA_RATEWEAK_UP_2,OverAttackRateWeak,弱点攻撃時に連携率+3%,_NOT_SPECIFIED_,0,_NOT_SPECIFIED_,3
ROLE_EF_OA_RATEWEAK_UP_001,OverAttackRateWeak,弱点攻撃時に連携率+1%,_NOT_SPECIFIED_,0,_NOT_SPECIFIED_,1
ROLE_EF_OA_RATEWEAK_UP_002,OverAttackRateWeak,弱点攻撃時に連携率+2%,_NOT_SPECIFIED_,0,_NOT_SPECIFIED_,2
ROLE_EF_OA_RATEWEAK_UP_003,OverAttackRateWeak,弱点攻撃時に連携率+3%,_NOT_SPECIFIED_,0,_NOT_SPECIFIED_,3
ROLE_EF_OA_RATEWEAK_UP_004,OverAttackRateWeak,弱点攻撃時に連携率+4%,_NOT_SPECIFIED_,0,_NOT_SPECIFIED_,4
ROLE_EF_OA_RATEWEAK_UP_005,OverAttackRateWeak,弱点攻撃時に連携率+5%,_NOT_SPECIFIED_,0,_NOT_SPECIFIED_,5
ROLE_EF_OA_RATEWEAK_UP_008,OverAttackRateWeak,弱点攻撃時に連携率+8%,_NOT_SPECIFIED_,0,_NOT_SPECIFIED_,8
ROLE_WEF_OA_RATEWEAK_UP_001,OverAttackRateWeak,弱点攻撃時に連携率+1%,_NOT_SPECIFIED_,1,_NOT_SPECIFIED_,1
ROLE_WEF_OA_RATEWEAK_UP_002,OverAttackRateWeak,弱点攻撃時に連携率+2%,_NOT_SPECIFIED_,1,_NOT_SPECIFIED_,2
ROLE_WEF_OA_RATEWEAK_UP_003,OverAttackRateWeak,弱点攻撃時に連携率+3%,_NOT_SPECIFIED_,1,_NOT_SPECIFIED_,3
ROLE_WEF_OA_RATEWEAK_UP_004,OverAttackRateWeak,弱点攻撃時に連携率+4%,_NOT_SPECIFIED_,1,_NOT_SPECIFIED_,4
ROLE_WEF_OA_RATEWEAK_UP_005,OverAttackRateWeak,弱点攻撃時に連携率+5%,_NOT_SPECIFIED_,1,_NOT_SPECIFIED_,5
ROLE_WEF_OA_RATEWEAK_UP_006,OverAttackRateWeak,弱点攻撃時に連携率+6%,_NOT_SPECIFIED_,1,_NOT_SPECIFIED_,6
ROLE_WEF_OA_RATEWEAK_UP_007,OverAttackRateWeak,弱点攻撃時に連携率+7%,_NOT_SPECIFIED_,1,_NOT_SPECIFIED_,7
ROLE_WEF_OA_RATEWEAK_UP_008,OverAttackRateWeak,弱点攻撃時に連携率+8%,_NOT_SPECIFIED_,1,_NOT_SPECIFIED_,8
ROLE_EF_OA_RATECOOP_UP,OverAttackRateCoop,協調ロール者同士が連続連携すると連携率+5%,_NOT_SPECIFIED_,0,_NOT_SPECIFIED_,5
ROLE_EF_OA_AREA_0,InvalidOverAttackArea,連携範囲0,_NOT_SPECIFIED_,0,_NOT_SPECIFIED_,0
ROLE_EF_OA_AREA_1,OneOverAttackArea,連携範囲1,_NOT_SPECIFIED_,0,_NOT_SPECIFIED_,0
ROLE_EF_OA_AREA_INVERSE,InverseOverAttackArea,連携範囲反転,_NOT_SPECIFIED_,0,_NOT_SPECIFIED_,0
ROLE_WEF_OA_AREA_0,InvalidOverAttackArea,連携範囲0,_NOT_SPECIFIED_,1,_NOT_SPECIFIED_,0
ROLE_WEF_OA_AREA_1,OneOverAttackArea,連携範囲1,_NOT_SPECIFIED_,1,_NOT_SPECIFIED_,0
ROLE_WEF_OA_AREA_INVERSE,InverseOverAttackArea,連携範囲反転,_NOT_SPECIFIED_,1,_NOT_SPECIFIED_,0
ROLE_EF_OVERDRIVE_UP_1,OverDrive,オーバードライブ発生率アップ,_NOT_SPECIFIED_,0,_NOT_SPECIFIED_,2
ROLE_WEF_OVERDRIVE_UP_1,OverDrive,オーバードライブ発生率アップ,_NOT_SPECIFIED_,1,_NOT_SPECIFIED_,2
ROLE_EF_HITRATE_010,HitRate,命中率+10%,_NOT_SPECIFIED_,0,_NOT_SPECIFIED_,10
ROLE_EF_HITRATE_020,HitRate,命中率+20%,_NOT_SPECIFIED_,0,_NOT_SPECIFIED_,20
ROLE_EF_HITRATE_030,HitRate,命中率+30%,_NOT_SPECIFIED_,0,_NOT_SPECIFIED_,30
ROLE_EF_HITRATE_040,HitRate,命中率+40%,_NOT_SPECIFIED_,0,_NOT_SPECIFIED_,40
ROLE_EF_HITRATE_050,HitRate,命中率+50%,_NOT_SPECIFIED_,0,_NOT_SPECIFIED_,50
ROLE_WEF_HITRATE_010,HitRate,命中率+10%,_NOT_SPECIFIED_,1,_NOT_SPECIFIED_,10
ROLE_WEF_HITRATE_020,HitRate,命中率+20%,_NOT_SPECIFIED_,1,_NOT_SPECIFIED_,20
ROLE_WEF_HITRATE_030,HitRate,命中率+30%,_NOT_SPECIFIED_,1,_NOT_SPECIFIED_,30
ROLE_WEF_HITRATE_040,HitRate,命中率+40%,_NOT_SPECIFIED_,1,_NOT_SPECIFIED_,40
ROLE_WEF_HITRATE_050,HitRate,命中率+50%,_NOT_SPECIFIED_,1,_NOT_SPECIFIED_,50
ROLE_EF_SUREHIT,SureHit,必中,_NOT_SPECIFIED_,0,_NOT_SPECIFIED_,0
ROLE_WEF_SUREHIT,SureHit,必中,_NOT_SPECIFIED_,1,_NOT_SPECIFIED_,0
ROLE_EF_AIRHIT,AirHit,対空,_NOT_SPECIFIED_,0,_NOT_SPECIFIED_,0
ROLE_WEF_AIRHIT,AirHit,対空,_NOT_SPECIFIED_,1,_NOT_SPECIFIED_,0
ROLE_EF_DARKNESSHIT,DarknessHit,暗闇時に必中、ガード率アップ、回避率アップ,_NOT_SPECIFIED_,0,_NOT_SPECIFIED_,100
ROLE_EF_FLOATENEMYHIT_DOWN_001,FloatEnemyHit,飛行敵の命中率-1%,_NOT_SPECIFIED_,0,_NOT_SPECIFIED_,-1
ROLE_EF_FLOATENEMYHIT_DOWN_002,FloatEnemyHit,飛行敵の命中率-2%,_NOT_SPECIFIED_,0,_NOT_SPECIFIED_,-2
ROLE_EF_FLOATENEMYHIT_DOWN_003,FloatEnemyHit,飛行敵の命中率-3%,_NOT_SPECIFIED_,0,_NOT_SPECIFIED_,-3
ROLE_EF_FLOATENEMYHIT_DOWN_004,FloatEnemyHit,飛行敵の命中率-4%,_NOT_SPECIFIED_,0,_NOT_SPECIFIED_,-4
ROLE_EF_FLOATENEMYHIT_DOWN_005,FloatEnemyHit,飛行敵の命中率-5%,_NOT_SPECIFIED_,0,_NOT_SPECIFIED_,-5
ROLE_EF_FLOATENEMYHIT_DOWN_006,FloatEnemyHit,飛行敵の命中率-6%,_NOT_SPECIFIED_,0,_NOT_SPECIFIED_,-6
ROLE_EF_FLOATENEMYHIT_DOWN_007,FloatEnemyHit,飛行敵の命中率-7%,_NOT_SPECIFIED_,0,_NOT_SPECIFIED_,-7
ROLE_EF_FLOATENEMYHIT_DOWN_008,FloatEnemyHit,飛行敵の命中率-8%,_NOT_SPECIFIED_,0,_NOT_SPECIFIED_,-8
ROLE_EF_FLOATENEMYHIT_DOWN_009,FloatEnemyHit,飛行敵の命中率-9%,_NOT_SPECIFIED_,0,_NOT_SPECIFIED_,-9
ROLE_EF_FLOATENEMYHIT_DOWN_010,FloatEnemyHit,飛行敵の命中率-10%,_NOT_SPECIFIED_,0,_NOT_SPECIFIED_,-10
ROLE_EF_FLOATENEMYHIT_DOWN_011,FloatEnemyHit,飛行敵の命中率-11%,_NOT_SPECIFIED_,0,_NOT_SPECIFIED_,-11
ROLE_EF_FLOATENEMYHIT_DOWN_012,FloatEnemyHit,飛行敵の命中率-12%,_NOT_SPECIFIED_,0,_NOT_SPECIFIED_,-12
ROLE_EF_FLOATENEMYHIT_DOWN_013,FloatEnemyHit,飛行敵の命中率-13%,_NOT_SPECIFIED_,0,_NOT_SPECIFIED_,-13
ROLE_EF_FLOATENEMYHIT_DOWN_014,FloatEnemyHit,飛行敵の命中率-14%,_NOT_SPECIFIED_,0,_NOT_SPECIFIED_,-14
ROLE_EF_FLOATENEMYHIT_DOWN_015,FloatEnemyHit,飛行敵の命中率-15%,_NOT_SPECIFIED_,0,_NOT_SPECIFIED_,-15
ROLE_EF_WEAK_DAMAGE_005,WeakDamage,弱点攻撃時に威力+5%,_NOT_SPECIFIED_,0,_NOT_SPECIFIED_,5
ROLE_EF_WEAK_DAMAGE_010,WeakDamage,弱点攻撃時に威力+10%,_NOT_SPECIFIED_,0,_NOT_SPECIFIED_,10
ROLE_WEF_WEAK_DAMAGE_004,WeakDamage,弱点攻撃時に威力+4%,_NOT_SPECIFIED_,1,_NOT_SPECIFIED_,4
ROLE_WEF_WEAK_DAMAGE_005,WeakDamage,弱点攻撃時に威力+5%,_NOT_SPECIFIED_,1,_NOT_SPECIFIED_,5
ROLE_WEF_WEAK_DAMAGE_006,WeakDamage,弱点攻撃時に威力+6%,_NOT_SPECIFIED_,1,_NOT_SPECIFIED_,6
ROLE_WEF_WEAK_DAMAGE_007,WeakDamage,弱点攻撃時に威力+7%,_NOT_SPECIFIED_,1,_NOT_SPECIFIED_,7
ROLE_WEF_WEAK_DAMAGE_008,WeakDamage,弱点攻撃時に威力+8%,_NOT_SPECIFIED_,1,_NOT_SPECIFIED_,8
ROLE_WEF_WEAK_DAMAGE_009,WeakDamage,弱点攻撃時に威力+9%,_NOT_SPECIFIED_,1,_NOT_SPECIFIED_,9
ROLE_WEF_WEAK_DAMAGE_010,WeakDamage,弱点攻撃時に威力+10%,_NOT_SPECIFIED_,1,_NOT_SPECIFIED_,10
ROLE_WEF_WEAK_DAMAGE_015,WeakDamage,弱点攻撃時に威力+15%,_NOT_SPECIFIED_,1,_NOT_SPECIFIED_,15
ROLE_WEF_WEAK_DAMAGE_020,WeakDamage,弱点攻撃時に威力+20%,_NOT_SPECIFIED_,1,_NOT_SPECIFIED_,20
ROLE_EF_LASTOA_DAMAGE_005,LastOverAttackDamage,連携終了時に威力+5%,_NOT_SPECIFIED_,0,_NOT_SPECIFIED_,5
ROLE_EF_LASTOA_DAMAGE_010,LastOverAttackDamage,連携終了時に威力+10%,_NOT_SPECIFIED_,0,_NOT_SPECIFIED_,10
ROLE_WEF_LASTOA_DAMAGE_005,LastOverAttackDamage,連携終了時に威力+5%,_NOT_SPECIFIED_,1,_NOT_SPECIFIED_,5
ROLE_WEF_LASTOA_DAMAGE_010,LastOverAttackDamage,連携終了時に威力+10%,_NOT_SPECIFIED_,1,_NOT_SPECIFIED_,10
ROLE_WEF_LASTOA_DAMAGE_015,LastOverAttackDamage,連携終了時に威力+15%,_NOT_SPECIFIED_,1,_NOT_SPECIFIED_,15
ROLE_WEF_LASTOA_DAMAGE_020,LastOverAttackDamage,連携終了時に威力+20%,_NOT_SPECIFIED_,1,_NOT_SPECIFIED_,20
ROLE_EF_RESERVECANCEL_DAMAGE_010,ReserveCancelDamage,リザーブ解除時に威力+10%,_NOT_SPECIFIED_,0,_NOT_SPECIFIED_,10
ROLE_EF_RESERVECANCEL_DAMAGE_015,ReserveCancelDamage,リザーブ解除時に威力+15%,_NOT_SPECIFIED_,0,_NOT_SPECIFIED_,15
ROLE_EF_RESERVECANCEL_DAMAGE_020,ReserveCancelDamage,リザーブ解除時に威力+20%,_NOT_SPECIFIED_,0,_NOT_SPECIFIED_,20
ROLE_WEF_RESERVECANCEL_DAMAGE_010,ReserveCancelDamage,リザーブ解除時に威力+10%,_NOT_SPECIFIED_,1,_NOT_SPECIFIED_,10
ROLE_WEF_RESERVECANCEL_DAMAGE_015,ReserveCancelDamage,リザーブ解除時に威力+15%,_NOT_SPECIFIED_,1,_NOT_SPECIFIED_,15
ROLE_WEF_RESERVECANCEL_DAMAGE_020,ReserveCancelDamage,リザーブ解除時に威力+20%,_NOT_SPECIFIED_,1,_NOT_SPECIFIED_,20
ROLE_WEF_RESERVECANCEL_DAMAGE_030,ReserveCancelDamage,リザーブ解除時に威力+30%,_NOT_SPECIFIED_,1,_NOT_SPECIFIED_,30
ROLE_EF_DAMAGEBYCAST_UP_1,DamageByCast,詠唱中の敵に威力+5%,_NOT_SPECIFIED_,1,_NOT_SPECIFIED_,5
ROLE_EF_DAMAGEBYCAST_UP_010,DamageByCast,詠唱中の敵に威力+10%,_NOT_SPECIFIED_,0,_NOT_SPECIFIED_,10
ROLE_EF_DAMAGEBYCAST_UP_020,DamageByCast,詠唱中の敵に威力+20%,_NOT_SPECIFIED_,0,_NOT_SPECIFIED_,20
ROLE_WEF_DAMAGEBYCAST_UP_010,DamageByCast,詠唱中の敵に威力+10%,_NOT_SPECIFIED_,1,_NOT_SPECIFIED_,10
ROLE_WEF_DAMAGEBYCAST_UP_020,DamageByCast,詠唱中の敵に威力+20%,_NOT_SPECIFIED_,1,_NOT_SPECIFIED_,20
ROLE_EF_RAGEDAMAGE_UP_010,RageDamage,怒り時に威力+10%,_NOT_SPECIFIED_,0,_NOT_SPECIFIED_,10
ROLE_EF_RAGEDAMAGE_UP_020,RageDamage,怒り時に威力+20%,_NOT_SPECIFIED_,0,_NOT_SPECIFIED_,20
ROLE_WEF_RAGEDAMAGE_UP_010,RageDamage,怒り時に威力+10%,_NOT_SPECIFIED_,1,_NOT_SPECIFIED_,10
ROLE_WEF_RAGEDAMAGE_UP_020,RageDamage,怒り時に威力+20%,_NOT_SPECIFIED_,1,_NOT_SPECIFIED_,20
ROLE_EF_DEATHDAMAGE_UP_1,DeathDamage,稀に即死級ダメージ,_NOT_SPECIFIED_,0,_NOT_SPECIFIED_,40
ROLE_WEF_DEATHDAMAGE_UP_1,DeathDamage,ごく稀に即死級ダメージ,_NOT_SPECIFIED_,1,_NOT_SPECIFIED_,20
ROLE_WEF_DEATHDAMAGE_UP_2,DeathDamage,稀に即死級ダメージ,_NOT_SPECIFIED_,1,_NOT_SPECIFIED_,40
ROLE_WEF_DEATHDAMAGE_UP_3,DeathDamage,時々即死級ダメージ,_NOT_SPECIFIED_,1,_NOT_SPECIFIED_,60
ROLE_EF_LOWHPGUARDRATE_UP_010,LowHPGuardRate,瀕死時ガード率+10%,_NOT_SPECIFIED_,0,_NOT_SPECIFIED_,10
ROLE_EF_LOWHPGUARDRATE_UP_015,LowHPGuardRate,瀕死時ガード率+15%,_NOT_SPECIFIED_,0,_NOT_SPECIFIED_,15
ROLE_EF_LOWHPGUARDRATE_UP_020,LowHPGuardRate,瀕死時ガード率+20%,_NOT_SPECIFIED_,0,_NOT_SPECIFIED_,20
ROLE_EF_LOWHPGUARDRATE_UP_030,LowHPGuardRate,瀕死時ガード率+30%,_NOT_SPECIFIED_,0,_NOT_SPECIFIED_,30
ROLE_EF_LOWHPDODGERATE_UP_010,LowHPDodgeRate,瀕死時回避率+10%,_NOT_SPECIFIED_,0,_NOT_SPECIFIED_,10
ROLE_EF_LOWHPDODGERATE_UP_015,LowHPDodgeRate,瀕死時回避率+15%,_NOT_SPECIFIED_,0,_NOT_SPECIFIED_,15
ROLE_EF_LOWHPDODGERATE_UP_020,LowHPDodgeRate,瀕死時回避率+20%,_NOT_SPECIFIED_,0,_NOT_SPECIFIED_,20
ROLE_EF_LOWHPDODGERATE_UP_030,LowHPDodgeRate,瀕死時回避率+30%,_NOT_SPECIFIED_,0,_NOT_SPECIFIED_,30
ROLE_EF_BATTLERECOVER_LP_001,BattleRecoverLP,戦闘後LP回復+1,_NOT_SPECIFIED_,0,_NOT_SPECIFIED_,1
ROLE_EF_BATTLERECOVER_LP_002,BattleRecoverLP,戦闘後LP回復+2,_NOT_SPECIFIED_,0,_NOT_SPECIFIED_,2
ROLE_EF_BATTLERECOVER_LP_003,BattleRecoverLP,戦闘後LP回復+3,_NOT_SPECIFIED_,0,_NOT_SPECIFIED_,3
ROLE_EF_BATTLERECOVER_LP_004,BattleRecoverLP,戦闘後LP回復+4,_NOT_SPECIFIED_,0,_NOT_SPECIFIED_,4
ROLE_EF_BATTLERECOVER_LP_005,BattleRecoverLP,戦闘後LP回復+5,_NOT_SPECIFIED_,0,_NOT_SPECIFIED_,5
ROLE_EF_OVERATTACKHITSTATUS,OverAttackHitStatus,連携率に応じて状態異常の成功率アップ,_NOT_SPECIFIED_,0,_NOT_SPECIFIED_,0
ROLE_EF_ONEHANDEDSWORDATTACK_001,OneHandedSwordAttack,片手剣技威力+1%,_NOT_SPECIFIED_,0,_NOT_SPECIFIED_,1
ROLE_EF_ONEHANDEDSWORDATTACK_002,OneHandedSwordAttack,片手剣技威力+2%,_NOT_SPECIFIED_,0,_NOT_SPECIFIED_,2
ROLE_EF_ONEHANDEDSWORDATTACK_003,OneHandedSwordAttack,片手剣技威力+3%,_NOT_SPECIFIED_,0,_NOT_SPECIFIED_,3
ROLE_EF_ONEHANDEDSWORDATTACK_004,OneHandedSwordAttack,片手剣技威力+4%,_NOT_SPECIFIED_,0,_NOT_SPECIFIED_,4
ROLE_EF_ONEHANDEDSWORDATTACK_005,OneHandedSwordAttack,片手剣技威力+5%,_NOT_SPECIFIED_,0,_NOT_SPECIFIED_,5
ROLE_EF_ONEHANDEDSWORDATTACK_006,OneHandedSwordAttack,片手剣技威力+6%,_NOT_SPECIFIED_,0,_NOT_SPECIFIED_,6
ROLE_EF_ONEHANDEDSWORDATTACK_007,OneHandedSwordAttack,片手剣技威力+7%,_NOT_SPECIFIED_,0,_NOT_SPECIFIED_,7
ROLE_EF_ONEHANDEDSWORDATTACK_008,OneHandedSwordAttack,片手剣技威力+8%,_NOT_SPECIFIED_,0,_NOT_SPECIFIED_,8
ROLE_EF_ONEHANDEDSWORDATTACK_009,OneHandedSwordAttack,片手剣技威力+9%,_NOT_SPECIFIED_,0,_NOT_SPECIFIED_,9
ROLE_EF_ONEHANDEDSWORDATTACK_010,OneHandedSwordAttack,片手剣技威力+10%,_NOT_SPECIFIED_,0,_NOT_SPECIFIED_,10
ROLE_EF_TWOHANDEDSWORDATTACK_001,TwoHandedSwordAttack,両手剣技威力+1%,_NOT_SPECIFIED_,0,_NOT_SPECIFIED_,1
ROLE_EF_TWOHANDEDSWORDATTACK_002,TwoHandedSwordAttack,両手剣技威力+2%,_NOT_SPECIFIED_,0,_NOT_SPECIFIED_,2
ROLE_EF_TWOHANDEDSWORDATTACK_003,TwoHandedSwordAttack,両手剣技威力+3%,_NOT_SPECIFIED_,0,_NOT_SPECIFIED_,3
ROLE_EF_TWOHANDEDSWORDATTACK_004,TwoHandedSwordAttack,両手剣技威力+4%,_NOT_SPECIFIED_,0,_NOT_SPECIFIED_,4
ROLE_EF_TWOHANDEDSWORDATTACK_005,TwoHandedSwordAttack,両手剣技威力+5%,_NOT_SPECIFIED_,0,_NOT_SPECIFIED_,5
ROLE_EF_TWOHANDEDSWORDATTACK_006,TwoHandedSwordAttack,両手剣技威力+6%,_NOT_SPECIFIED_,0,_NOT_SPECIFIED_,6
ROLE_EF_TWOHANDEDSWORDATTACK_007,TwoHandedSwordAttack,両手剣技威力+7%,_NOT_SPECIFIED_,0,_NOT_SPECIFIED_,7
ROLE_EF_TWOHANDEDSWORDATTACK_008,TwoHandedSwordAttack,両手剣技威力+8%,_NOT_SPECIFIED_,0,_NOT_SPECIFIED_,8
ROLE_EF_TWOHANDEDSWORDATTACK_009,TwoHandedSwordAttack,両手剣技威力+9%,_NOT_SPECIFIED_,0,_NOT_SPECIFIED_,9
ROLE_EF_TWOHANDEDSWORDATTACK_010,TwoHandedSwordAttack,両手剣技威力+10%,_NOT_SPECIFIED_,0,_NOT_SPECIFIED_,10
ROLE_EF_ONEHANDEDGUNATTACK_001,OneHandedGunAttack,片手銃技威力+1%,_NOT_SPECIFIED_,0,_NOT_SPECIFIED_,1
ROLE_EF_ONEHANDEDGUNATTACK_002,OneHandedGunAttack,片手銃技威力+2%,_NOT_SPECIFIED_,0,_NOT_SPECIFIED_,2
ROLE_EF_ONEHANDEDGUNATTACK_003,OneHandedGunAttack,片手銃技威力+3%,_NOT_SPECIFIED_,0,_NOT_SPECIFIED_,3
ROLE_EF_ONEHANDEDGUNATTACK_004,OneHandedGunAttack,片手銃技威力+4%,_NOT_SPECIFIED_,0,_NOT_SPECIFIED_,4
ROLE_EF_ONEHANDEDGUNATTACK_005,OneHandedGunAttack,片手銃技威力+5%,_NOT_SPECIFIED_,0,_NOT_SPECIFIED_,5
ROLE_EF_ONEHANDEDGUNATTACK_006,OneHandedGunAttack,片手銃技威力+6%,_NOT_SPECIFIED_,0,_NOT_SPECIFIED_,6
ROLE_EF_ONEHANDEDGUNATTACK_007,OneHandedGunAttack,片手銃技威力+7%,_NOT_SPECIFIED_,0,_NOT_SPECIFIED_,7
ROLE_EF_ONEHANDEDGUNATTACK_008,OneHandedGunAttack,片手銃技威力+8%,_NOT_SPECIFIED_,0,_NOT_SPECIFIED_,8
ROLE_EF_ONEHANDEDGUNATTACK_009,OneHandedGunAttack,片手銃技威力+9%,_NOT_SPECIFIED_,0,_NOT_SPECIFIED_,9
ROLE_EF_ONEHANDEDGUNATTACK_010,OneHandedGunAttack,片手銃技威力+10%,_NOT_SPECIFIED_,0,_NOT_SPECIFIED_,10
ROLE_EF_TWOHANDEDGUNATTACK_001,TwoHandedGunAttack,両手銃技威力+1%,_NOT_SPECIFIED_,0,_NOT_SPECIFIED_,1
ROLE_EF_TWOHANDEDGUNATTACK_002,TwoHandedGunAttack,両手銃技威力+2%,_NOT_SPECIFIED_,0,_NOT_SPECIFIED_,2
ROLE_EF_TWOHANDEDGUNATTACK_003,TwoHandedGunAttack,両手銃技威力+3%,_NOT_SPECIFIED_,0,_NOT_SPECIFIED_,3
ROLE_EF_TWOHANDEDGUNATTACK_004,TwoHandedGunAttack,両手銃技威力+4%,_NOT_SPECIFIED_,0,_NOT_SPECIFIED_,4
ROLE_EF_TWOHANDEDGUNATTACK_005,TwoHandedGunAttack,両手銃技威力+5%,_NOT_SPECIFIED_,0,_NOT_SPECIFIED_,5
ROLE_EF_TWOHANDEDGUNATTACK_006,TwoHandedGunAttack,両手銃技威力+6%,_NOT_SPECIFIED_,0,_NOT_SPECIFIED_,6
ROLE_EF_TWOHANDEDGUNATTACK_007,TwoHandedGunAttack,両手銃技威力+7%,_NOT_SPECIFIED_,0,_NOT_SPECIFIED_,7
ROLE_EF_TWOHANDEDGUNATTACK_008,TwoHandedGunAttack,両手銃技威力+8%,_NOT_SPECIFIED_,0,_NOT_SPECIFIED_,8
ROLE_EF_TWOHANDEDGUNATTACK_009,TwoHandedGunAttack,両手銃技威力+9%,_NOT_SPECIFIED_,0,_NOT_SPECIFIED_,9
ROLE_EF_TWOHANDEDGUNATTACK_010,TwoHandedGunAttack,両手銃技威力+10%,_NOT_SPECIFIED_,0,_NOT_SPECIFIED_,10
ROLE_EF_MARTIALATTACK_001,MartialAttack,体術技威力+1%,_NOT_SPECIFIED_,0,_NOT_SPECIFIED_,1
ROLE_EF_MARTIALATTACK_002,MartialAttack,体術技威力+2%,_NOT_SPECIFIED_,0,_NOT_SPECIFIED_,2
ROLE_EF_MARTIALATTACK_003,MartialAttack,体術技威力+3%,_NOT_SPECIFIED_,0,_NOT_SPECIFIED_,3
ROLE_EF_MARTIALATTACK_004,MartialAttack,体術技威力+4%,_NOT_SPECIFIED_,0,_NOT_SPECIFIED_,4
ROLE_EF_MARTIALATTACK_005,MartialAttack,体術技威力+5%,_NOT_SPECIFIED_,0,_NOT_SPECIFIED_,5
ROLE_EF_MARTIALATTACK_006,MartialAttack,体術技威力+6%,_NOT_SPECIFIED_,0,_NOT_SPECIFIED_,6
ROLE_EF_MARTIALATTACK_007,MartialAttack,体術技威力+7%,_NOT_SPECIFIED_,0,_NOT_SPECIFIED_,7
ROLE_EF_MARTIALATTACK_008,MartialAttack,体術技威力+8%,_NOT_SPECIFIED_,0,_NOT_SPECIFIED_,8
ROLE_EF_MARTIALATTACK_009,MartialAttack,体術技威力+9%,_NOT_SPECIFIED_,0,_NOT_SPECIFIED_,9
ROLE_EF_MARTIALATTACK_010,MartialAttack,体術技威力+10%,_NOT_SPECIFIED_,0,_NOT_SPECIFIED_,10
ROLE_EF_MONSTERATTACK_001,MonsterAttack,モンスター技威力+1%,_NOT_SPECIFIED_,0,_NOT_SPECIFIED_,1
ROLE_EF_MONSTERATTACK_002,MonsterAttack,モンスター技威力+2%,_NOT_SPECIFIED_,0,_NOT_SPECIFIED_,2
ROLE_EF_MONSTERATTACK_003,MonsterAttack,モンスター技威力+3%,_NOT_SPECIFIED_,0,_NOT_SPECIFIED_,3
ROLE_EF_MONSTERATTACK_004,MonsterAttack,モンスター技威力+4%,_NOT_SPECIFIED_,0,_NOT_SPECIFIED_,4
ROLE_EF_MONSTERATTACK_005,MonsterAttack,モンスター技威力+5%,_NOT_SPECIFIED_,0,_NOT_SPECIFIED_,5
ROLE_EF_MONSTERATTACK_006,MonsterAttack,モンスター技威力+6%,_NOT_SPECIFIED_,0,_NOT_SPECIFIED_,6
ROLE_EF_MONSTERATTACK_007,MonsterAttack,モンスター技威力+7%,_NOT_SPECIFIED_,0,_NOT_SPECIFIED_,7
ROLE_EF_MONSTERATTACK_008,MonsterAttack,モンスター技威力+8%,_NOT_SPECIFIED_,0,_NOT_SPECIFIED_,8
ROLE_EF_MONSTERATTACK_009,MonsterAttack,モンスター技威力+9%,_NOT_SPECIFIED_,0,_NOT_SPECIFIED_,9
ROLE_EF_MONSTERATTACK_010,MonsterAttack,モンスター技威力+10%,_NOT_SPECIFIED_,0,_NOT_SPECIFIED_,10
ROLE_EF_MECHAMELEEATTACK_001,MechaMeleeAttack,近接メカ技威力+1%,_NOT_SPECIFIED_,0,_NOT_SPECIFIED_,1
ROLE_EF_MECHAMELEEATTACK_002,MechaMeleeAttack,近接メカ技威力+2%,_NOT_SPECIFIED_,0,_NOT_SPECIFIED_,2
ROLE_EF_MECHAMELEEATTACK_003,MechaMeleeAttack,近接メカ技威力+3%,_NOT_SPECIFIED_,0,_NOT_SPECIFIED_,3
ROLE_EF_MECHAMELEEATTACK_004,MechaMeleeAttack,近接メカ技威力+4%,_NOT_SPECIFIED_,0,_NOT_SPECIFIED_,4
ROLE_EF_MECHAMELEEATTACK_005,MechaMeleeAttack,近接メカ技威力+5%,_NOT_SPECIFIED_,0,_NOT_SPECIFIED_,5
ROLE_EF_MECHAMELEEATTACK_006,MechaMeleeAttack,近接メカ技威力+6%,_NOT_SPECIFIED_,0,_NOT_SPECIFIED_,6
ROLE_EF_MECHAMELEEATTACK_007,MechaMeleeAttack,近接メカ技威力+7%,_NOT_SPECIFIED_,0,_NOT_SPECIFIED_,7
ROLE_EF_MECHAMELEEATTACK_008,MechaMeleeAttack,近接メカ技威力+8%,_NOT_SPECIFIED_,0,_NOT_SPECIFIED_,8
ROLE_EF_MECHAMELEEATTACK_009,MechaMeleeAttack,近接メカ技威力+9%,_NOT_SPECIFIED_,0,_NOT_SPECIFIED_,9
ROLE_EF_MECHAMELEEATTACK_010,MechaMeleeAttack,近接メカ技威力+10%,_NOT_SPECIFIED_,0,_NOT_SPECIFIED_,10
ROLE_EF_MECHASHOOTATTACK_001,MechaShootAttack,射撃メカ技威力+1%,_NOT_SPECIFIED_,0,_NOT_SPECIFIED_,1
ROLE_EF_MECHASHOOTATTACK_002,MechaShootAttack,射撃メカ技威力+2%,_NOT_SPECIFIED_,0,_NOT_SPECIFIED_,2
ROLE_EF_MECHASHOOTATTACK_003,MechaShootAttack,射撃メカ技威力+3%,_NOT_SPECIFIED_,0,_NOT_SPECIFIED_,3
ROLE_EF_MECHASHOOTATTACK_004,MechaShootAttack,射撃メカ技威力+4%,_NOT_SPECIFIED_,0,_NOT_SPECIFIED_,4
ROLE_EF_MECHASHOOTATTACK_005,MechaShootAttack,射撃メカ技威力+5%,_NOT_SPECIFIED_,0,_NOT_SPECIFIED_,5
ROLE_EF_MECHASHOOTATTACK_006,MechaShootAttack,射撃メカ技威力+6%,_NOT_SPECIFIED_,0,_NOT_SPECIFIED_,6
ROLE_EF_MECHASHOOTATTACK_007,MechaShootAttack,射撃メカ技威力+7%,_NOT_SPECIFIED_,0,_NOT_SPECIFIED_,7
ROLE_EF_MECHASHOOTATTACK_008,MechaShootAttack,射撃メカ技威力+8%,_NOT_SPECIFIED_,0,_NOT_SPECIFIED_,8
ROLE_EF_MECHASHOOTATTACK_009,MechaShootAttack,射撃メカ技威力+9%,_NOT_SPECIFIED_,0,_NOT_SPECIFIED_,9
ROLE_EF_MECHASHOOTATTACK_010,MechaShootAttack,射撃メカ技威力+10%,_NOT_SPECIFIED_,0,_NOT_SPECIFIED_,10
ROLE_EF_MAGICATTACK_001,MagicAttack,術威力+1%,_NOT_SPECIFIED_,0,_NOT_SPECIFIED_,1
ROLE_EF_MAGICATTACK_002,MagicAttack,術威力+2%,_NOT_SPECIFIED_,0,_NOT_SPECIFIED_,2
ROLE_EF_MAGICATTACK_003,MagicAttack,術威力+3%,_NOT_SPECIFIED_,0,_NOT_SPECIFIED_,3
ROLE_EF_MAGICATTACK_004,MagicAttack,術威力+4%,_NOT_SPECIFIED_,0,_NOT_SPECIFIED_,4
ROLE_EF_MAGICATTACK_005,MagicAttack,術威力+5%,_NOT_SPECIFIED_,0,_NOT_SPECIFIED_,5
ROLE_EF_MAGICATTACK_006,MagicAttack,術威力+6%,_NOT_SPECIFIED_,0,_NOT_SPECIFIED_,6
ROLE_EF_MAGICATTACK_007,MagicAttack,術威力+7%,_NOT_SPECIFIED_,0,_NOT_SPECIFIED_,7
ROLE_EF_MAGICATTACK_008,MagicAttack,術威力+8%,_NOT_SPECIFIED_,0,_NOT_SPECIFIED_,8
ROLE_EF_MAGICATTACK_009,MagicAttack,術威力+9%,_NOT_SPECIFIED_,0,_NOT_SPECIFIED_,9
ROLE_EF_MAGICATTACK_010,MagicAttack,術威力+10%,_NOT_SPECIFIED_,0,_NOT_SPECIFIED_,10
ROLE_EF_INTERRUPTDODGE_003,InterruptDodge,インタラプト回避率+3%,_NOT_SPECIFIED_,0,_NOT_SPECIFIED_,3
ROLE_EF_INTERRUPTDODGE_005,InterruptDodge,インタラプト回避率+5%,_NOT_SPECIFIED_,0,_NOT_SPECIFIED_,5
ROLE_EF_INTERRUPTDODGE_010,InterruptDodge,インタラプト回避率+10%,_NOT_SPECIFIED_,0,_NOT_SPECIFIED_,10
ROLE_EF_INTERRUPTDODGE_015,InterruptDodge,インタラプト回避率+15%,_NOT_SPECIFIED_,0,_NOT_SPECIFIED_,15
ROLE_EF_INTERRUPTDODGE_020,InterruptDodge,インタラプト回避率+20%,_NOT_SPECIFIED_,0,_NOT_SPECIFIED_,20
ROLE_EF_INTERRUPTDODGE_025,InterruptDodge,インタラプト回避率+25%,_NOT_SPECIFIED_,0,_NOT_SPECIFIED_,25
ROLE_EF_INTERRUPTDODGE_050,InterruptDodge,インタラプト回避率+50%,_NOT_SPECIFIED_,0,_NOT_SPECIFIED_,50
ROLE_EF_INTERRUPTDODGE_075,InterruptDodge,インタラプト回避率+75%,_NOT_SPECIFIED_,0,_NOT_SPECIFIED_,75
ROLE_EF_INTERRUPTDODGE_100,InterruptDodge,インタラプト回避率+100%,_NOT_SPECIFIED_,0,_NOT_SPECIFIED_,100
ROLE_EF_COUNTERGUARD_003,CounterGuard,カウンターガード率+3%,_NOT_SPECIFIED_,0,_NOT_SPECIFIED_,3
ROLE_EF_COUNTERGUARD_005,CounterGuard,カウンターガード率+5%,_NOT_SPECIFIED_,0,_NOT_SPECIFIED_,5
ROLE_EF_COUNTERGUARD_010,CounterGuard,カウンターガード率+10%,_NOT_SPECIFIED_,0,_NOT_SPECIFIED_,10
ROLE_EF_COUNTERGUARD_015,CounterGuard,カウンターガード率+15%,_NOT_SPECIFIED_,0,_NOT_SPECIFIED_,15
ROLE_EF_COUNTERGUARD_020,CounterGuard,カウンターガード率+20%,_NOT_SPECIFIED_,0,_NOT_SPECIFIED_,20
ROLE_EF_COUNTERGUARD_025,CounterGuard,カウンターガード率+25%,_NOT_SPECIFIED_,0,_NOT_SPECIFIED_,25
ROLE_EF_COUNTERGUARD_050,CounterGuard,カウンターガード率+50%,_NOT_SPECIFIED_,0,_NOT_SPECIFIED_,50
ROLE_EF_COUNTERGUARD_075,CounterGuard,カウンターガード率+75%,_NOT_SPECIFIED_,0,_NOT_SPECIFIED_,75
ROLE_EF_COUNTERGUARD_100,CounterGuard,カウンターガード率+100%,_NOT_SPECIFIED_,0,_NOT_SPECIFIED_,100
ROLE_EF_HP_UP_001,MaxHP,最大HP+1%,_NOT_SPECIFIED_,0,_NOT_SPECIFIED_,1
ROLE_EF_HP_UP_002,MaxHP,最大HP+2%,_NOT_SPECIFIED_,0,_NOT_SPECIFIED_,2
ROLE_EF_HP_UP_003,MaxHP,最大HP+3%,_NOT_SPECIFIED_,0,_NOT_SPECIFIED_,3
ROLE_EF_HP_UP_004,MaxHP,最大HP+4%,_NOT_SPECIFIED_,0,_NOT_SPECIFIED_,4
ROLE_EF_HP_UP_005,MaxHP,最大HP+5%,_NOT_SPECIFIED_,0,_NOT_SPECIFIED_,5
ROLE_EF_HP_UP_010,MaxHP,最大HP+10%,_NOT_SPECIFIED_,0,_NOT_SPECIFIED_,10
ROLE_EF_HP_UP_015,MaxHP,最大HP+15%,_NOT_SPECIFIED_,0,_NOT_SPECIFIED_,15
ROLE_EF_HP_UP_020,MaxHP,最大HP+20%,_NOT_SPECIFIED_,0,_NOT_SPECIFIED_,20
ROLE_EF_HP_DOWN_001,MaxHP,最大HP-1%,_NOT_SPECIFIED_,0,_NOT_SPECIFIED_,-1
ROLE_EF_HP_DOWN_002,MaxHP,最大HP-2%,_NOT_SPECIFIED_,0,_NOT_SPECIFIED_,-2
ROLE_EF_HP_DOWN_003,MaxHP,最大HP-3%,_NOT_SPECIFIED_,0,_NOT_SPECIFIED_,-3
ROLE_EF_HP_DOWN_004,MaxHP,最大HP-4%,_NOT_SPECIFIED_,0,_NOT_SPECIFIED_,-4
ROLE_EF_HP_DOWN_005,MaxHP,最大HP-5%,_NOT_SPECIFIED_,0,_NOT_SPECIFIED_,-5
ROLE_EF_HP_DOWN_010,MaxHP,最大HP-10%,_NOT_SPECIFIED_,0,_NOT_SPECIFIED_,-10
ROLE_EF_HP_DOWN_015,MaxHP,最大HP-15%,_NOT_SPECIFIED_,0,_NOT_SPECIFIED_,-15
ROLE_EF_HP_DOWN_020,MaxHP,最大HP-20%,_NOT_SPECIFIED_,0,_NOT_SPECIFIED_,-20
ROLE_EF_HP_DOWN_025,MaxHP,最大HP-25%,_NOT_SPECIFIED_,0,_NOT_SPECIFIED_,-25
ROLE_EF_HP_DOWN_030,MaxHP,最大HP-30%,_NOT_SPECIFIED_,0,_NOT_SPECIFIED_,-30
ROLE_EF_HP_DOWN_035,MaxHP,最大HP-35%,_NOT_SPECIFIED_,0,_NOT_SPECIFIED_,-35
ROLE_EF_HP_DOWN_040,MaxHP,最大HP-40%,_NOT_SPECIFIED_,0,_NOT_SPECIFIED_,-40
ROLE_EF_HP_DOWN_045,MaxHP,最大HP-45%,_NOT_SPECIFIED_,0,_NOT_SPECIFIED_,-45
ROLE_EF_HP_DOWN_050,MaxHP,最大HP-50%,_NOT_SPECIFIED_,0,_NOT_SPECIFIED_,-50
ROLE_EF_ZANA_UP_001,PowerOfSlash,斬威力+1%,_NOT_SPECIFIED_,0,_NOT_SPECIFIED_,1
ROLE_EF_ZANA_UP_002,PowerOfSlash,斬威力+2%,_NOT_SPECIFIED_,0,_NOT_SPECIFIED_,2
ROLE_EF_ZANA_UP_003,PowerOfSlash,斬威力+3%,_NOT_SPECIFIED_,0,_NOT_SPECIFIED_,3
ROLE_EF_ZANA_UP_004,PowerOfSlash,斬威力+4%,_NOT_SPECIFIED_,0,_NOT_SPECIFIED_,4
ROLE_EF_ZANA_UP_005,PowerOfSlash,斬威力+5%,_NOT_SPECIFIED_,0,_NOT_SPECIFIED_,5
ROLE_EF_ZANA_UP_006,PowerOfSlash,斬威力+6%,_NOT_SPECIFIED_,0,_NOT_SPECIFIED_,6
ROLE_EF_ZANA_UP_007,PowerOfSlash,斬威力+7%,_NOT_SPECIFIED_,0,_NOT_SPECIFIED_,7
ROLE_EF_ZANA_UP_008,PowerOfSlash,斬威力+8%,_NOT_SPECIFIED_,0,_NOT_SPECIFIED_,8
ROLE_EF_ZANA_UP_009,PowerOfSlash,斬威力+9%,_NOT_SPECIFIED_,0,_NOT_SPECIFIED_,9
ROLE_EF_ZANA_UP_010,PowerOfSlash,斬威力+10%,_NOT_SPECIFIED_,0,_NOT_SPECIFIED_,10
ROLE_EF_DAA_UP_001,PowerOfStrike,打威力+1%,_NOT_SPECIFIED_,0,_NOT_SPECIFIED_,1
ROLE_EF_DAA_UP_002,PowerOfStrike,打威力+2%,_NOT_SPECIFIED_,0,_NOT_SPECIFIED_,2
ROLE_EF_DAA_UP_003,PowerOfStrike,打威力+3%,_NOT_SPECIFIED_,0,_NOT_SPECIFIED_,3
ROLE_EF_DAA_UP_004,PowerOfStrike,打威力+4%,_NOT_SPECIFIED_,0,_NOT_SPECIFIED_,4
ROLE_EF_DAA_UP_005,PowerOfStrike,打威力+5%,_NOT_SPECIFIED_,0,_NOT_SPECIFIED_,5
ROLE_EF_DAA_UP_006,PowerOfStrike,打威力+6%,_NOT_SPECIFIED_,0,_NOT_SPECIFIED_,6
ROLE_EF_DAA_UP_007,PowerOfStrike,打威力+7%,_NOT_SPECIFIED_,0,_NOT_SPECIFIED_,7
ROLE_EF_DAA_UP_008,PowerOfStrike,打威力+8%,_NOT_SPECIFIED_,0,_NOT_SPECIFIED_,8
ROLE_EF_DAA_UP_009,PowerOfStrike,打威力+9%,_NOT_SPECIFIED_,0,_NOT_SPECIFIED_,9
ROLE_EF_DAA_UP_010,PowerOfStrike,打威力+10%,_NOT_SPECIFIED_,0,_NOT_SPECIFIED_,10
ROLE_EF_TOTA_UP_001,PowerOfStab,突威力+1%,_NOT_SPECIFIED_,0,_NOT_SPECIFIED_,1
ROLE_EF_TOTA_UP_002,PowerOfStab,突威力+2%,_NOT_SPECIFIED_,0,_NOT_SPECIFIED_,2
ROLE_EF_TOTA_UP_003,PowerOfStab,突威力+3%,_NOT_SPECIFIED_,0,_NOT_SPECIFIED_,3
ROLE_EF_TOTA_UP_004,PowerOfStab,突威力+4%,_NOT_SPECIFIED_,0,_NOT_SPECIFIED_,4
ROLE_EF_TOTA_UP_005,PowerOfStab,突威力+5%,_NOT_SPECIFIED_,0,_NOT_SPECIFIED_,5
ROLE_EF_TOTA_UP_006,PowerOfStab,突威力+6%,_NOT_SPECIFIED_,0,_NOT_SPECIFIED_,6
ROLE_EF_TOTA_UP_007,PowerOfStab,突威力+7%,_NOT_SPECIFIED_,0,_NOT_SPECIFIED_,7
ROLE_EF_TOTA_UP_008,PowerOfStab,突威力+8%,_NOT_SPECIFIED_,0,_NOT_SPECIFIED_,8
ROLE_EF_TOTA_UP_009,PowerOfStab,突威力+9%,_NOT_SPECIFIED_,0,_NOT_SPECIFIED_,9
ROLE_EF_TOTA_UP_010,PowerOfStab,突威力+10%,_NOT_SPECIFIED_,0,_NOT_SPECIFIED_,10
ROLE_EF_HEAA_UP_001,PowerOfFire,熱威力+1%,_NOT_SPECIFIED_,0,_NOT_SPECIFIED_,1
ROLE_EF_HEAA_UP_002,PowerOfFire,熱威力+2%,_NOT_SPECIFIED_,0,_NOT_SPECIFIED_,2
ROLE_EF_HEAA_UP_003,PowerOfFire,熱威力+3%,_NOT_SPECIFIED_,0,_NOT_SPECIFIED_,3
ROLE_EF_HEAA_UP_004,PowerOfFire,熱威力+4%,_NOT_SPECIFIED_,0,_NOT_SPECIFIED_,4
ROLE_EF_HEAA_UP_005,PowerOfFire,熱威力+5%,_NOT_SPECIFIED_,0,_NOT_SPECIFIED_,5
ROLE_EF_HEAA_UP_006,PowerOfFire,熱威力+6%,_NOT_SPECIFIED_,0,_NOT_SPECIFIED_,6
ROLE_EF_HEAA_UP_007,PowerOfFire,熱威力+7%,_NOT_SPECIFIED_,0,_NOT_SPECIFIED_,7
ROLE_EF_HEAA_UP_008,PowerOfFire,熱威力+8%,_NOT_SPECIFIED_,0,_NOT_SPECIFIED_,8
ROLE_EF_HEAA_UP_009,PowerOfFire,熱威力+9%,_NOT_SPECIFIED_,0,_NOT_SPECIFIED_,9
ROLE_EF_HEAA_UP_010,PowerOfFire,熱威力+10%,_NOT_SPECIFIED_,0,_NOT_SPECIFIED_,10
ROLE_EF_COLA_UP_001,PowerOfIce,冷威力+1%,_NOT_SPECIFIED_,0,_NOT_SPECIFIED_,1
ROLE_EF_COLA_UP_002,PowerOfIce,冷威力+2%,_NOT_SPECIFIED_,0,_NOT_SPECIFIED_,2
ROLE_EF_COLA_UP_003,PowerOfIce,冷威力+3%,_NOT_SPECIFIED_,0,_NOT_SPECIFIED_,3
ROLE_EF_COLA_UP_004,PowerOfIce,冷威力+4%,_NOT_SPECIFIED_,0,_NOT_SPECIFIED_,4
ROLE_EF_COLA_UP_005,PowerOfIce,冷威力+5%,_NOT_SPECIFIED_,0,_NOT_SPECIFIED_,5
ROLE_EF_COLA_UP_006,PowerOfIce,冷威力+6%,_NOT_SPECIFIED_,0,_NOT_SPECIFIED_,6
ROLE_EF_COLA_UP_007,PowerOfIce,冷威力+7%,_NOT_SPECIFIED_,0,_NOT_SPECIFIED_,7
ROLE_EF_COLA_UP_008,PowerOfIce,冷威力+8%,_NOT_SPECIFIED_,0,_NOT_SPECIFIED_,8
ROLE_EF_COLA_UP_009,PowerOfIce,冷威力+9%,_NOT_SPECIFIED_,0,_NOT_SPECIFIED_,9
ROLE_EF_COLA_UP_010,PowerOfIce,冷威力+10%,_NOT_SPECIFIED_,0,_NOT_SPECIFIED_,10
ROLE_EF_THUA_UP_001,PowerOfLightning,雷威力+1%,_NOT_SPECIFIED_,0,_NOT_SPECIFIED_,1
ROLE_EF_THUA_UP_002,PowerOfLightning,雷威力+2%,_NOT_SPECIFIED_,0,_NOT_SPECIFIED_,2
ROLE_EF_THUA_UP_003,PowerOfLightning,雷威力+3%,_NOT_SPECIFIED_,0,_NOT_SPECIFIED_,3
ROLE_EF_THUA_UP_004,PowerOfLightning,雷威力+4%,_NOT_SPECIFIED_,0,_NOT_SPECIFIED_,4
ROLE_EF_THUA_UP_005,PowerOfLightning,雷威力+5%,_NOT_SPECIFIED_,0,_NOT_SPECIFIED_,5
ROLE_EF_THUA_UP_006,PowerOfLightning,雷威力+6%,_NOT_SPECIFIED_,0,_NOT_SPECIFIED_,6
ROLE_EF_THUA_UP_007,PowerOfLightning,雷威力+7%,_NOT_SPECIFIED_,0,_NOT_SPECIFIED_,7
ROLE_EF_THUA_UP_008,PowerOfLightning,雷威力+8%,_NOT_SPECIFIED_,0,_NOT_SPECIFIED_,8
ROLE_EF_THUA_UP_009,PowerOfLightning,雷威力+9%,_NOT_SPECIFIED_,0,_NOT_SPECIFIED_,9
ROLE_EF_THUA_UP_010,PowerOfLightning,雷威力+10%,_NOT_SPECIFIED_,0,_NOT_SPECIFIED_,10
ROLE_EF_ZDTA_UP_001,PowerOfPhysic,斬打突威力+1%,_NOT_SPECIFIED_,0,_NOT_SPECIFIED_,1
ROLE_EF_ZDTA_UP_002,PowerOfPhysic,斬打突威力+2%,_NOT_SPECIFIED_,0,_NOT_SPECIFIED_,2
ROLE_EF_ZDTA_UP_003,PowerOfPhysic,斬打突威力+3%,_NOT_SPECIFIED_,0,_NOT_SPECIFIED_,3
ROLE_EF_ZDTA_UP_004,PowerOfPhysic,斬打突威力+4%,_NOT_SPECIFIED_,0,_NOT_SPECIFIED_,4
ROLE_EF_ZDTA_UP_005,PowerOfPhysic,斬打突威力+5%,_NOT_SPECIFIED_,0,_NOT_SPECIFIED_,5
ROLE_EF_ZDTA_DOWN_010,PowerOfPhysic,斬打突威力-10%,_NOT_SPECIFIED_,0,_NOT_SPECIFIED_,-10
ROLE_EF_HCTA_UP_001,PowerOfElement,熱冷雷威力+1%,_NOT_SPECIFIED_,0,_NOT_SPECIFIED_,1
ROLE_EF_HCTA_UP_002,PowerOfElement,熱冷雷威力+2%,_NOT_SPECIFIED_,0,_NOT_SPECIFIED_,2
ROLE_EF_HCTA_UP_003,PowerOfElement,熱冷雷威力+3%,_NOT_SPECIFIED_,0,_NOT_SPECIFIED_,3
ROLE_EF_HCTA_UP_004,PowerOfElement,熱冷雷威力+4%,_NOT_SPECIFIED_,0,_NOT_SPECIFIED_,4
ROLE_EF_HCTA_UP_005,PowerOfElement,熱冷雷威力+5%,_NOT_SPECIFIED_,0,_NOT_SPECIFIED_,5
ROLE_EF_ALLA_UP_001,PowerOfAll,全威力+1%,_NOT_SPECIFIED_,0,_NOT_SPECIFIED_,1
ROLE_EF_ALLA_UP_002,PowerOfAll,全威力+2%,_NOT_SPECIFIED_,0,_NOT_SPECIFIED_,2
ROLE_EF_ALLA_UP_003,PowerOfAll,全威力+3%,_NOT_SPECIFIED_,0,_NOT_SPECIFIED_,3
ROLE_EF_ALLOA_UP_001,PowerOfAlltoAlly,味方の全威力+1%,_NOT_SPECIFIED_,0,_NOT_SPECIFIED_,1
ROLE_EF_ALLOA_UP_002,PowerOfAlltoAlly,味方の全威力+2%,_NOT_SPECIFIED_,0,_NOT_SPECIFIED_,2
ROLE_EF_ALLOA_UP_003,PowerOfAlltoAlly,味方の全威力+3%,_NOT_SPECIFIED_,0,_NOT_SPECIFIED_,3
ROLE_EF_MAGA_UP_001,MagicAttack,術威力+1%,_NOT_SPECIFIED_,0,_NOT_SPECIFIED_,1
ROLE_EF_MAGA_UP_002,MagicAttack,術威力+2%,_NOT_SPECIFIED_,0,_NOT_SPECIFIED_,2
ROLE_EF_MAGA_UP_003,MagicAttack,術威力+3%,_NOT_SPECIFIED_,0,_NOT_SPECIFIED_,3
ROLE_EF_MAGA_UP_004,MagicAttack,術威力+4%,_NOT_SPECIFIED_,0,_NOT_SPECIFIED_,4
ROLE_EF_MAGA_UP_005,MagicAttack,術威力+5%,_NOT_SPECIFIED_,0,_NOT_SPECIFIED_,5
ROLE_EF_MAGA_UP_006,MagicAttack,術威力+6%,_NOT_SPECIFIED_,0,_NOT_SPECIFIED_,6
ROLE_EF_MAGA_UP_007,MagicAttack,術威力+7%,_NOT_SPECIFIED_,0,_NOT_SPECIFIED_,7
ROLE_EF_MAGA_UP_008,MagicAttack,術威力+8%,_NOT_SPECIFIED_,0,_NOT_SPECIFIED_,8
ROLE_EF_MAGA_UP_009,MagicAttack,術威力+9%,_NOT_SPECIFIED_,0,_NOT_SPECIFIED_,9
ROLE_EF_MAGA_UP_010,MagicAttack,術威力+10%,_NOT_SPECIFIED_,0,_NOT_SPECIFIED_,10
ROLE_EF_ZAND_UP_001,ResOfSlash,斬耐性+1%,_NOT_SPECIFIED_,0,_NOT_SPECIFIED_,1
ROLE_EF_ZAND_UP_002,ResOfSlash,斬耐性+2%,_NOT_SPECIFIED_,0,_NOT_SPECIFIED_,2
ROLE_EF_ZAND_UP_003,ResOfSlash,斬耐性+3%,_NOT_SPECIFIED_,0,_NOT_SPECIFIED_,3
ROLE_EF_ZAND_UP_004,ResOfSlash,斬耐性+4%,_NOT_SPECIFIED_,0,_NOT_SPECIFIED_,4
ROLE_EF_ZAND_UP_005,ResOfSlash,斬耐性+5%,_NOT_SPECIFIED_,0,_NOT_SPECIFIED_,5
ROLE_EF_ZAND_UP_006,ResOfSlash,斬耐性+6%,_NOT_SPECIFIED_,0,_NOT_SPECIFIED_,6
ROLE_EF_ZAND_UP_007,ResOfSlash,斬耐性+7%,_NOT_SPECIFIED_,0,_NOT_SPECIFIED_,7
ROLE_EF_ZAND_UP_008,ResOfSlash,斬耐性+8%,_NOT_SPECIFIED_,0,_NOT_SPECIFIED_,8
ROLE_EF_ZAND_UP_009,ResOfSlash,斬耐性+9%,_NOT_SPECIFIED_,0,_NOT_SPECIFIED_,9
ROLE_EF_ZAND_UP_010,ResOfSlash,斬耐性+10%,_NOT_SPECIFIED_,0,_NOT_SPECIFIED_,10
ROLE_EF_ZAND_UP_011,ResOfSlash,斬耐性+11%,_NOT_SPECIFIED_,0,_NOT_SPECIFIED_,11
ROLE_EF_ZAND_UP_012,ResOfSlash,斬耐性+12%,_NOT_SPECIFIED_,0,_NOT_SPECIFIED_,12
ROLE_EF_ZAND_UP_013,ResOfSlash,斬耐性+13%,_NOT_SPECIFIED_,0,_NOT_SPECIFIED_,13
ROLE_EF_ZAND_UP_014,ResOfSlash,斬耐性+14%,_NOT_SPECIFIED_,0,_NOT_SPECIFIED_,14
ROLE_EF_ZAND_UP_015,ResOfSlash,斬耐性+15%,_NOT_SPECIFIED_,0,_NOT_SPECIFIED_,15
ROLE_EF_DAD_UP_001,ResOfStrike,打耐性+1%,_NOT_SPECIFIED_,0,_NOT_SPECIFIED_,1
ROLE_EF_DAD_UP_002,ResOfStrike,打耐性+2%,_NOT_SPECIFIED_,0,_NOT_SPECIFIED_,2
ROLE_EF_DAD_UP_003,ResOfStrike,打耐性+3%,_NOT_SPECIFIED_,0,_NOT_SPECIFIED_,3
ROLE_EF_DAD_UP_004,ResOfStrike,打耐性+4%,_NOT_SPECIFIED_,0,_NOT_SPECIFIED_,4
ROLE_EF_DAD_UP_005,ResOfStrike,打耐性+5%,_NOT_SPECIFIED_,0,_NOT_SPECIFIED_,5
ROLE_EF_DAD_UP_006,ResOfStrike,打耐性+6%,_NOT_SPECIFIED_,0,_NOT_SPECIFIED_,6
ROLE_EF_DAD_UP_007,ResOfStrike,打耐性+7%,_NOT_SPECIFIED_,0,_NOT_SPECIFIED_,7
ROLE_EF_DAD_UP_008,ResOfStrike,打耐性+8%,_NOT_SPECIFIED_,0,_NOT_SPECIFIED_,8
ROLE_EF_DAD_UP_009,ResOfStrike,打耐性+9%,_NOT_SPECIFIED_,0,_NOT_SPECIFIED_,9
ROLE_EF_DAD_UP_010,ResOfStrike,打耐性+10%,_NOT_SPECIFIED_,0,_NOT_SPECIFIED_,10
ROLE_EF_DAD_UP_011,ResOfStrike,打耐性+11%,_NOT_SPECIFIED_,0,_NOT_SPECIFIED_,11
ROLE_EF_DAD_UP_012,ResOfStrike,打耐性+12%,_NOT_SPECIFIED_,0,_NOT_SPECIFIED_,12
ROLE_EF_DAD_UP_013,ResOfStrike,打耐性+13%,_NOT_SPECIFIED_,0,_NOT_SPECIFIED_,13
ROLE_EF_DAD_UP_014,ResOfStrike,打耐性+14%,_NOT_SPECIFIED_,0,_NOT_SPECIFIED_,14
ROLE_EF_DAD_UP_015,ResOfStrike,打耐性+15%,_NOT_SPECIFIED_,0,_NOT_SPECIFIED_,15
ROLE_EF_TOTD_UP_001,ResOfStab,突耐性+1%,_NOT_SPECIFIED_,0,_NOT_SPECIFIED_,1
ROLE_EF_TOTD_UP_002,ResOfStab,突耐性+2%,_NOT_SPECIFIED_,0,_NOT_SPECIFIED_,2
ROLE_EF_TOTD_UP_003,ResOfStab,突耐性+3%,_NOT_SPECIFIED_,0,_NOT_SPECIFIED_,3
ROLE_EF_TOTD_UP_004,ResOfStab,突耐性+4%,_NOT_SPECIFIED_,0,_NOT_SPECIFIED_,4
ROLE_EF_TOTD_UP_005,ResOfStab,突耐性+5%,_NOT_SPECIFIED_,0,_NOT_SPECIFIED_,5
ROLE_EF_TOTD_UP_006,ResOfStab,突耐性+6%,_NOT_SPECIFIED_,0,_NOT_SPECIFIED_,6
ROLE_EF_TOTD_UP_007,ResOfStab,突耐性+7%,_NOT_SPECIFIED_,0,_NOT_SPECIFIED_,7
ROLE_EF_TOTD_UP_008,ResOfStab,突耐性+8%,_NOT_SPECIFIED_,0,_NOT_SPECIFIED_,8
ROLE_EF_TOTD_UP_009,ResOfStab,突耐性+9%,_NOT_SPECIFIED_,0,_NOT_SPECIFIED_,9
ROLE_EF_TOTD_UP_010,ResOfStab,突耐性+10%,_NOT_SPECIFIED_,0,_NOT_SPECIFIED_,10
ROLE_EF_TOTD_UP_011,ResOfStab,突耐性+11%,_NOT_SPECIFIED_,0,_NOT_SPECIFIED_,11
ROLE_EF_TOTD_UP_012,ResOfStab,突耐性+12%,_NOT_SPECIFIED_,0,_NOT_SPECIFIED_,12
ROLE_EF_TOTD_UP_013,ResOfStab,突耐性+13%,_NOT_SPECIFIED_,0,_NOT_SPECIFIED_,13
ROLE_EF_TOTD_UP_014,ResOfStab,突耐性+14%,_NOT_SPECIFIED_,0,_NOT_SPECIFIED_,14
ROLE_EF_TOTD_UP_015,ResOfStab,突耐性+15%,_NOT_SPECIFIED_,0,_NOT_SPECIFIED_,15
ROLE_EF_HEAD_UP_001,ResOfFire,熱耐性+1%,_NOT_SPECIFIED_,0,_NOT_SPECIFIED_,1
ROLE_EF_HEAD_UP_002,ResOfFire,熱耐性+2%,_NOT_SPECIFIED_,0,_NOT_SPECIFIED_,2
ROLE_EF_HEAD_UP_003,ResOfFire,熱耐性+3%,_NOT_SPECIFIED_,0,_NOT_SPECIFIED_,3
ROLE_EF_HEAD_UP_004,ResOfFire,熱耐性+4%,_NOT_SPECIFIED_,0,_NOT_SPECIFIED_,4
ROLE_EF_HEAD_UP_005,ResOfFire,熱耐性+5%,_NOT_SPECIFIED_,0,_NOT_SPECIFIED_,5
ROLE_EF_HEAD_UP_006,ResOfFire,熱耐性+6%,_NOT_SPECIFIED_,0,_NOT_SPECIFIED_,6
ROLE_EF_HEAD_UP_007,ResOfFire,熱耐性+7%,_NOT_SPECIFIED_,0,_NOT_SPECIFIED_,7
ROLE_EF_HEAD_UP_008,ResOfFire,熱耐性+8%,_NOT_SPECIFIED_,0,_NOT_SPECIFIED_,8
ROLE_EF_HEAD_UP_009,ResOfFire,熱耐性+9%,_NOT_SPECIFIED_,0,_NOT_SPECIFIED_,9
ROLE_EF_HEAD_UP_010,ResOfFire,熱耐性+10%,_NOT_SPECIFIED_,0,_NOT_SPECIFIED_,10
ROLE_EF_HEAD_UP_011,ResOfFire,熱耐性+11%,_NOT_SPECIFIED_,0,_NOT_SPECIFIED_,11
ROLE_EF_HEAD_UP_012,ResOfFire,熱耐性+12%,_NOT_SPECIFIED_,0,_NOT_SPECIFIED_,12
ROLE_EF_HEAD_UP_013,ResOfFire,熱耐性+13%,_NOT_SPECIFIED_,0,_NOT_SPECIFIED_,13
ROLE_EF_HEAD_UP_014,ResOfFire,熱耐性+14%,_NOT_SPECIFIED_,0,_NOT_SPECIFIED_,14
ROLE_EF_HEAD_UP_015,ResOfFire,熱耐性+15%,_NOT_SPECIFIED_,0,_NOT_SPECIFIED_,15
ROLE_EF_HEAD_UP_030,ResOfFire,熱耐性+30%,_NOT_SPECIFIED_,0,_NOT_SPECIFIED_,30
ROLE_EF_HEAD_UP_050,ResOfFire,熱耐性+50%,_NOT_SPECIFIED_,0,_NOT_SPECIFIED_,50
ROLE_EF_COLD_UP_001,ResOfIce,冷耐性+1%,_NOT_SPECIFIED_,0,_NOT_SPECIFIED_,1
ROLE_EF_COLD_UP_002,ResOfIce,冷耐性+2%,_NOT_SPECIFIED_,0,_NOT_SPECIFIED_,2
ROLE_EF_COLD_UP_003,ResOfIce,冷耐性+3%,_NOT_SPECIFIED_,0,_NOT_SPECIFIED_,3
ROLE_EF_COLD_UP_004,ResOfIce,冷耐性+4%,_NOT_SPECIFIED_,0,_NOT_SPECIFIED_,4
ROLE_EF_COLD_UP_005,ResOfIce,冷耐性+5%,_NOT_SPECIFIED_,0,_NOT_SPECIFIED_,5
ROLE_EF_COLD_UP_006,ResOfIce,冷耐性+6%,_NOT_SPECIFIED_,0,_NOT_SPECIFIED_,6
ROLE_EF_COLD_UP_007,ResOfIce,冷耐性+7%,_NOT_SPECIFIED_,0,_NOT_SPECIFIED_,7
ROLE_EF_COLD_UP_008,ResOfIce,冷耐性+8%,_NOT_SPECIFIED_,0,_NOT_SPECIFIED_,8
ROLE_EF_COLD_UP_009,ResOfIce,冷耐性+9%,_NOT_SPECIFIED_,0,_NOT_SPECIFIED_,9
ROLE_EF_COLD_UP_010,ResOfIce,冷耐性+10%,_NOT_SPECIFIED_,0,_NOT_SPECIFIED_,10
ROLE_EF_COLD_UP_011,ResOfIce,冷耐性+11%,_NOT_SPECIFIED_,0,_NOT_SPECIFIED_,11
ROLE_EF_COLD_UP_012,ResOfIce,冷耐性+12%,_NOT_SPECIFIED_,0,_NOT_SPECIFIED_,12
ROLE_EF_COLD_UP_013,ResOfIce,冷耐性+13%,_NOT_SPECIFIED_,0,_NOT_SPECIFIED_,13
ROLE_EF_COLD_UP_014,ResOfIce,冷耐性+14%,_NOT_SPECIFIED_,0,_NOT_SPECIFIED_,14
ROLE_EF_COLD_UP_015,ResOfIce,冷耐性+15%,_NOT_SPECIFIED_,0,_NOT_SPECIFIED_,15
ROLE_EF_COLD_UP_030,ResOfIce,冷耐性+30%,_NOT_SPECIFIED_,0,_NOT_SPECIFIED_,30
ROLE_EF_COLD_UP_050,ResOfIce,冷耐性+50%,_NOT_SPECIFIED_,0,_NOT_SPECIFIED_,50
ROLE_EF_THUD_UP_001,ResOfLightning,雷耐性+1%,_NOT_SPECIFIED_,0,_NOT_SPECIFIED_,1
ROLE_EF_THUD_UP_002,ResOfLightning,雷耐性+2%,_NOT_SPECIFIED_,0,_NOT_SPECIFIED_,2
ROLE_EF_THUD_UP_003,ResOfLightning,雷耐性+3%,_NOT_SPECIFIED_,0,_NOT_SPECIFIED_,3
ROLE_EF_THUD_UP_004,ResOfLightning,雷耐性+4%,_NOT_SPECIFIED_,0,_NOT_SPECIFIED_,4
ROLE_EF_THUD_UP_005,ResOfLightning,雷耐性+5%,_NOT_SPECIFIED_,0,_NOT_SPECIFIED_,5
ROLE_EF_THUD_UP_006,ResOfLightning,雷耐性+6%,_NOT_SPECIFIED_,0,_NOT_SPECIFIED_,6
ROLE_EF_THUD_UP_007,ResOfLightning,雷耐性+7%,_NOT_SPECIFIED_,0,_NOT_SPECIFIED_,7
ROLE_EF_THUD_UP_008,ResOfLightning,雷耐性+8%,_NOT_SPECIFIED_,0,_NOT_SPECIFIED_,8
ROLE_EF_THUD_UP_009,ResOfLightning,雷耐性+9%,_NOT_SPECIFIED_,0,_NOT_SPECIFIED_,9
ROLE_EF_THUD_UP_010,ResOfLightning,雷耐性+10%,_NOT_SPECIFIED_,0,_NOT_SPECIFIED_,10
ROLE_EF_THUD_UP_011,ResOfLightning,雷耐性+11%,_NOT_SPECIFIED_,0,_NOT_SPECIFIED_,11
ROLE_EF_THUD_UP_012,ResOfLightning,雷耐性+12%,_NOT_SPECIFIED_,0,_NOT_SPECIFIED_,12
ROLE_EF_THUD_UP_013,ResOfLightning,雷耐性+13%,_NOT_SPECIFIED_,0,_NOT_SPECIFIED_,13
ROLE_EF_THUD_UP_014,ResOfLightning,雷耐性+14%,_NOT_SPECIFIED_,0,_NOT_SPECIFIED_,14
ROLE_EF_THUD_UP_015,ResOfLightning,雷耐性+15%,_NOT_SPECIFIED_,0,_NOT_SPECIFIED_,15
ROLE_EF_THUD_UP_030,ResOfLightning,雷耐性+30%,_NOT_SPECIFIED_,0,_NOT_SPECIFIED_,30
ROLE_EF_THUD_UP_050,ResOfLightning,雷耐性+50%,_NOT_SPECIFIED_,0,_NOT_SPECIFIED_,50
ROLE_EF_ZDTD_UP_001,ResOfPhysic,斬打突耐性+1%,_NOT_SPECIFIED_,0,_NOT_SPECIFIED_,1
ROLE_EF_ZDTD_UP_002,ResOfPhysic,斬打突耐性+2%,_NOT_SPECIFIED_,0,_NOT_SPECIFIED_,2
ROLE_EF_ZDTD_UP_003,ResOfPhysic,斬打突耐性+3%,_NOT_SPECIFIED_,0,_NOT_SPECIFIED_,3
ROLE_EF_ZDTD_UP_004,ResOfPhysic,斬打突耐性+4%,_NOT_SPECIFIED_,0,_NOT_SPECIFIED_,4
ROLE_EF_ZDTD_UP_005,ResOfPhysic,斬打突耐性+5%,_NOT_SPECIFIED_,0,_NOT_SPECIFIED_,5
ROLE_EF_ZDTD_UP_006,ResOfPhysic,斬打突耐性+6%,_NOT_SPECIFIED_,0,_NOT_SPECIFIED_,6
ROLE_EF_ZDTD_UP_007,ResOfPhysic,斬打突耐性+7%,_NOT_SPECIFIED_,0,_NOT_SPECIFIED_,7
ROLE_EF_ZDTD_UP_008,ResOfPhysic,斬打突耐性+8%,_NOT_SPECIFIED_,0,_NOT_SPECIFIED_,8
ROLE_EF_ZDTD_UP_009,ResOfPhysic,斬打突耐性+9%,_NOT_SPECIFIED_,0,_NOT_SPECIFIED_,9
ROLE_EF_ZDTD_UP_010,ResOfPhysic,斬打突耐性+10%,_NOT_SPECIFIED_,0,_NOT_SPECIFIED_,10
ROLE_EF_ZDTD_UP_011,ResOfPhysic,斬打突耐性+11%,_NOT_SPECIFIED_,0,_NOT_SPECIFIED_,11
ROLE_EF_ZDTD_UP_012,ResOfPhysic,斬打突耐性+12%,_NOT_SPECIFIED_,0,_NOT_SPECIFIED_,12
ROLE_EF_ZDTD_UP_013,ResOfPhysic,斬打突耐性+13%,_NOT_SPECIFIED_,0,_NOT_SPECIFIED_,13
ROLE_EF_ZDTD_UP_014,ResOfPhysic,斬打突耐性+14%,_NOT_SPECIFIED_,0,_NOT_SPECIFIED_,14
ROLE_EF_ZDTD_UP_015,ResOfPhysic,斬打突耐性+15%,_NOT_SPECIFIED_,0,_NOT_SPECIFIED_,15
ROLE_EF_HCTD_UP_001,ResOfElement,熱冷雷耐性+1%,_NOT_SPECIFIED_,0,_NOT_SPECIFIED_,1
ROLE_EF_HCTD_UP_002,ResOfElement,熱冷雷耐性+2%,_NOT_SPECIFIED_,0,_NOT_SPECIFIED_,2
ROLE_EF_HCTD_UP_003,ResOfElement,熱冷雷耐性+3%,_NOT_SPECIFIED_,0,_NOT_SPECIFIED_,3
ROLE_EF_HCTD_UP_004,ResOfElement,熱冷雷耐性+4%,_NOT_SPECIFIED_,0,_NOT_SPECIFIED_,4
ROLE_EF_HCTD_UP_005,ResOfElement,熱冷雷耐性+5%,_NOT_SPECIFIED_,0,_NOT_SPECIFIED_,5
ROLE_EF_HCTD_UP_006,ResOfElement,熱冷雷耐性+6%,_NOT_SPECIFIED_,0,_NOT_SPECIFIED_,6
ROLE_EF_HCTD_UP_007,ResOfElement,熱冷雷耐性+7%,_NOT_SPECIFIED_,0,_NOT_SPECIFIED_,7
ROLE_EF_HCTD_UP_008,ResOfElement,熱冷雷耐性+8%,_NOT_SPECIFIED_,0,_NOT_SPECIFIED_,8
ROLE_EF_HCTD_UP_009,ResOfElement,熱冷雷耐性+9%,_NOT_SPECIFIED_,0,_NOT_SPECIFIED_,9
ROLE_EF_HCTD_UP_010,ResOfElement,熱冷雷耐性+10%,_NOT_SPECIFIED_,0,_NOT_SPECIFIED_,10
ROLE_EF_HCTD_UP_011,ResOfElement,熱冷雷耐性+11%,_NOT_SPECIFIED_,0,_NOT_SPECIFIED_,11
ROLE_EF_HCTD_UP_012,ResOfElement,熱冷雷耐性+12%,_NOT_SPECIFIED_,0,_NOT_SPECIFIED_,12
ROLE_EF_HCTD_UP_013,ResOfElement,熱冷雷耐性+13%,_NOT_SPECIFIED_,0,_NOT_SPECIFIED_,13
ROLE_EF_HCTD_UP_014,ResOfElement,熱冷雷耐性+14%,_NOT_SPECIFIED_,0,_NOT_SPECIFIED_,14
ROLE_EF_HCTD_UP_015,ResOfElement,熱冷雷耐性+15%,_NOT_SPECIFIED_,0,_NOT_SPECIFIED_,15
ROLE_EF_HCTD_UP_020,ResOfElement,熱冷雷耐性+20%,_NOT_SPECIFIED_,0,_NOT_SPECIFIED_,20
ROLE_EF_ALLD_UP_001,ResOfAll,全耐性+1%,_NOT_SPECIFIED_,0,_NOT_SPECIFIED_,1
ROLE_EF_ALLD_UP_002,ResOfAll,全耐性+2%,_NOT_SPECIFIED_,0,_NOT_SPECIFIED_,2
ROLE_EF_ALLD_UP_003,ResOfAll,全耐性+3%,_NOT_SPECIFIED_,0,_NOT_SPECIFIED_,3
ROLE_EF_ALLD_UP_004,ResOfAll,全耐性+4%,_NOT_SPECIFIED_,0,_NOT_SPECIFIED_,4
ROLE_EF_ALLD_UP_005,ResOfAll,全耐性+5%,_NOT_SPECIFIED_,0,_NOT_SPECIFIED_,5
ROLE_EF_ALLOD_UP_001,ResOfAlltoAlly,味方の全耐性+1%,_NOT_SPECIFIED_,0,_NOT_SPECIFIED_,1
ROLE_EF_ALLOD_UP_002,ResOfAlltoAlly,味方の全耐性+2%,_NOT_SPECIFIED_,0,_NOT_SPECIFIED_,2
ROLE_EF_ALLOD_UP_003,ResOfAlltoAlly,味方の全耐性+3%,_NOT_SPECIFIED_,0,_NOT_SPECIFIED_,3
ROLE_EF_ALLOD_UP_004,ResOfAlltoAlly,味方の全耐性+4%,_NOT_SPECIFIED_,0,_NOT_SPECIFIED_,4
ROLE_EF_ALLOD_UP_005,ResOfAlltoAlly,味方の全耐性+5%,_NOT_SPECIFIED_,0,_NOT_SPECIFIED_,5
ROLE_EF_TARGETALL_UP_001,ResOfTargetAll,全体攻撃耐性+1%,_NOT_SPECIFIED_,0,_NOT_SPECIFIED_,1
ROLE_EF_TARGETALL_UP_002,ResOfTargetAll,全体攻撃耐性+2%,_NOT_SPECIFIED_,0,_NOT_SPECIFIED_,2
ROLE_EF_TARGETALL_UP_003,ResOfTargetAll,全体攻撃耐性+3%,_NOT_SPECIFIED_,0,_NOT_SPECIFIED_,3
ROLE_EF_TARGETALL_UP_004,ResOfTargetAll,全体攻撃耐性+4%,_NOT_SPECIFIED_,0,_NOT_SPECIFIED_,4
ROLE_EF_TARGETALL_UP_005,ResOfTargetAll,全体攻撃耐性+5%,_NOT_SPECIFIED_,0,_NOT_SPECIFIED_,5
ROLE_EF_TARGETALL_UP_006,ResOfTargetAll,全体攻撃耐性+6%,_NOT_SPECIFIED_,0,_NOT_SPECIFIED_,6
ROLE_EF_TARGETALL_UP_007,ResOfTargetAll,全体攻撃耐性+7%,_NOT_SPECIFIED_,0,_NOT_SPECIFIED_,7
ROLE_EF_TARGETALL_UP_008,ResOfTargetAll,全体攻撃耐性+8%,_NOT_SPECIFIED_,0,_NOT_SPECIFIED_,8
ROLE_EF_TARGETALL_UP_009,ResOfTargetAll,全体攻撃耐性+9%,_NOT_SPECIFIED_,0,_NOT_SPECIFIED_,9
ROLE_EF_TARGETALL_UP_010,ResOfTargetAll,全体攻撃耐性+10%,_NOT_SPECIFIED_,0,_NOT_SPECIFIED_,10
ROLE_EF_TARGETALL_UP_011,ResOfTargetAll,全体攻撃耐性+11%,_NOT_SPECIFIED_,0,_NOT_SPECIFIED_,11
ROLE_EF_TARGETALL_UP_012,ResOfTargetAll,全体攻撃耐性+12%,_NOT_SPECIFIED_,0,_NOT_SPECIFIED_,12
ROLE_EF_TARGETALL_UP_013,ResOfTargetAll,全体攻撃耐性+13%,_NOT_SPECIFIED_,0,_NOT_SPECIFIED_,13
ROLE_EF_TARGETALL_UP_014,ResOfTargetAll,全体攻撃耐性+14%,_NOT_SPECIFIED_,0,_NOT_SPECIFIED_,14
ROLE_EF_TARGETALL_UP_015,ResOfTargetAll,全体攻撃耐性+15%,_NOT_SPECIFIED_,0,_NOT_SPECIFIED_,15
ROLE_EF_TARGETALL_UP_020,ResOfTargetAll,全体攻撃耐性+20%,_NOT_SPECIFIED_,0,_NOT_SPECIFIED_,20
ROLE_EF_MAGD_UP_001,ResOfMagic,術耐性+1%,_NOT_SPECIFIED_,0,_NOT_SPECIFIED_,1
ROLE_EF_MAGD_UP_002,ResOfMagic,術耐性+2%,_NOT_SPECIFIED_,0,_NOT_SPECIFIED_,2
ROLE_EF_MAGD_UP_003,ResOfMagic,術耐性+3%,_NOT_SPECIFIED_,0,_NOT_SPECIFIED_,3
ROLE_EF_MAGD_UP_004,ResOfMagic,術耐性+4%,_NOT_SPECIFIED_,0,_NOT_SPECIFIED_,4
ROLE_EF_MAGD_UP_005,ResOfMagic,術耐性+5%,_NOT_SPECIFIED_,0,_NOT_SPECIFIED_,5
ROLE_EF_MAGD_UP_006,ResOfMagic,術耐性+6%,_NOT_SPECIFIED_,0,_NOT_SPECIFIED_,6
ROLE_EF_MAGD_UP_007,ResOfMagic,術耐性+7%,_NOT_SPECIFIED_,0,_NOT_SPECIFIED_,7
ROLE_EF_MAGD_UP_008,ResOfMagic,術耐性+8%,_NOT_SPECIFIED_,0,_NOT_SPECIFIED_,8
ROLE_EF_MAGD_UP_009,ResOfMagic,術耐性+9%,_NOT_SPECIFIED_,0,_NOT_SPECIFIED_,9
ROLE_EF_MAGD_UP_010,ResOfMagic,術耐性+10%,_NOT_SPECIFIED_,0,_NOT_SPECIFIED_,10
ROLE_EF_MAGD_UP_011,ResOfMagic,術耐性+11%,_NOT_SPECIFIED_,0,_NOT_SPECIFIED_,11
ROLE_EF_MAGD_UP_012,ResOfMagic,術耐性+12%,_NOT_SPECIFIED_,0,_NOT_SPECIFIED_,12
ROLE_EF_MAGD_UP_013,ResOfMagic,術耐性+13%,_NOT_SPECIFIED_,0,_NOT_SPECIFIED_,13
ROLE_EF_MAGD_UP_014,ResOfMagic,術耐性+14%,_NOT_SPECIFIED_,0,_NOT_SPECIFIED_,14
ROLE_EF_MAGD_UP_015,ResOfMagic,術耐性+15%,_NOT_SPECIFIED_,0,_NOT_SPECIFIED_,15
ROLE_EF_MAGD_UP_020,ResOfMagic,術耐性+20%,_NOT_SPECIFIED_,0,_NOT_SPECIFIED_,20
ROLE_EF_MAGD_UP_025,ResOfMagic,術耐性+25%,_NOT_SPECIFIED_,0,_NOT_SPECIFIED_,25
ROLE_EF_MAGD_UP_030,ResOfMagic,術耐性+30%,_NOT_SPECIFIED_,0,_NOT_SPECIFIED_,30
ROLE_EF_ZAND_DOWN_005,ResOfSlash,斬耐性-5%,_NOT_SPECIFIED_,0,_NOT_SPECIFIED_,-5
ROLE_EF_ZAND_DOWN_010,ResOfSlash,斬耐性-10%,_NOT_SPECIFIED_,0,_NOT_SPECIFIED_,-10
ROLE_EF_ZAND_DOWN_015,ResOfSlash,斬耐性-15%,_NOT_SPECIFIED_,0,_NOT_SPECIFIED_,-15
ROLE_EF_ZAND_DOWN_020,ResOfSlash,斬耐性-20%,_NOT_SPECIFIED_,0,_NOT_SPECIFIED_,-20
ROLE_EF_DAD_DOWN_005,ResOfStrike,打耐性-5%,_NOT_SPECIFIED_,0,_NOT_SPECIFIED_,-5
ROLE_EF_DAD_DOWN_010,ResOfStrike,打耐性-10%,_NOT_SPECIFIED_,0,_NOT_SPECIFIED_,-10
ROLE_EF_DAD_DOWN_015,ResOfStrike,打耐性-15%,_NOT_SPECIFIED_,0,_NOT_SPECIFIED_,-15
ROLE_EF_DAD_DOWN_020,ResOfStrike,打耐性-20%,_NOT_SPECIFIED_,0,_NOT_SPECIFIED_,-20
ROLE_EF_TOTD_DOWN_005,ResOfStab,突耐性-5%,_NOT_SPECIFIED_,0,_NOT_SPECIFIED_,-5
ROLE_EF_TOTD_DOWN_010,ResOfStab,突耐性-10%,_NOT_SPECIFIED_,0,_NOT_SPECIFIED_,-10
ROLE_EF_TOTD_DOWN_015,ResOfStab,突耐性-15%,_NOT_SPECIFIED_,0,_NOT_SPECIFIED_,-15
ROLE_EF_TOTD_DOWN_020,ResOfStab,突耐性-20%,_NOT_SPECIFIED_,0,_NOT_SPECIFIED_,-20
ROLE_EF_HEAD_DOWN_005,ResOfFire,熱耐性-5%,_NOT_SPECIFIED_,0,_NOT_SPECIFIED_,-5
ROLE_EF_HEAD_DOWN_010,ResOfFire,熱耐性-10%,_NOT_SPECIFIED_,0,_NOT_SPECIFIED_,-10
ROLE_EF_HEAD_DOWN_015,ResOfFire,熱耐性-15%,_NOT_SPECIFIED_,0,_NOT_SPECIFIED_,-15
ROLE_EF_HEAD_DOWN_020,ResOfFire,熱耐性-20%,_NOT_SPECIFIED_,0,_NOT_SPECIFIED_,-20
ROLE_EF_COLD_DOWN_005,ResOfIce,冷耐性-5%,_NOT_SPECIFIED_,0,_NOT_SPECIFIED_,-5
ROLE_EF_COLD_DOWN_010,ResOfIce,冷耐性-10%,_NOT_SPECIFIED_,0,_NOT_SPECIFIED_,-10
ROLE_EF_COLD_DOWN_015,ResOfIce,冷耐性-15%,_NOT_SPECIFIED_,0,_NOT_SPECIFIED_,-15
ROLE_EF_COLD_DOWN_020,ResOfIce,冷耐性-20%,_NOT_SPECIFIED_,0,_NOT_SPECIFIED_,-20
ROLE_EF_THUD_DOWN_005,ResOfLightning,雷耐性-5%,_NOT_SPECIFIED_,0,_NOT_SPECIFIED_,-5
ROLE_EF_THUD_DOWN_010,ResOfLightning,雷耐性-10%,_NOT_SPECIFIED_,0,_NOT_SPECIFIED_,-10
ROLE_EF_THUD_DOWN_015,ResOfLightning,雷耐性-15%,_NOT_SPECIFIED_,0,_NOT_SPECIFIED_,-15
ROLE_EF_THUD_DOWN_020,ResOfLightning,雷耐性-20%,_NOT_SPECIFIED_,0,_NOT_SPECIFIED_,-20
ROLE_EF_ZDTD_DOWN_003,ResOfPhysic,斬打突耐性-3%,_NOT_SPECIFIED_,0,_NOT_SPECIFIED_,-3
ROLE_EF_ZDTD_DOWN_006,ResOfPhysic,斬打突耐性-6%,_NOT_SPECIFIED_,0,_NOT_SPECIFIED_,-6
ROLE_EF_ZDTD_DOWN_009,ResOfPhysic,斬打突耐性-9%,_NOT_SPECIFIED_,0,_NOT_SPECIFIED_,-9
ROLE_EF_ZDTD_DOWN_012,ResOfPhysic,斬打突耐性-12%,_NOT_SPECIFIED_,0,_NOT_SPECIFIED_,-12
ROLE_EF_HCTD_DOWN_003,ResOfElement,熱冷雷耐性-3%,_NOT_SPECIFIED_,0,_NOT_SPECIFIED_,-3
ROLE_EF_HCTD_DOWN_006,ResOfElement,熱冷雷耐性-6%,_NOT_SPECIFIED_,0,_NOT_SPECIFIED_,-6
ROLE_EF_HCTD_DOWN_009,ResOfElement,熱冷雷耐性-9%,_NOT_SPECIFIED_,0,_NOT_SPECIFIED_,-9
ROLE_EF_HCTD_DOWN_012,ResOfElement,熱冷雷耐性-12%,_NOT_SPECIFIED_,0,_NOT_SPECIFIED_,-12
ROLE_EF_ALLD_DOWN_001,ResOfAll,全耐性-1%,_NOT_SPECIFIED_,0,_NOT_SPECIFIED_,-1
ROLE_EF_ALLD_DOWN_002,ResOfAll,全耐性-2%,_NOT_SPECIFIED_,0,_NOT_SPECIFIED_,-2
ROLE_EF_ALLD_DOWN_003,ResOfAll,全耐性-3%,_NOT_SPECIFIED_,0,_NOT_SPECIFIED_,-3
ROLE_EF_ALLD_DOWN_004,ResOfAll,全耐性-4%,_NOT_SPECIFIED_,0,_NOT_SPECIFIED_,-4
ROLE_EF_ALLD_DOWN_005,ResOfAll,全耐性-5%,_NOT_SPECIFIED_,0,_NOT_SPECIFIED_,-5
ROLE_EF_ALLD_DOWN_006,ResOfAll,全耐性-6%,_NOT_SPECIFIED_,0,_NOT_SPECIFIED_,-6
ROLE_EF_ALLD_DOWN_009,ResOfAll,全耐性-9%,_NOT_SPECIFIED_,0,_NOT_SPECIFIED_,-9
ROLE_EF_ALLD_DOWN_012,ResOfAll,全耐性-12%,_NOT_SPECIFIED_,0,_NOT_SPECIFIED_,-12
ROLE_EF_ALLOD_DOWN_003,ResOfAlltoAlly,味方の全耐性-3%,_NOT_SPECIFIED_,0,_NOT_SPECIFIED_,-3
ROLE_EF_ALLOD_DOWN_006,ResOfAlltoAlly,味方の全耐性-6%,_NOT_SPECIFIED_,0,_NOT_SPECIFIED_,-6
ROLE_EF_ALLOD_DOWN_009,ResOfAlltoAlly,味方の全耐性-9%,_NOT_SPECIFIED_,0,_NOT_SPECIFIED_,-9
ROLE_EF_ALLOD_DOWN_012,ResOfAlltoAlly,味方の全耐性-12%,_NOT_SPECIFIED_,0,_NOT_SPECIFIED_,-12
ROLE_EF_MAGD_DOWN_005,ResOfMagic,術耐性-5%,_NOT_SPECIFIED_,0,_NOT_SPECIFIED_,-3
ROLE_EF_MAGD_DOWN_010,ResOfMagic,術耐性-10%,_NOT_SPECIFIED_,0,_NOT_SPECIFIED_,-6
ROLE_EF_MAGD_DOWN_015,ResOfMagic,術耐性-15%,_NOT_SPECIFIED_,0,_NOT_SPECIFIED_,-9
ROLE_EF_MAGD_DOWN_020,ResOfMagic,術耐性-20%,_NOT_SPECIFIED_,0,_NOT_SPECIFIED_,-12
ROLE_EF_BOTTOMUPHP,BottomUpHP,HP底上げ効果,_NOT_SPECIFIED_,0,_NOT_SPECIFIED_,0
ROLE_EF_BOTTOMUPPARAMETER,BottomUpParameter,能力値底上げ効果,_NOT_SPECIFIED_,0,_NOT_SPECIFIED_,0
ROLE_EF_BOTTOMUPGOGYO,BottomUpGogyo,五行レベル底上げ効果,_NOT_SPECIFIED_,0,_NOT_SPECIFIED_,0
ROLE_EF_BOTTOMUPSKILLLV,BottomUpSkillLv,スキルレベル底上げ効果,_NOT_SPECIFIED_,0,_NOT_SPECIFIED_,0
ROLE_EF_GROWPARAMETER_1,GrowParameter,能力値成長アップ小,_NOT_SPECIFIED_,0,_NOT_SPECIFIED_,3
ROLE_EF_GROWPARAMETER_2,GrowParameter,能力値成長アップ,_NOT_SPECIFIED_,0,_NOT_SPECIFIED_,5
ROLE_EF_GROWPARAMETER_3,GrowParameter,能力値成長アップ大,_NOT_SPECIFIED_,0,_NOT_SPECIFIED_,8
ROLE_EF_GROWARTSRANK_1,GrowArtsRank,技ランク成長アップ,_NOT_SPECIFIED_,0,_NOT_SPECIFIED_,50
ROLE_EF_001,OverAttackRateStart,始動時に連携率+3%,_NOT_SPECIFIED_,0,_NOT_SPECIFIED_,3
ROLE_EF_002,OverAttackRateStart,始動時に連携率+2%,_NOT_SPECIFIED_,0,_NOT_SPECIFIED_,2
ROLE_EF_003,OverAttackRateEnd,終了時に連携率+5%,_NOT_SPECIFIED_,0,_NOT_SPECIFIED_,5
ROLE_EF_004,ResOfAll,予備1,_NOT_SPECIFIED_,0,_NOT_SPECIFIED_,4
ROLE_EF_005,ResOfAll,予備1,_NOT_SPECIFIED_,0,_NOT_SPECIFIED_,5
ROLE_EF_006,ResOfAll,予備1,_NOT_SPECIFIED_,0,_NOT_SPECIFIED_,6
ROLE_EF_007,ResOfAll,予備1,_NOT_SPECIFIED_,0,_NOT_SPECIFIED_,7
ROLE_EF_008,ResOfAll,予備1,_NOT_SPECIFIED_,0,_NOT_SPECIFIED_,8
ROLE_EF_009,ResOfAll,予備1,_NOT_SPECIFIED_,0,_NOT_SPECIFIED_,9
ROLE_EF_010,ResOfAll,予備1,_NOT_SPECIFIED_,0,_NOT_SPECIFIED_,10
ROLE_EF_011,ResOfAll,予備1,_NOT_SPECIFIED_,0,_NOT_SPECIFIED_,11
ROLE_EF_012,ResOfAll,予備1,_NOT_SPECIFIED_,0,_NOT_SPECIFIED_,12
ROLE_EF_013,ResOfAll,予備1,_NOT_SPECIFIED_,0,_NOT_SPECIFIED_,13
ROLE_EF_014,ResOfAll,予備1,_NOT_SPECIFIED_,0,_NOT_SPECIFIED_,14
ROLE_EF_015,ResOfAll,予備1,_NOT_SPECIFIED_,0,_NOT_SPECIFIED_,15
ROLE_EF_016,ResOfAll,予備1,_NOT_SPECIFIED_,0,_NOT_SPECIFIED_,16
ROLE_EF_017,ResOfAll,予備1,_NOT_SPECIFIED_,0,_NOT_SPECIFIED_,17
ROLE_EF_018,ResOfAll,予備1,_NOT_SPECIFIED_,0,_NOT_SPECIFIED_,18
ROLE_EF_019,ResOfAll,予備1,_NOT_SPECIFIED_,0,_NOT_SPECIFIED_,19
ROLE_EF_020,ResOfAll,予備1,_NOT_SPECIFIED_,0,_NOT_SPECIFIED_,20
ROLE_EF_021,ResOfAll,予備1,_NOT_SPECIFIED_,0,_NOT_SPECIFIED_,21
ROLE_EF_022,ResOfAll,予備1,_NOT_SPECIFIED_,0,_NOT_SPECIFIED_,22
ROLE_EF_023,ResOfAll,予備1,_NOT_SPECIFIED_,0,_NOT_SPECIFIED_,23
ROLE_EF_024,ResOfAll,予備1,_NOT_SPECIFIED_,0,_NOT_SPECIFIED_,24
ROLE_EF_025,ResOfAll,予備1,_NOT_SPECIFIED_,0,_NOT_SPECIFIED_,25
ROLE_EF_026,ResOfAll,予備1,_NOT_SPECIFIED_,0,_NOT_SPECIFIED_,26
ROLE_EF_027,ResOfAll,予備1,_NOT_SPECIFIED_,0,_NOT_SPECIFIED_,27
ROLE_EF_028,ResOfAll,予備1,_NOT_SPECIFIED_,0,_NOT_SPECIFIED_,28
ROLE_EF_029,ResOfAll,予備1,_NOT_SPECIFIED_,0,_NOT_SPECIFIED_,29
ROLE_EF_030,ResOfAll,予備1,_NOT_SPECIFIED_,0,_NOT_SPECIFIED_,30
ROLE_EF_031,ResOfAll,予備1,_NOT_SPECIFIED_,0,_NOT_SPECIFIED_,31
ROLE_EF_032,ResOfAll,予備1,_NOT_SPECIFIED_,0,_NOT_SPECIFIED_,32
ROLE_EF_033,ResOfAll,予備1,_NOT_SPECIFIED_,0,_NOT_SPECIFIED_,33
ROLE_EF_034,ResOfAll,予備1,_NOT_SPECIFIED_,0,_NOT_SPECIFIED_,34
ROLE_EF_035,ResOfAll,予備1,_NOT_SPECIFIED_,0,_NOT_SPECIFIED_,35
ROLE_EF_036,ResOfAll,予備1,_NOT_SPECIFIED_,0,_NOT_SPECIFIED_,36
ROLE_EF_037,ResOfAll,予備1,_NOT_SPECIFIED_,0,_NOT_SPECIFIED_,37
ROLE_EF_038,ResOfAll,予備1,_NOT_SPECIFIED_,0,_NOT_SPECIFIED_,38
ROLE_EF_039,ResOfAll,予備1,_NOT_SPECIFIED_,0,_NOT_SPECIFIED_,39
ROLE_EF_040,ResOfAll,予備1,_NOT_SPECIFIED_,0,_NOT_SPECIFIED_,40
ROLE_EF_041,ResOfAll,予備1,_NOT_SPECIFIED_,0,_NOT_SPECIFIED_,41
ROLE_EF_042,ResOfAll,予備1,_NOT_SPECIFIED_,0,_NOT_SPECIFIED_,42
ROLE_EF_043,ResOfAll,予備1,_NOT_SPECIFIED_,0,_NOT_SPECIFIED_,43
ROLE_EF_044,ResOfAll,予備1,_NOT_SPECIFIED_,0,_NOT_SPECIFIED_,44
ROLE_EF_045,ResOfAll,予備1,_NOT_SPECIFIED_,0,_NOT_SPECIFIED_,45
ROLE_EF_046,ResOfAll,予備1,_NOT_SPECIFIED_,0,_NOT_SPECIFIED_,46
ROLE_EF_047,ResOfAll,予備1,_NOT_SPECIFIED_,0,_NOT_SPECIFIED_,47
ROLE_EF_048,ResOfAll,予備1,_NOT_SPECIFIED_,0,_NOT_SPECIFIED_,48
ROLE_EF_049,ResOfAll,予備1,_NOT_SPECIFIED_,0,_NOT_SPECIFIED_,49
ROLE_EF_050,ResOfAll,予備1,_NOT_SPECIFIED_,0,_NOT_SPECIFIED_,50